Lemma,POS,future_active,aorist_active,perfect_active,perfect_middle,future_passive
ἀγαθοποιέω,verb,,ἀγαθοεποίησα,,,
ἀγαλλιάω,verb,,ἠγαλλίασα,,,ἀγαλλιαθήσομαι
ἀγανακτέω,verb,,ἠγανάκτησα,,,
ἀγαπάω,verb,,,ἠγαπήκα,ἠγάπημαι,ἀγαπηθήσομαι
ἀγγαρεύω,verb,ἀγγαρεύσω,ἠγγάρευσα,,,
ἁγιάζω,verb,,ἡγίασα,,ἡγίασμαι,ἁγιασθήσομαι
ἁγνίζω,verb,,ἥγνισα,ἥγνικα,ἥγνισμαι,ἁγνισθήσομαι
ἀγνοέω,verb,,ἠγνόησα,,,
ἀγοράζω,verb,,,,ἠγόρασμαι,ἁγορασθήσομαι
ἀγρεύω,verb,,ἤγρευσα,,,
ἄγω,verb,ἄξω,ἤγαγον,,,ἀχθήσομαι
ἀδικέω,verb,ἀδικήσω,,,,ἀδικηθήσομαι
ἀδυνατέω,verb,ἀδυνατήσω,,,,
ἀθετέω,verb,,ἠθέτησα,,,
ἀθλέω,verb,,ἤθλησα,,,
ἀθροίζω,verb,,,,ἤθροισμαι,
αἱρέω,verb,αἱρήσομαι,εἱλάμην,,,
αἴρω,verb,,ἦρα,ἦρκα,ἤρμαι,ἀρθήσομαι
αἰσθάνομαι,verb,,ᾐσθόμην,,,
αἰτέω,verb,αἰτήσω,ᾔτησα,ᾔτηκα,,
αἰχμαλωτεύω,verb,,ᾐχμαλώτευσα,,,
αἰχμαλωτίζω,verb,,,,,αἰχμαλωτισθήσομαι
ἀκμάζω,verb,,ἤκμασα,,,
ἀκολουθέω,verb,,ἠκολούθησα,ἠκολούθηκα,,
ἀκούω,verb,ἀκούσω,,ἀκήκοα,,ἀκουσθήσομαι
ἀκριβόω,verb,,ἠκρίβωσα,,,
ἀκυρόω,verb,,ἠκύρωσα,,,
ἀλείφω,verb,,ἤλειψα,,,
ἁλίζω,verb,,,,,ἁλισθήσομαι
ἀλλάσσω,verb,ἀλλάξω,ἤλλαξα,,,ἀλλαγήσομαι
ἅλλομαι,verb,,ἡλάμην,,,
ἁμαρτάνω,verb,ἁμαρτήσω,,ἡμάρτηκα,,
ἀμάω,verb,,ἤμασα,,,
ἀμύνω,verb,,ἠμυνάμην,,,
ἀμφιέννυμι,verb,,,,ἠμφίεσμαι,
ἀναβαίνω,verb,ἀναβήσομαι,,,,
ἀναβάλλω,verb,,ἀνέβαλον,,,
ἀναβιβάζω,verb,,ἀνεβίβασα,,,
ἀναβοάω,verb,,ἀνεβόησα,,,
ἀναγγέλλω,verb,ἀναγγελῶ,ἀνήγγειλον,,,ἀναγγελήσομαι
ἀναγεννάω,verb,,ἀνεγέννησα,,ἀναγεγέννημαι,
ἀναγινώσκω,verb,,ἀνέγνωσα,,,ἀναγνωσθήσομαι
ἀναγκάζω,verb,,ἠνάγκασα,,,ἀναγκασθήσομαι
ἀναγνωρίζω,verb,,,,,ἀναγνωρισθήσομαι
ἀνάγω,verb,,ἀνήγαγον,,,ἀναχθήσομαι
ἀναδείκνυμι,verb,,ἀνέδειξα,,,
ἀναδέχομαι,verb,,ἀνεδεξάμην,,,
ἀναδίδωμι,verb,,ἀνέδωκα,,,
ἀναζάω,verb,,ἀνέζησα,,,
ἀναζητέω,verb,,ἀνεζήτησα,,,
ἀναζώννυμι,verb,,ἀνέζωσα,,,
ἀναθάλλω,verb,,ἀνέθαλον,,,
ἀναθεματίζω,verb,,ἀνεθεμάτισα,,,
ἀναιρέω,verb,ἀνελῶ,ἀνεῖλα,,,ἀναιρεθήσομαι
ἀνακαθίζω,verb,,ἀνεκάθισα,,,
ἀνακαλύπτω,verb,,,,ἀνακεκάλυμμαι,
ἀνακάμπτω,verb,,ἀνέκαμψα,,,
ἀνακεφαλαιόομαι,verb,,ἀνεκεφαλαίωσα,,,
ἀνακλίνω,verb,ἀνακλινῶ,ἀνέκλινα,,,ἀνακλιθήσομαι
ἀνακράζω,verb,,ἀνέκραξα,,,
ἀνακρίνω,verb,,ἀνέκρινα,,,ἀνακριθήσομαι
ἀνακύπτω,verb,,ἀνέκυψα,,,
ἀναλαμβάνω,verb,,ἀνέλαβον,,,ἀναλημφθήσομαι
ἀναλίσκω,verb,,ἀνέλωσα,,,ἀναλωθήσομαι
ἀναλογίζομαι,verb,,ἀνελογισάμην,,,
ἀναλύω,verb,,ἀνέλυσα,,,
ἀναμιμνῄσκω,verb,ἀναμνήσω,,,,ἀναμνησθήσομαι
ἀνανήφω,verb,,ἀνένηψα,,,
ἀναπαύω,verb,,ἀνέπαυσα,,ἀναπέπαυμαι,ἀναπαήσομαι
ἀναπηδάω,verb,,ἀνεπήδησα,,,
ἀναπίπτω,verb,,ἀνέπεσα,,,
ἀναπληρόω,verb,ἀναπληρώσω,ἀνεπλήρωσα,,,
ἀναπτύσσω,verb,,ἀνέπτυξα,,,
ἀνάπτω,verb,,,,,ἀναφθήσομαι
ἀνασείω,verb,,ἀνέσεισα,,,
ἀνασπάω,verb,ἀνασπάσω,,,,ἀνασπασθήσομαι
ἀναστατόω,verb,,ἀνεστάτωσα,,,
ἀναστενάζω,verb,,ἀνεστέναξα,,,
ἀναστρέφω,verb,,ἀνέστρεψα,,,ἀναστραφήσομαι
ἀνατάσσω,verb,,ἀνεταξάμην,,,
ἀνατέλλω,verb,,ἀνέτειλον,ἀνατέταλκα,,
ἀνατίθημι,verb,,ἀνέθηκα,,,
ἀνατρέφω,verb,,ἀνέθρεψα,,ἀνατέθραμμαι,ἀνατραφήσομαι
ἀναφαίνω,verb,,ἀνέφανα,,,
ἀναφέρω,verb,,ἀνήνεγκα,,,
ἀναφωνέω,verb,,ἀνεφώνησα,,,
ἀναχωρέω,verb,,ἀνεχώρησα,,,
ἀναψύχω,verb,,ἀνέψυξα,,,
ἀνευρίσκω,verb,,ἀνεῦρον,,,
ἀνέχω,verb,ἀνέξομαι,ἀνέσχον,,,
ἀνίημι,verb,,ἀνῆκα,,,ἀνεθήσομαι
ἀνθίστημι,verb,,ἀντέστησα/ἀντέστην,ἀνθέστηκα,,
ἀνίστημι,verb,,ἀνέστησα/ἀνέστην,,,
ἀνοίγω,verb,,ἤνοιξα,ἀνέῳγα,ἠνέῳγμαι,ἀνεῳχθήσομαι
ἀνορθόω,verb,,ἀνώρθωσα,,,ἀνορθωθήσομαι
ἀνταποδίδωμι,verb,,ἀνταπέδωκα,,,ἀνταποδοθήσομαι
ἀνταποκρίνομαι,verb,,,,,ἀνταποκριθήσομαι
ἀντέχω,verb,ἀνθέξομαι,,,,
ἀντικαθίστημι,verb,,ἀντικατέστην,,,
ἀντικαλέω,verb,,ἀντεκάλεσα,,,
ἀντιλαμβάνω,verb,,ἀνέλαβον,,,
ἀντιλέγω,verb,,ἀντεῖπον,,,
ἀντιμετρέω,verb,,,,,ἀντιμετρηθήσομαι
ἀντιπαρέρχομαι,verb,,ἀντιπαρῆλθον,,,
ἀντλέω,verb,,ἤντλησα,ἤντληκα,,
ἀξιόω,verb,,,,ἠξίωμαι,ἀξιωθήσομαι
ἀπαγγέλλω,verb,,ἀπήγγειλον,,,ἀπαγγελήσομαι
ἀπάγχω,verb,,ἀπηγξάμην,,,
ἀπάγω,verb,,ἀπήγαγον,,,ἀπαχθήσομαι
ἀπαίρω,verb,,,,,ἀπαρθήσομαι
ἀπαλγέω,verb,,,ἀπήλγηκα,,
ἀπαλλάσσω,verb,,ἀπηλλαξάμην,,ἀπήλλαμαι,
ἀπαλλοτριόω,verb,,,,ἀπηλλοτρίωμαι,
ἀπαντάω,verb,ἀπαντήσω,ἀπήντησα,,,
ἀπαρνέομαι,verb,ἀπαρνήσομαι,ἀπηρνησάμην,,,ἀπαρνηθήσομαι
ἀπατάω,verb,,,,,ἀπατηθήσομαι
ἀπειθέω,verb,,ἠπείθησα,,,
ἀπειλέω,verb,,ἠπείλησα,,,
ἀπεκδύομαι,verb,,ἀπεκεδυσάμην,,,
ἀπελαύνω,verb,,ἀπήλασα,,,
ἀπέρχομαι,verb,ἀπελεύσομαι,,ἀπελήλυθα,,
ἀπέχω,verb,,ἀπέσχον,,,
ἀπιστέω,verb,,ἠπίστησα,,,
ἀποβαίνω,verb,ἀποβήσομαι,ἀπέβησα,,,
ἀποβάλλω,verb,,ἀπέβαλον,,,
ἀπογίνομαι,verb,,ἀπεγενόμην,,,
ἀπογράφω,verb,,ἀπέγραψα,,ἀπογέγραμμαι,
ἀποδείκνυμι,verb,,ἀπέδειξα,,ἀποδέδειγμαι,
ἀποδέχομαι,verb,,ἀπεδεξάμην,,,
ἀποδημέω,verb,,ἀπεδήμησα,,,
ἀποδίδωμι,verb,,ἀπέδωκα,,,ἀποδοθήσομαι
ἀποδοκιμάζω,verb,,ἀπεδοκίμασα,,ἀποδεδοκίμασμαι,ἀποδοκιμασθήσομαι
ἀποθνῄσκω,verb,ἀποθανοῦμαι,,,,
ἀποκαθίστημι,verb,ἀποκαταστήσω,ἀπεκατέστην,,,ἀποκατασταθήσομαι
ἀποκαλύπτω,verb,ἀποκαλύψω,ἀπεκάλυψα,,,ἀποκαλυφθήσομαι
ἀποκαταλλάσσω,verb,,ἀποκατέλλαξα,,,ἀποκαταλλαγήσομαι
ἀποκλείω,verb,,ἀπέκλεισα,,,
ἀποκόπτω,verb,ἀποκόψω,ἀπέκοψα,,,
ἀποκρίνω,verb,,ἀπεκρινάμην,,,ἀποκριθήσομαι
ἀποκρύπτω,verb,,ἀπέκρυψα,,ἀποκέκρυμμαι,
ἀποκτείνω,verb,,ἀπέκτεινα,,,ἀποκτανθήσομαι
ἀποκυέω,verb,,ἀπεκύησα,,,
ἀποκυλίω,verb,ἀποκυλίσω,ἀπεκύλισα,,ἀποκεκύλισμαι,
ἀπολαμβάνω,verb,ἀπολήμψομαι,ἀπέλαβον,,,
ἀπολέγω,verb,,ἀπείπον,,,
ἀπολείπω,verb,,,,ἀπολέλυμαι,
ἀπόλλυμι,verb,,,ἀπολώλεκα,,
ἀπολογέομαι,verb,,ἀπελογησάμην,,,ἀπολογηθήσομαι
ἀπολούω,verb,,ἀπέλουσα,,,
ἀπολύω,verb,,ἀπέλυσα,,ἀπολέλυμαι,ἀπολυθήσομαι
ἀπονίπτω,verb,,ἀπένιψα,,,
ἀποπίπτω,verb,,ἀπέπεσα,,,
ἀποπλανάω,verb,,,,,ἀποπλανηθήσομαι
ἀποπλέω,verb,,ἀπέπλευσα,,,
ἀποπνίγω,verb,,ἀπέπνιξα,,,ἀποπνιγήσομαι
ἀπορίπτω,verb,,ἀπέρριψα,,,
ἀπορφανίζω,verb,,,,,ἀπορφανισθήσομαι
ἀποσπάω,verb,,ἀπέσπασα,,,ἀποσπασθήσομαι
ἀποστεγάζω,verb,,ἀπεστέγασα,,,
ἀποστέλλω,verb,,,,ἀπέσταλμαι,ἀποσταλήσομαι
ἀποστερέω,verb,,ἀπεστέρησα,,ἀπεστέρημαι,
ἀποστρέφω,verb,ἀποστρέψω,ἀπέστρεψα,,,ἀποστραφήσομαι
ἀποτάσσω,verb,,ἀπεταξάμην,,,
ἀποτελέω,verb,,,,,ἀποτελεσθήσομαι
ἀποτίθημι,verb,,ἀπέθηκα,,,
ἀποτινάσσω,verb,,ἀπετίναξα,,,
ἀποφέρω,verb,,ἀπήνεγκα,,,ἀπενεχθήσομαι
ἀποφεύγω,verb,,ἀπέφυγον,,,
ἀποφθέγγομαι,verb,,ἀπεφθεγξάμην,,,
ἀποχωρέω,verb,,ἀπεχώρησα,,,
ἀποχωρίζω,verb,,,,,ἀποχωρισθήσομαι
ἅπτω,verb,,ἥψα,,,
ἀπωθέω,verb,,ἀπώσα,,,
ἀρέσκω,verb,,ἤρεσα,,,
ἀριθμέω,verb,,ἠρίθμησα,,ἠρίθμημαι,
ἀριστάω,verb,,ἠρίστησα,,,
ἀρκέω,verb,,ἤρκεσα,,,ἀρκεσθήσομαι
ἁρμόζω,verb,,ἥρμοσα,,,
ἀρνέομαι,verb,ἀρνήσομαι,ἠρνησάμην,,ἤρνημαι,
ἁρπάζω,verb,ἁρπάσω,ἥρπασα,,,ἁρπαγήσομαι
ἀρτύω,verb,ἀρτύσω,,,ἤρτυμαι,ἀρτυθήσομαι
ἄρχω,verb,,ἠρξάμην,,,
ἀσεβέω,verb,,ἠσέβησα,,,
ἀσθενέω,verb,,,ἠσθένηκα,,
ἀσπάζομαι,verb,,ἠσπασάμην,,,
ἀστοχέω,verb,,ἠστόχησα,,,
ἀσφαλίζω,verb,,ἠσφάλισα,,,ἀσφαλισθήσομαι
ἀτακτέω,verb,,ἠτάκτησα,,,
ἀτενίζω,verb,,ἠτένισα,,,
ἀτιμάζω,verb,,ἠτίμασα,,,ἀτιμασθήσομαι
αὐγάζω,verb,,ηὔγασα,,,
αὐλέω,verb,,ηὔλησα,,,
αὐλίζομαι,verb,,,,,αὐλισθήσομαι
αὐξάνω,verb,αὐξήσω,ηὔξησα,,,αὐξηθήσομαι
ἀφαιρέω,verb,ἀφελῶ,ἀφεῖλον,,,ἀφαιρεθήσομαι
ἀφανίζω,verb,,,,,ἀφανισθήσομαι
ἀφίημι,verb,,,,ἀφέωμαι,ἀφεθήσομαι
ἀφικνέομαι,verb,,ἀφικόμην,,,
ἀφίστημι,verb,ἀποστήσομαι,ἀπέστησα/ἀπέστην,,,
ἀφομοιόω,verb,,,,ἀφωμοίωμαι,
ἀφοράω,verb,,ἀπεῖδον,,,
ἀφορίζω,verb,ἀφοριῶ,ἀφώρισα,,ἀφώρισμαι,ἀφορισθήσομαι
ἀφυπνόω,verb,,ἀφύπνωσα,,,
ἀφυστερέω,verb,,,,ἀφυστέρημαι,
ἀχρειόω,verb,,,,,ἀχρεωθήσομαι
βαθύνω,verb,,ἐβάθυνον,,,
βάλλω,verb,βαλῶ,ἔβαλον,βέβληκα,βέβλημαι,βληθήσομαι
βαπτίζω,verb,βαπτίσω,,,βεβάπτισμαι,βαπτισθήσομαι
βάπτω,verb,,ἔβαψα,,βέβαμμαι,
βαρέω,verb,,,,βεβάρημαι,βαρηθήσομαι
βασανίζω,verb,,ἐβασάνισα,,,βασανισθήσομαι
βασιλεύω,verb,βασιλεύσω,ἐβασίλευσα,,,
βασκαίνω,verb,,ἐβάσκανον,,,
βαστάζω,verb,βαστάσω,ἐβάστασα,,,
βατταλογέω,verb,,ἐβατταλόγησα,,,
βδελύσσομαι,verb,,,,ἐβδέλυγμαι,
βεβαιόω,verb,βεβαιώσω,ἐβεβαίωσα,,,βεβαιωθήσομαι
βεβηλόω,verb,,ἐβεβήλωσα,,,
βιβρώσκω,verb,,,βέβρωκα,,
βιόω,verb,,ἐβίωσα,,,
βλάπτω,verb,,ἐβλαψα,,,
βλαστάνω,verb,,ἐβλάστησα,,,
βλασφημέω,verb,,ἐβλασφήμησα,,,βλασφημηθήσομαι
βλέπω,verb,βλέψω,,,,
βοάω,verb,,ἐβόησα,,,
βολίζω,verb,,ἐβόλισα,,,
βουλεύω,verb,βουλεύσω,ἐβούλευσα,,,
βούλομαι,verb,,,,,βουληθήσομαι
βρέχω,verb,,ἔβρεξον,,,
γαμέω,verb,,,γεγάμηκα,,γαμηθήσομαι
γελάω,verb,γελάσω,,,,
γεμίζω,verb,,ἐγέμισα,,,γεμισθήσομαι
γεννάω,verb,γεννήσω,,,γεγέννημαι,γεννηθήσομαι
γεύω,verb,γεύσω,ἔγευσα,,,
γηράσκω,verb,,ἐγήρασα,,,
γίνομαι,verb,γενήσομαι,ἐγενόμην,,γεγένημαι,γενηθήσομαι
γινώσκω,verb,γνώσομαι,,,ἔγνωσμαι,γνωσθήσομαι
γνωρίζω,verb,,,,,γνωρισθήσομαι
γογγύζω,verb,,ἐγόγγυσα,,,
γονυπετέω,verb,,ἐγονυπέτησα,,,
γράφω,verb,,,,γέγραμμαι,γραφήσομαι
γρηγορέω,verb,,ἐγρηγόρησα,,,
γυμνάζω,verb,,,,γεγύμνασμαι,
δαιμονίζομαι,verb,,,,,δαιμονισθήσομαι
δακρύω,verb,,ἐδάκρυσα,,,
δαμάζω,verb,,ἐδάμασα,,δεδάμασμαι,
δανείζω,verb,,ἐδάνισα,,,
δαπανάω,verb,,ἐδαπάνησα,,,
δειγματίζω,verb,,ἐδειγμάτισα,,,
δείκνυμι,verb,,,,,δειχθήσομαι
δειπνέω,verb,,ἐδείπνησα,,,
δεκατόω,verb,,,δεδεκάτωκα,δεδεκάτωμαι,
δέρω,verb,,ἔδειρα,,,δαρήσομαι
δέχομαι,verb,,ἐδεξάμην,,δέδεγμαι,
δέω,verb,δήσω,ἔδησα,δέδεμαι,δέδεμαι,δεηθήσομαι
δηλόω,verb,δηλώσω,ἐδήλωσα,,,δηλωθήσομαι
διαβαίνω,verb,,διέβην,,,
διαβάλλω,verb,,,,,διαβληθήσομαι
διαβλέπω,verb,διαβλέψω,διέβλεψα,,,
διαγγέλλω,verb,,,,,ἀγγελήσομαι
διαγίνομαι,verb,,διεγενόμην,,,
διαγινώσκω,verb,διαγνώσομαι,,,,
διαγρηγορέω,verb,,διεγρηγόρησα,,,
διαδέχομαι,verb,,διεδεξάμην,,,
διαδίδωμι,verb,,διέδωκα,,,
διαζώννυμι,verb,,διέζωσα,,διέζωσμαι,
διαιρέω,verb,,διεῖλον,,,
διακαθαίρω,verb,,διακαθῆρα,,,
διακαθαρίζω,verb,διακαθαριῶ,,,,
διακονέω,verb,διακονήσω,διηκόνησα,,,διακονηθήσομαι
διακούω,verb,διακούσω,,,,
διακρίνω,verb,,διέκρινα,,,διακριθήσομαι
διαλέγω,verb,,διέλεξα,,,διαλεχθήσομαι
διαλείπω,verb,,διέλιπον,,,
διαλλάσσω,verb,,,,,διαλλαγηθήσομαι
διαλύω,verb,,,,,διαλυθήσομαι
διαμαρτύρομαι,verb,,διεμαρτυρόμην,,,
διαμένω,verb,,διέμεινα,διαμεμένηκα,,
διαμερίζω,verb,,διεμέρισα,,διαμεμέρισμαι,διαμερισθήσομαι
διανέμω,verb,,,,,διανεμηθήσομαι
διανοίγω,verb,,διήνοιξα,,διήνοιγμαι,διανοιχθήσομαι
διανύω,verb,,διένυσα,,,
διαπεράω,verb,,διεπέρασα,,,
διαπλέω,verb,,διέπλευσα,,,
διαπονέω,verb,,,,,διαπονηθήσομαι
διαπραγματεύομαι,verb,,διεπραγμάτευσα,,,
διαρπάζω,verb,διαρπάσω,διήρπασα,,,
διαρρήγνυμι,verb,,διέρρηξα,,,
διασαφέω,verb,,διεσάφησα,,,
διασείω,verb,,διέσεισα,,,
διασκορπίζω,verb,,,,διεσκόρπισμαι,διασκορπισθήσομαι
διασπάω,verb,,,,διέσπασμαι,διασπασθήσομαι
διασπείρω,verb,,,,,διασπαρήσομαι
διαστέλλω,verb,,διεστειλάμην,,,
διαστρέφω,verb,,διέστρεψα,,διέστραμμαι,
διαταράσσω,verb,,,,,διαταραχθήσομαι
διατάσσω,verb,διατάξω,,διατέταχα,διατέταγμαι,διαταχθήσομαι/διαταγήσομαι
διατίθημι,verb,διαθήσομαι,διεθέμην,,,
διατρίβω,verb,,διέτριψα,,,
διαυγάζω,verb,,διηύγησα,,,
διαφέρω,verb,,διήνεγκα,,,
διαφεύγω,verb,,διέφυγον,,,
διαφημίζω,verb,,διεφήμισα,,,διαφημισθήσομαι
διαφθείρω,verb,,διέφθειρα,,διέφθαρμαι,διαφθαρήσομαι
διαφυλάσσω,verb,,διεφύλαξα,,,
διαχειρίζω,verb,,διεχείρισα,,,
διδάσκω,verb,διδάξω,,,,διδαχθήσομαι
δίδωμι,verb,,,,δέδομαι,δοθήσομαι
διεγείρω,verb,,διήγειρα,,,διεγερθήσομαι
διερμηνεύω,verb,,διερμήνευσα,,,
διέρχομαι,verb,διελεύσομαι,,διελήλυθα,,
διερωτάω,verb,,διηρώτησα,,,
διηγέομαι,verb,διηγήσομαι,διηγησάμην,,,
διΐστημι,verb,,διέστησα/διέστην,,,
δικαιόω,verb,δικαιώσω,ἐδικαίωσα,,δεδικαίωμαι,δικαιωθήσομαι
διοδεύω,verb,,διώδευσα,,,
διορύσσω,verb,,,,,διορυχθήσομαι
διπλόω,verb,,ἐδίπλωσα,,,
διστάζω,verb,,ἐδίστασα,,,
διχάζω,verb,,ἐδίχασα,,,
διχοτομέω,verb,διχοτομήσω,,,,
διψάω,verb,διψήσω,,,,
διώκω,verb,διώξω,,,δεδίωγμαι,διωχθήσομαι
δοκιμάζω,verb,δοκιμάσω,ἐδοκίμασα,,δεδοκίμασμαι,
δοξάζω,verb,,,,δεδόξασμαι,δοξασθήσομαι
δουλεύω,verb,δουλεύσω,ἐδούλευσα,δεδούλευκα,,
δουλόω,verb,δουλώσω,,,δεδούλωμαι,δουλωθήσομαι
δύναμαι,verb,δυνήσομαι,,,,δυνηθήσομαι
δυναμόω,verb,,,,,δυναμωθήσομαι
δύνω,verb,,ἔδυν,,,
δωρέω,verb,,ἐδώρησα,,δεδώρημαι,
ἐάω,verb,ἐάσω,εἴασα,,,
ἐγγίζω,verb,ἐγγιῶ,ἤγγισα,ἤγγικα,,
ἐγγράφω,verb,,,,ἐγγέγραμμαι,
ἐγείρω,verb,,ἤγειρα,,ἐγήγερμαι,ἐγερθήσομαι
ἐγκαινίζω,verb,,ἐνεκαίνισα,,ἐγκεκαίνισμαι,
ἐγκακέω,verb,,ἐνεκάκησα,,,
ἐγκαλέω,verb,ἐγκαλέσω,,,,
ἐγκαταλείπω,verb,ἐγκαταλείψω,ἐγκατέλιπον,,,ἐγκαταλειφθήσομαι
ἐγκεντρίζω,verb,,ἐνεκέντρισα,,,ἐγκεντρισθήσομαι
ἐγκομβόομαι,verb,,ἐνεκόμβωσα,,,
ἐγκόπτω,verb,,ἐνέκοψα,,,
ἐγκρίνω,verb,,ἐνέρινα,,,
ἐγκρύπτω,verb,,ἐνέκρυψα,,,
ἐγχρίω,verb,,ἐνέχρισα,,,
ἐδαφίζω,verb,ἐδαφιῶ,,,,
ἐθίζω,verb,,,,εἴθισμαι,
ἔθω,verb,,,εἴωθα,,
εἰμί,verb,ἔσομαι,,,,
εἴκω,verb,,εἴξα,,,
εἰρηνοποιέω,verb,,εἰρηνοποίησα,,,
εἰσάγω,verb,,εἰσήγαγον,,,
εἰσακούω,verb,εἰσακούσω,,,,εἰσακουσθήσομαι
εἰσδέχομαι,verb,εἰσδέξομαι,,,,
εἰσέρχομαι,verb,εἰσελεύσομαι,,εἰσελήλυθα,,
εἰσκαλέω,verb,,εἰσεκάλεσα,,,
εἰσπηδάω,verb,,εἰσεπήδησα,,,
εἰστρέχω,verb,,εἰσέδραμον,,,
εἰσφέρω,verb,,εἰσήνεγκα,,,
ἐκβαίνω,verb,,ἐξέβησα,,,
ἐκβάλλω,verb,ἐκβαλῶ,ἐξέβαλον,ἐκβέβληκα,,ἐκβληθήσομαι
ἐκδημέω,verb,,ἐξεδήμησα,,,
ἐκδίδωμι,verb,ἐκδώσω,ἐξέδωκα,,,
ἐκδικέω,verb,,ἐξεδίκησα,,,
ἐκδιώκω,verb,,ἐξεδίωξα,,,
ἐκδύω,verb,,ἐξέδυσα,,,
ἐκζητέω,verb,,ἐξεζήτησα,,,ἐκζητηθήσομαι
ἐκθαμβέω,verb,,,,,ἐκθαμβηθήσομαι
ἐκκαθαίρω,verb,,ἐξεκάθηρα,,,
ἐκκαίω,verb,,,,,ἐκκαυθήσομαι
ἐκκεντέω,verb,,ἐξεκέντησα,,,
ἐκκλάω,verb,,,,,ἐκκλασθήσομαι
ἐκκλείω,verb,,ἐξέκλεισα,,,ἐκκλεισθήσομαι
ἐκκλίνω,verb,,ἐξέκλινα,,,
ἐκκολυμβάω,verb,,ἐξεκολύμβησα,,,
ἐκκόπτω,verb,ἐκκόψω,ἐξέκοψα,,,ἐκκοπήσομαι
ἐκκρέμαμαι,verb,,ἐξεκρεμάμην,,,
ἐκλαλέω,verb,,ἐξελάλησα,,,
ἐκλάμπω,verb,ἐκλάμψω,,,,
ἐκλανθάνω,verb,,,,ἐκλέλησμαι,
ἐκλέγω,verb,,ἐξελεξάμην,,ἐκλέλεγμαι,
ἐκλείπω,verb,ἐκλείψω,ἐξέλιπον,,,
ἐκλύω,verb,,,,,ἐκλυθήσομαι
ἐκμάσσω,verb,,ἐξέμαξα,,,
ἐκνεύω,verb,,ἐξένευσα,,,
ἐκνήφω,verb,,ἐξένηψα,,,
ἐκπειράζω,verb,ἐκπειράσω,,,,
ἐκπέμπω,verb,,ἐξέπεμψα,,,ἐκπεμφθήσομαι
ἐκπηδάω,verb,,ἐξεπήδησα,,,
ἐκπίπτω,verb,,ἐξέπεσα,ἐκπέπτωκα,,
ἐκπλέω,verb,,ἐξέπλευσα,,,
ἐκπληρόω,verb,,,ἐκπεπλήρωκα,,
ἐκπλήσσω,verb,,,,,ἐκπλαγήσομαι
ἐκπνέω,verb,,ἐξέπνευσα,,,
ἐκπορεύω,verb,ἐκπορεύσομαι,,,,
ἐκπορνεύω,verb,,ἐξεπόρνευσα,,,
ἐκπτύω,verb,,ἐξέπτυσα,,,
ἐκριζόω,verb,,ἐξερίζωσα,,,ἐκριζωθήσομαι
ἐκστρέφω,verb,,,,ἐξέστραμμαι,
ἐκτείνω,verb,ἐκτενῶ,ἐξέτεινα,,,
ἐκτελέω,verb,,ἐξετέλεσα,,,
ἐκτίθημι,verb,,ἐξέθηκα,,,ἐκτεθήσομαι
ἐκτινάσσω,verb,,ἐξετίναξα,,,
ἐκτρέπω,verb,,,,,ἐκτραπήσομαι
ἐκφέρω,verb,ἐξοίσω,ἐξήνεγκα,,,
ἐκφεύγω,verb,ἐκφεύξω,,ἐκπέφευγα,,
ἐκχέω,verb,,ἐξέχεα,,ἐκκέχυμαι,ἐκχυθήσομαι
ἐκψύχω,verb,,ἐξέψυξα,,,
ἐλαττονέω,verb,,ἠλαττόνησα,,,
ἐλαττόω,verb,,ἠλάττωσα,,ἠλάττωμαι,
ἐλαύνω,verb,,,ἐλήλακα,,
ἐλεάω,verb,,,,ἠλέημαι,ἐλεηθήσομαι
ἐλέγχω,verb,ἐλέγξω,ἔλεγξα,,,ἐλεγχθήσομαι
ἐλευθερόω,verb,ἐλευθερώσω,ἠλευθέρωσα,,,ἐλευθερωθήσομαι
ἑλίσσω,verb,ἑλίξω,,,,
ἑλκόω,verb,,,,εἵλκωμαι,
ἐλπίζω,verb,ἐλπιῶ,ἤλπισα,ἤλπικα,,
ἐμβαίνω,verb,,ἐνέβησα,,,
ἐμβάλλω,verb,,ἐνέβαλον,,,
ἐμβάπτω,verb,,ἐνέβαψα,,,
ἐμβιβάζω,verb,,ἐνεβίβασα,,,
ἐμβλέπω,verb,,ἐνέβλεψα,,,
ἐμβριμάομαι,verb,,ἐνεβριμησάμην,,,ἐμβριμηθήσομαι
ἐμέω,verb,,ἤμεσα,,,
ἐμμένω,verb,,ἐνέμεινα,,,
ἐμπαίζω,verb,ἐμπαίξω,ἐνέπαιξα,,,ἐμπαιχθήσομαι
ἐμπίμπλημι,verb,,ἐνέπλησα,,ἐμπέπλησμαι,ἐμπλησθήσομαι
ἐμπίμπρημι,verb,,ἐνέπρησα,,,
ἐμπίπτω,verb,ἐμπεσοῦμαι,ἐνέπεσα,,,
ἐμπλέκω,verb,,,,,ἐμπλακήσομαι
ἐμπορεύομαι,verb,ἐμπορεύσομαι,,,,
ἐμπτύω,verb,ἐμπτύσω,ἐνέπτυσα,,,ἐμπτυσθήσομαι
ἐμφανίζω,verb,,ἐνεφάνισα,,,ἐμφανισθήσομαι
ἐμφυσάω,verb,,ἐνεφύσησα,,,
ἐναγκαλίζομαι,verb,,ἐνηγκαλισάμην,,,
ἐνάρχομαι,verb,,ἐνηρξάμην,,,
ἐνδείκνυμι,verb,,ἐνεδειξάμην,,,
ἐνδημέω,verb,,ἐνεδήμησα,,,
ἐνδοξάζομαι,verb,,,,,ἐνδοξασθήσομαι
ἐνδυναμόω,verb,,ἐνεδυνάμωσα,,,ἐνδυναμωθήσομαι
ἐνδύω,verb,,ἐνέδυσα,,ἐνδέδυμαι,
ἐνειλέω,verb,,ἐνείλησα,,,
ἐνεργέω,verb,,ἐνήργησα,ἐνήργηκα,,
ἐνευλογέομαι,verb,,,,,ἐνευλογηθήσομαι
ἐνθυμέομαι,verb,,,,,ἐνθυμηθήσομαι
ἐνίστημι,verb,ἐνστήσω,,ἐνέστηκα,,
ἐνισχύω,verb,,ἐνίσχυσα,,,
ἐνοικέω,verb,,ἐνῴκησα,,,
ἐνταφιάζω,verb,,ἐνεταφίασα,,,
ἐντέλλω,verb,ἐντελοῦμαι,ἐνετειλάμην,,ἐντέταλμαι,
ἐντρέπω,verb,,,,,ἐντραπήσομαι
ἐντυγχάνω,verb,,ἐνέτυχον,,,
ἐντυλίσσω,verb,,ἐνετύλιξα,,ἐντετύλιγμαι,
ἐντυπόω,verb,,,,ἐντετύπωμαι,
ἐνυβρίζω,verb,,ἐνύβρισα,,,
ἐνυπνιάζω,verb,,,,,ἐνυπνιασθήσομαι
ἐνωτίζομαι,verb,,ἐνωτισάμην,,,
ἐξαγγέλλω,verb,,ἐξήγγειλα,,,
ἐξαγοράζω,verb,,ἐξηγόρασα,,,
ἐξάγω,verb,,ἐξήγαγον,,,
ἐξαιρέω,verb,,ἐξεῖλον,,,
ἐξαίρω,verb,,ἐξῆρα,,,
ἐξαιτέω,verb,,ἐξῄτησα,,,
ἐξακολουθέω,verb,ἐξακολουθσω,ἐξηκολούθησα,,,
ἐξαλείφω,verb,,ἐξήλειψα,,,ἐξαλειφθήσομαι
ἐξανατέλλω,verb,,ἐξανέτειλον,,,
ἐξανίστημι,verb,,ἐξανέστησα,,,
ἐξαπατάω,verb,,ἐξηπάτησα,,,ἐξαπατηθήσομαι
ἐξαπορέω,verb,,,,,ἐξαπορηθήσομαι
ἐξαποστέλλω,verb,,ἐξαπέστειλα,,,ἐξαποσταλήσομαι
ἐξαρτίζω,verb,,ἐξήρτισα,,ἐξήρτισμαι,
ἐξεγείρω,verb,ἐξεγερῶ,,,,
ἐξεραυνάω,verb,,ἐξηραύνησα,,,
ἐξέρχομαι,verb,ἐξελεύσομαι,,ἐξελήλυθα,,
ἐξετάζω,verb,,ἐξέτασα,,,
ἐξηγέομαι,verb,,ἐξηγησάμην,,,
ἐξηχέω,verb,,,,ἐξήχημαι,
ἐξίστημι,verb,,ἐξέστησα/ἐξέστην,ἐξέστηκα,,
ἐξισχύω,verb,,ἐξίσχυσα,,,
ἐξολεθρεύω,verb,,,,,ἐξολεθρευθήσομαι
ἐξομολογέομαι,verb,ἐξομολογήσομαι,ἐξομολογησάμην,,,
ἐξορύσσω,verb,,ἐξώρυξα,,,
ἐξουδενέω,verb,,,,,ἐξουδενηθήσομαι
ἐξουθενέω,verb,,ἐξουθένησα,,ἐξουθένημαι,ἐξουθενηθήσομαι
ἐξυπνίζω,verb,,ἐξύπνισα,,,
ἐξωθέω,verb,,ἐξῶσα,,,
ἔοικα,verb,,,ἔοικα,,
ἐπαγγέλλω,verb,,ἐπηγγειλάμην,,ἐπήγγελμαι,
ἐπάγω,verb,,ἐπήγαγον,,,
ἐπαινέω,verb,,ἐπῄνεσα,,,
ἐπαίρω,verb,,ἐπῆρα,,,ἐπαρθήσομαι
ἐπαισχύνομαι,verb,,,,,ἐπαισχυνθήσομαι
ἐπακολουθέω,verb,,ἐπηκολούθησα,,,
ἐπανάγω,verb,,ἐπανήγαγον,,,
ἐπαναπαύω,verb,,,,,ἐπαναπαήσομαι
ἐπανέρχομαι,verb,,ἐπανῆλθον,,,
ἐπανίστημι,verb,ἐπαναστήσω,,,,
ἐπαρκέω,verb,,ἐπήρκεσα,,,
ἐπεγείρω,verb,,ἐπήγειρα,,,
ἐπεισέρχομαι,verb,ἐπεισελεύσομαι,,,,
ἐπενδύνω,verb,,ἐπενεδυσάμην,,,
ἐπέρχομαι,verb,ἐπελεύσομαι,ἐπῆλθον,,,
ἐπερωτάω,verb,,ἐπηρώτησα,,,ἐπερωτηθήσομαι
ἐπέχω,verb,,ἐπέσχον,,,
ἐπιβαίνω,verb,,,ἐπιβέβηκα,,
ἐπιβάλλω,verb,ἐπιβαλῶ,ἐπέβαλον,,,
ἐπιβαρέω,verb,,ἐπεβάρησα,,,
ἐπιβιβάζω,verb,,ἐπεβίβασα,,,
ἐπιβλέπω,verb,,ἐπέβλεψα,,,
ἐπιγαμβρεύω,verb,ἐπιγαμβρεύσω,,,,
ἐπιγίνομαι,verb,,ἐπεγενόμην,,,
ἐπιγινώσκω,verb,ἐπιγνώσομαι,ἐπέγνωσα,ἐπέγνωκα,,ἐπιγνωσθήσομαι
ἐπιγράφω,verb,,,,ἐπεγέγραμμαι,
ἐπιδείκνυμι,verb,,ἐπέδειξα,,,
ἐπιδίδωμι,verb,ἐπιδώσω,ἐπέδωκα,,,ἐπιδοθήσομαι
ἐπιδιορθόω,verb,,ἐπιδιώρθωσα,,,
ἐπιθυμέω,verb,ἐπιθυμήσω,,,,
ἐπιζητέω,verb,,ἐπεζήτησα,,,
ἐπικαθίζω,verb,,ἐπεκάθισα,,,
ἐπικαλέω,verb,,ἐπεκάλεσα,,ἐπεκέκλημαι,ἐπικληθήσομαι
ἐπικαλύπτω,verb,,,,,ἐπικαλυφθήσομαι
ἐπικέλλω,verb,,ἐπέκειλα,,,
ἐπικρίνω,verb,,ἐπέκρινα,,,
ἐπιλαμβάνω,verb,,ἐπέλαβον,,,
ἐπιλανθάνω,verb,,ἐπελαθόμην,,ἐπιλέλησμαι,
ἐπιλέγω,verb,,ἐπεῖπον,,,
ἐπιλείπω,verb,ἐπιλείψω,,,,
ἐπιλύω,verb,,,,,ἐπιλυθήσομαι
ἐπιμελέομαι,verb,,,,,ἐπιμεληθήσομαι
ἐπινεύω,verb,,ἐπένευσα,,,
ἐπιορκέω,verb,ἐπιορκήσω,,,,
ἐπιπίπτω,verb,,ἐπέπεσα,ἐπιπέπτωκα,,
ἐπιπλήσσω,verb,,ἐπέπληξα,,,
ἐπιποθέω,verb,,ἐπεπόθησα,,,
ἐπιρίπτω,verb,,ἐπέρριψα,,,
ἐπισκέπτομαι,verb,ἐπισκέψομαι,ἐπεσκεψάμην,,,
ἐπισκευάζω,verb,,ἐπεσκεύασα,,,
ἐπισκηνόω,verb,,ἐπεσκήνωσα,,,
ἐπισκιάζω,verb,ἐπισκιάσω,ἐπεσκίασα,,,
ἐπισπείρω,verb,,ἐπέσπειρα,,,
ἐπιστηρίζω,verb,,ἐπεστήριξα,,,
ἐπιστρέφω,verb,,,,,ἐπιστραφήσομαι
ἐπισυνάγω,verb,ἐπισυνάξω,ἐπεσύναξα,,ἐπισύνηγμαι,ἐπισυναχθήσομαι
ἐπισωρεύω,verb,ἐπισωρεύσω,,,,
ἐπιτάσσω,verb,,ἐπέταξα,,,
ἐπιτελέω,verb,ἐπιτελέσω,ἐπετέλεσα,,,
ἐπιτίθημι,verb,ἐπιθήσω,ἐπέθηκα,,,
ἐπιτιμάω,verb,,ἐπετίμησα,,,
ἐπιτρέπω,verb,,ἐπέτρεψα,,,ἐπιτραπήσομαι
ἐπιτυγχάνω,verb,,ἐπέτυχον,,,
ἐπιφαίνω,verb,,έπέφανα,,,έπιφανήσομαι
ἐπιφαύσκω,verb,ἐπιφαύσω,,,,
ἐπιφέρω,verb,,ἐπήνεγκα,,,
ἐπιχειρέω,verb,,ἐπεχείρησα,,,
ἐπιχορηγέω,verb,,ἐπεχορήγησα,,,ἐπιχορηγηθήσομαι
ἐπιχρίω,verb,,ἐπέχρισα,,,
ἐποικοδομέω,verb,,ἐπῳκοδόμησα,,,ἐποικοδομηθήσομαι
ἐποπτεύω,verb,,ἐπώπτευσα,,,
ἐραυνάω,verb,,ἐρηύνησα,,,
ἐργάζομαι,verb,,εἰργασάμην,,εἴργασμαι,
ἐρεθίζω,verb,,ἠρέθισα,,,
ἐρείδω,verb,,ἤρεισα,,,
ἐρεύγομαι,verb,ἐρεύξομαι,,,,
ἐρημόω,verb,,,,ἤρημωμαι,ἐρημωθήσομαι
ἐρίζω,verb,ἐρίσω,,,,
ἔρχομαι,verb,ἐλεύσομαι,,,,
ἐρωτάω,verb,,ἠρώτησα,,,
ἐσθίω,verb,φάγομαι,,,,
ἑτοιμάζω,verb,,ἡτοίμασα,,ἡτοίμασμαι,ἑτοιμασθήσομαι
εὐαγγελίζομαι,verb,,εὐηγγελισάμην,,εὐηγγέλισμαι,εὐαγγελισθήσομαι
εὐαρεστέω,verb,,εὐηρέστησα,εὐηρέστηκα,,
εὐθυδρομέω,verb,,εὐθυεδρόμησα,,,
εὐθύνω,verb,,ηὔθυνα,,,
εὐκαιρέω,verb,,εὐκαίρησα,,,
εὐλαβέομαι,verb,,,,,εὐλαβηθήσομαι
εὐλογέω,verb,,ηὐλόγησα,εὐλόγηκα,εὐλόγημαι,
εὐνουχίζω,verb,,εὐνούχισα,,,εὐνουχισθήσομαι
εὐπροσωπέω,verb,,ηὐπροσώπησα,,,
εὑρίσκω,verb,εὑρήσω,,,,εὑρεθήσομαι
εὐφορέω,verb,,εὐφόρησα,,,
εὐφραίνω,verb,,,,,εὐφρανθήσομαι
εὐχαριστέω,verb,,ηὐχαρίστησα,,,εὐχαριστηθήσομαι
εὔχομαι,verb,,εὐξάμην,,,
ἐφάλλομαι,verb,,ἐφαλόμην,,,
ἐφικνέομαι,verb,,ἐφικόμην,,,
ἐφίστημι,verb,,ἐπέστησα/ἐπέστην,ἐφέστηκα,,
ἐφοράω,verb,,ἐπεῖδον,,,
ἔχω,verb,ἕξω,,,,
ζάω,verb,ζήσω,,,,
ζηλόω,verb,,ἐζήλωσα,,,
ζημιόω,verb,,,,,ζημιωθήσομαι
ζητέω,verb,ζητήσω,ἐζήτησα,,,ζητηθήσομαι
ζυμόω,verb,,,,,ζυμωθήσομαι
ζωγρέω,verb,,,,ἐζωγρημαι,
ζώννυμι,verb,ζώσω,ἔζωσα,,,
ζῳογονέω,verb,ζῳογονήσω,,,,
ζῳοποιέω,verb,ζῳοποιήσω,ἐζῳοποίησα,,,ζῳοποιηθήσομαι
ἡγέομαι,verb,,ἡγησάμην,,,
ἥκω,verb,,ἥξα,ἥκα,,
ἡσυχάζω,verb,,ἡσύχασα,,,
ἡττάομαι,verb,,,,ἥττημαι,ἡσσωθήσομαι
θαμβέω,verb,,,,,θαμβηθήσομαι
θανατόω,verb,θανατώσω,ἐθανατωσα,,,θανατωθήσομαι
θάπτω,verb,,ἔθαψα,,,ταφήσομαι
θαρσέω,verb,,ἐθάρρησα,,,
θαυμάζω,verb,,,,,θαυμασθήσομαι
θεάομαι,verb,,ἐθεασάμην,,,θεαθήσομαι
θεμελιόω,verb,θεμελιώσω,ἐθεμελίωσα,,τεθεμελίωμαι,
θεραπεύω,verb,,ἐθεράπευσα,,τεθεράπευμαι,θεραπευθήσομαι
θερίζω,verb,θερίσω,ἐθέρισα,,,θερισθήσομαι
θεωρέω,verb,θεωρήσω,ἐθεώρησα,,,
θηλάζω,verb,,ἐθήλασα,,,
θηρεύω,verb,,ἐθήρευσα,,,
θησαυρίζω,verb,,ἐθησαύρισα,,τεθησαύρισμαι,
θιγγάνω,verb,,ἔθίγον,,,
θλίβω,verb,,,,τέθλιμμαι,
θνῄσκω,verb,,,τέθνηκα,,
θραύω,verb,,,,τέθραυσμ,
θρηνέω,verb,θρηνήσω,ἐθρήνησα,,,
θριαμβεύω,verb,,ἐθριάμβευσα,,,
θυμιάω,verb,,ἐθυμίασα,,,
θυμόω,verb,,,,,θυμωθήσομαι
θύω,verb,,ἔθυσα,,τέθυμαι,τυθήσομαι
ἰάομαι,verb,ἰάσομαι,ἰασάμην,,ἴαμαι,ἰαθήσομαι
ἱκανόω,verb,,ἱκάνωσα,,,
ἱλάσκομαι,verb,,,,,ἱλασθήσομαι
ἱματίζω,verb,,,,ἱμάτισμαι,
ἵστημι,verb,στήσω,ἔστησα/ἔστην,,,σταθήσομαι
ἱστορέω,verb,,ἱστόρησα,,,
ἰσχύω,verb,ἰσχύσω,ἴσχυσα,,,
καθαιρέω,verb,,καθεῖλον,,,
καθάπτω,verb,,καθῆψα,,,
καθαρίζω,verb,καθαριῶ,ἐκαθάρισα,,κεκαθάρισμαι,καθαρισθήσομαι
κάθημαι,verb,καθήσομαι,,,,
καθίζω,verb,καθίσω,,κεκάθικα,,
καθίημι,verb,,καθῆκα,,,
καθίστημι,verb,,κατέστησα,,,κατασταθήσομαι
καθοπλίζω,verb,,,,καθώπλισμαι,
καίω,verb,,,,κέκαυμαι,
κακολογέω,verb,,ἐκακολόγησα,,,
κακοπαθέω,verb,,ἐκακοπάθησα,,,
κακοποιέω,verb,,ἐκακοποίησα,,,
κακόω,verb,κακώσω,ἐκάκωσα,,,
καλέω,verb,,,κέκληκα,κέκλημαι,κληθήσομαι
καλύπτω,verb,καλύψω,ἐκάλυψα,,κεκάλυμμαι,
καμμύω,verb,,ἐκάμμυσα,,,
κάμνω,verb,,ἔκαμον,,,
κάμπτω,verb,κάμψω,ἔκαμψα,,,
καρποφορέω,verb,,ἐκαρποφόρησα,,,
καρτερέω,verb,,ἐκαρτέρησα,,,
καταβαίνω,verb,καταβήσομαι,,,,
καταγγέλλω,verb,,κατήγγειλα,,,καταγγελήσομαι
καταγινώσκω,verb,,,,κατέγνωσμαι,
κατάγνυμι,verb,κατεάξω,κατέαξα,,,κατεαγήσομαι
κατάγω,verb,,,,,καταχθήσομαι
καταγωνίζομαι,verb,,κατηγωνισάμην,,,
καταδέω,verb,,κατέδησα,,,
καταδικάζω,verb,,κατεδίκασα,,,καταδικασθήσομαι
καταδιώκω,verb,,κατεδίωξα,,,
καταδουλόω,verb,καταδουλώσω,,,,
καταισχύνω,verb,,,,,καταισχυνθήσομαι
κατακαίω,verb,κατακαύσω,κατέκαυσα,,,κατακαήσομαι
κατακλάω,verb,,κατέκλασα,,,
κατακληρονομέω,verb,,κατεκληρονόμησα,,,
κατακλίνω,verb,,κατέκλινα,,,κατακλιθήσομαι
κατακλύζω,verb,,,,,κατακλυσθήσομαι
κατακολουθέω,verb,,κατηκολούθησα,,,
κατακρημνίζω,verb,,κατεκρήμνισα,,,
κατακρίνω,verb,κατακρινῶ,κατέκρινα,,κατακέκριμαι,κατακριθήσομαι
κατακυριεύω,verb,,κατεκυρίευσα,,,
καταλαμβάνω,verb,,κατέλαβον,κατείληφα,,καταληφθήσομαι
καταλείπω,verb,καταλείψω,,,καταλέλειμμαι,καταλειφθήσομαι
καταλιθάζω,verb,καταλιθάσω,,,,
καταλλάσσω,verb,,κατήλλαξα,,,καταλλαγήσομαι
καταλύω,verb,,,,,καταλυθήσομαι
καταμανθάνω,verb,,κατέμαθον,,,
κατανεύω,verb,,κατένευσα,,,
κατανοέω,verb,,κατενόησα,,,
καταντάω,verb,,κατήντησα,κατήντηκα,,
κατανύσσω,verb,,,,,κατανυγήσομαι
καταξιόω,verb,,,,,καταξιωθήσομαι
καταπατέω,verb,καταπατήσω,κατεπάτησα,,,καταπατηθήσομαι
καταπαύω,verb,,κατέπαυσα,,,
καταπίνω,verb,,κατέπιον,,,καταποθήσομαι
καταπίπτω,verb,,κατέπεσα,,,
καταπλέω,verb,,κατέπλευσα,,,
καταποντίζω,verb,,,,,καταποντισθήσομαι
καταράομαι,verb,,κατήρασα,,κατήραμαι,
καταργέω,verb,καταργήσω,κατήργησα,,κατήργημαι,καταργηθήσομαι
καταριθμέω,verb,,,,κατηρίθμημαι,
καταρτίζω,verb,καταρτίσω,κατήρτισα,,κατήρτισμαι,
κατασείω,verb,,κατέσεισα,,,
κατασκάπτω,verb,,κατέσκαψα,,κατέσκαμμαι,
κατασκευάζω,verb,κατασκευάσω,κατεσκεύασα,,κατεσκεύασμαι,κατασκευασθήσομαι
κατασκηνόω,verb,κατασκηνώσω,κατεσκήνωσα,,,
κατασκοπέω,verb,,κατεσκόπησα,,,
κατασοφίζομαι,verb,,κατεσοφισάμην,,,
καταστέλλω,verb,,κατέστειλα,,κατέσταλμαι,
καταστρέφω,verb,,κατέστρεψα,,,
καταστρηνιάω,verb,,κατεστρηνίασα,,,
καταστρώννυμι,verb,,,,,καταστρωθήσομαι
κατασφάζω,verb,,κατέσφαξα,,,
κατασφραγίζω,verb,,,,κατεσφράγισμαι,
κατατίθημι,verb,,κατέθηκα,,,
κατατρέχω,verb,,κατέδραμον,,,
καταφέρω,verb,,,,,κατενεχθήσομαι
καταφεύγω,verb,,κατέφυγον,,,
καταφθείρω,verb,,,,κατέφθαρμαι,
καταφιλέω,verb,,κατεφίλησα,,,
καταφρονέω,verb,καταφρονήσω,κατεφρόνησα,,,
καταχέω,verb,,κατέχεα,,,
καταχράομαι,verb,,κατεχρησάμην,,,
καταψύχω,verb,,κατέψυξα,,,
κατεργάζομαι,verb,,κατειργασάμην,,κατείργασμαι,κατεργασθήσομαι
κατέρχομαι,verb,,κατῆλθον,,,
κατεσθίω,verb,καταφάγομαι,,,,
κατευθύνω,verb,,κατηύθυνα,,,
κατεφίσταμαι,verb,,κατεπέστησα,,,
κατέχω,verb,,κατέσχον,,,
κατηγορέω,verb,,κατηγόρησα,,,
κατηχέω,verb,,κατήχησα,,κατήχημαι,κατηχηθήσομαι
κατιόομαι,verb,,,,κατίωμαι,
κατισχύω,verb,κατισχύσω,κατίσχυσα,,,
κατοικέω,verb,,κατῴκησα,,,
κατοικίζω,verb,,κατῴκισα,,,
καυματίζω,verb,,ἐκαυμάτισαι,,,καυματισθήσομαι
καυστηριάζω,verb,,,,κεκαυστηρίασμαι,
καυχάομαι,verb,καυχήσομαι,ἐκαύχησα,,,
κείρω,verb,,ἔκειρα,,,
κενόω,verb,κενώσω,ἐκένωσα,,κεκένωμαι,κενωθήσομαι
κεράννυμι,verb,,ἐκέρασα,,κεκέρασμαι,
κερδαίνω,verb,κερδήσω,,,,κερδηθήσομαι
κεφαλιόω,verb,,ἐκεφαλίωσα,,,
κημόω,verb,κημώσω,,,,
κηρύσσω,verb,,ἐκήρυξα,,,κηρυχθήσομαι
κινέω,verb,,ἐκίνησα,,,κινηθήσομαι
κίχρημι,verb,,ἔχρησα,,,
κλαίω,verb,κλαύσω,ἔκλαυσα,,,
κλείω,verb,κλείσω,ἔκλεισα,,κέκλεισμαι,κλεισθήσομαι
κλέπτω,verb,κλέψω,ἔκλεψα,,,
κληρονομέω,verb,,ἐκληρονόμησα,κεκληρονόμηκα,,
κληρόω,verb,,,,,κληρωθήσομαι
κλίνω,verb,,ἔκλινα,κέκλικα,,
κοιμάω,verb,,,,κεκοίμημαι,κοιμηθήσομαι
κοινόω,verb,,ἐκοίνωσα,κεκοίνωκα,κεκοίνωμαι,
κοινωνέω,verb,,ἐκοινώνησα,κεκοινώνηκα,,
κολάζω,verb,,ἐκόλασα,,,
κολαφίζω,verb,,ἐκολάφισα,,,
κολλάω,verb,,,,,κολληθήσομαι
κολοβόω,verb,,ἐκολόβωσα,,,κολοβωθήσομαι
κομίζω,verb,κομίσομαι,ἐκόμισα,,,
κονιάω,verb,,,,κεκονίαμαι,
κοπάζω,verb,,ἐκόπασα,,,
κόπτω,verb,κόψω,ἔκοψα,,,
κορέννυμι,verb,,,,κεκόρεσμαι,κορεσθήσομαι
κοσμέω,verb,,ἐκόσμησα,,κεκόσμημαι,
κράζω,verb,κράξω,,κέκραγα,,
κραταιόω,verb,,,,,κραταιωθήσομαι
κρατέω,verb,κρατήσω,ἐκράτησα,κεκράτηκα,κεκράτημαι,
κραυγάζω,verb,κραυγάσω,ἐκραύγασα,,,
κρεμάννυμι,verb,,ἐκρέμασα,,,κρεμασθήσομαι
κρίνω,verb,,,,κέκριμαι,κριθήσομαι
κρούω,verb,,ἔκρουσα,,,
κρύπτω,verb,,,,κέκρυμμαι,κρυβήσομαι
κτάομαι,verb,,ἐκτησάμην,,,
κτίζω,verb,,ἔκτισα,,ἔκτισμαι,κτισθήσομαι
κυκλεύω,verb,,ἐκύκλευσα,,,
κυκλόω,verb,,ἐκύκλωσα,,,κυκλωθήσομαι
κύπτω,verb,,ἔκυψα,,,
κυριεύω,verb,κυριεύσω,ἐκυρίευσα,,,
κυρόω,verb,,ἐκύρωσα,,κεκύρωμαι,
κωλύω,verb,,ἐκώλυσα,,,κωλυθήσομαι
λαγχάνω,verb,,ἔλαχον,,,
λακάω,verb,,ἐλάκησα,,,
λαλέω,verb,,,,λελάλημαι,λαληθήσομαι
λαμβάνω,verb,λήμψομαι,,,,
λάμπω,verb,λάμψω,ἔλαμψα,,,
λανθάνω,verb,,ἔλαθον,,,
λατομέω,verb,,ἐλατόμησα,,λελατόμημαι,
λατρεύω,verb,λατρεύσω,ἐλάτρευσα,,,
λέγω,verb,,,,εἴρημαι,ῥηθήσομαι
λειτουργέω,verb,,ἐλειτούργησα,,,
λευκαίνω,verb,,ἐλεύκανα,,,
λιθάζω,verb,,ἐλίθασα,,,λιθασθήσομαι
λιθοβολέω,verb,,ἐλιθοβόλησα,,,λιθοβοληθήσομαι
λικμάω,verb,λικμήσω,,,,
λογίζομαι,verb,,ἐλογισάμην,,,λογισθήσομαι
λοιδορέω,verb,,ἐλοιδόρησα,,,
λούω,verb,,ἔλουσα,,λέλουμαι,
λυπέω,verb,,,λελύπηκα,,λυπηθήσομαι
λυτρόω,verb,,ἐλύτρωσα,,,λυτρωθήσομαι
λύω,verb,,ἔλυσα,,λέλυμαι,λυθήσομαι
μαθητεύω,verb,,ἐμαθήτευσα,,,μαθητευθήσομαι
μακαρίζω,verb,μακαριῶ,,,,
μακροθυμέω,verb,,ἐμακροθύμησα,,,
μανθάνω,verb,,,μεμάθηκα,,
μαραίνω,verb,,,,,μαρανθήσομαι
μαρτυρέω,verb,μαρτυρήσω,ἐμαρτύρησα,,μεμαρτύρημαι,μαρτυρηθήσομαι
μαστιγόω,verb,μαστιγώσω,ἐμαστίγωσα,,,
ματαιόω,verb,,,,,ματαιωθήσομαι
μεγαλύνω,verb,,ἐμεγάλυνα,,,μεγαλυνθήσομαι
μεθίστημι,verb,,μετέστησα,,,μετασταθήσομαι
μεθύω,verb,,,,,μεθυσθήσομαι
μελετάω,verb,,ἐμελέτησα,,,
μένω,verb,,ἔμεινα,μεμένηκα,,
μερίζω,verb,,ἐμέρισα,,μεμέρισμαι,μερισθήσομαι
μεριμνάω,verb,μεριμνήσω,ἐμερίμνησα,,,
μεσιτεύω,verb,,ἐμεσίτευσα,,,
μεστόω,verb,,,,μεμέστωμαι,
μεταβαίνω,verb,μεταβήσομαι,μετέβην,μεταβέβηκα,,
μεταβάλλω,verb,,μετέβαλον,,,
μεταδίδωμι,verb,,μετέδωκα,,,
μεταίρω,verb,,μετῆρα,,,
μετακαλέω,verb,μετακαλέσω,μετεκάλεσα,,,
μεταλαμβάνω,verb,,μετέλαβον,,,
μεταλλάσσω,verb,,μετήλλαξα,,,
μεταμέλομαι,verb,,,,,μεταμεληθήσομαι
μεταμορφόω,verb,,,,,μεταμορφωθήσομαι
μετανοέω,verb,μετανοήσω,μετενόησα,,,
μεταπέμπω,verb,,μετέπεμψα,,,μεταπεμφθήσομαι
μεταστρέφω,verb,,μετέστρεψα,,,μεταστραφήσομαι
μετασχηματίζω,verb,μετασχηματίσω,,,,
μετατίθημι,verb,,μετέθηκα,,,μετατεθήσομαι
μετατρέπω,verb,,,,,μετατραπήσομαι
μετέχω,verb,,μετέσχον,μετέσχηκα,,
μετοικίζω,verb,,μετῴκισα,,,
μετρέω,verb,,ἐμέτρησα,,,μετρηθήσομαι
μηνύω,verb,,ἐμήνυσα,,,μηνυθήσομαι
μιαίνω,verb,,,,μεμίαμαι,μιανθήσομαι
μίγνυμι,verb,,ἔμιξα,,μέμιγμαι,
μιμνῄσκω,verb,,,,μέμνησμαι,
μισέω,verb,μισήσω,,μεμίσηκα,μεμίσημαι,
μισθόω,verb,,ἐμίσθωσα,,,
μνημονεύω,verb,,ἐμνημόνευσα,,,
μνηστεύω,verb,,,,ἐμνήστευμαι,μνηστευθήσομαι
μοιχεύω,verb,μοιχεύσω,ἐμοίχευσα,,,μοιχευθήσομαι
μολύνω,verb,,ἐμόλυνα,,,μολυνθήσομαι
μονόω,verb,,,,μεμόνωμαι,
μορφόω,verb,,,,,μορφωθήσομαι
μοσχοποιέω,verb,,ἐμοσχοποίησα,,,
μυέω,verb,,,,μεμύημαι,
μυρίζω,verb,,ἐμύρισα,,,
μωμάομαι,verb,,ἐμώμησα,,,μωμηθήσομαι
μωραίνω,verb,,ἐμώρανα,,,μωρανθήσομαι
νεκρόω,verb,,ἐνέκρωσα,,νενέκρωμαι,
νεύω,verb,,ἔνευσα,,,
νηστεύω,verb,νηστεύσω,ἐνήστευσα,,,
νήφω,verb,,ἔνηψα,,,
νικάω,verb,νικήσω,,,,
νοέω,verb,,ἐνόησα,,,
νομίζω,verb,,ἐνόμισα,,,
νομοθετέω,verb,,,,νενομοθέτημαι,
νοσφίζω,verb,,ἐνόσφισα,,,
νύσσω,verb,,ἔνυξα,,,
νυστάζω,verb,,ἐνύσταξα,,,
ξενίζω,verb,,ἐξένισα,,,ξενισθήσομαι
ξενοδοχέω,verb,,ἐξενοδόχησα,,,
ξηραίνω,verb,,ἐξήρανα,,ἐξήραμαι,ξηρανθήσομαι
ξυράω,verb,ξυρήσω,ἐξύρασα,,ἐξύρημαι,
ὁδηγέω,verb,ὁδηγήσω,,,,
οἶδα,verb,εἰδήσω,,,,
οἰκοδομέω,verb,,ᾠκοδόμησα,,ᾠκοδόμημαι,οἰκοδομηθήσομαι
ὀκνέω,verb,,ᾤκνησα,,,
ὁμιλέω,verb,,ὡμίλησα,,,
ὁμοιόω,verb,,ὡμοίωσα,,,ὁμοιωθήσομαι
ὁμολογέω,verb,,ὡμολόγησα,,,
ὀνειδίζω,verb,,ὠνείδισα,,,
ὀνίνημι,verb,,ὠνινάμην,,,
ὀνομάζω,verb,,ὠνόμασα,,,ὀνομασθήσομαι
ὁπλίζω,verb,,ὥπλισα,,,
ὁράω,verb,ὄψομαι,,,,
ὀργίζω,verb,,,,,ὀργισθήσομαι
ὁρίζω,verb,,ὥρισα,,ὥρισμαι,ὁρισθήσομαι
ὁρμάω,verb,,ὥρμησα,,,
ὀρύσσω,verb,,ὤρυξα,,,
ὀρχέομαι,verb,,ὠρχησάμην,,,
ὀχλοποιέω,verb,,ὠχλοποίησα,,,
παγιδεύω,verb,,ἐπαγίδευσα,,,
παιδεύω,verb,,ἐπαίδευσα,,πεπαίδευμαι,παιδευθήσομαι
παίω,verb,,ἔπαισα,,,
παλαιόω,verb,,,πεπαλαίωκα,,παλαιωθήσομαι
παραβαίνω,verb,,παρέβην,,,
παραβάλλω,verb,,ὠνινάμην,,,
παραβιάζομαι,verb,,παρεβίασα,,,
παραβολεύομαι,verb,,παρεβολευσάμην,,,
παραγγέλλω,verb,,παρήγγειλα,,παρήγγελμαι,
παραγίνομαι,verb,,παρεγενόμην,,,
παραδέχομαι,verb,παραδέξομαι,,,,παραδεχθήσομαι
παραδίδωμι,verb,,,παραδέδωκα,παραδέδομαι,παραδοθήσομαι
παραζηλόω,verb,,παρεζήλωα,,,
παραιτέομαι,verb,,παρῃτησάμην,,παρῄτημαι,
παρακαθέζω,verb,,,,,παρακαθεσθήσομαι
παρακαλέω,verb,,,,παρακέκλημαι,παρακληθήσομαι
παρακαλύπτω,verb,,,,παρακεκάλυμμαι,
παρακολουθέω,verb,παρακολουθήσω,παρεκολούθησα,παρηκολούθηκα,,
παρακούω,verb,,παρήκουσα,,,
παρακύπτω,verb,,παρέκυψα,,,
παραλαμβάνω,verb,παραλήμψομαι,,,,παραλημφθήσομαι
παραλύω,verb,,,,παραλέλυμαι,
παραμένω,verb,,παρέμεινα,,,
παραμυθέομαι,verb,,παρεμυθησάμην,,,
παραπικραίνω,verb,,παρεπίκρανα,,,
παραπίπτω,verb,,παρέπεσα,,,
παραπλέω,verb,,παρέπλευσα,,,
παραρρέω,verb,,παρέρρευσα,,,
παρασκευάζω,verb,παρασκευάσω,,,παρεσκεύασμαι,
παρατηρέω,verb,,παρετήρησα,,,
παρατίθημι,verb,,παρέθηκα,,,
παραφέρω,verb,,παρήνεγκα,,,
παραχειμάζω,verb,,παρεχείμασα,παρακεχείμακα,,
πάρειμι,verb,παρέσομαι,πάρην,,,
παρεισάγω,verb,παρεισάξω,,,,
παρεισδύω,verb,,παρεισέδυσα,,,
παρεισέρχομαι,verb,,παρεισῆλθον,,,
παρεισφέρω,verb,,παρεισήνεγκα,,,
παρεμβάλλω,verb,παρεμβαλῶ,,,,
παρέρχομαι,verb,παρελεύσομαι,,παρελήλυθα,,
παρέχω,verb,παρέξω,παρέσχον,,,
παρίημι,verb,,,,πάρειμαι,
παρίστημι,verb,παραστήσω,παρέστησα/παρέστην,παρέστηκα,,
παροικέω,verb,,παρῴκησα,,,
παροίχομαι,verb,,,,παρῴχημαι,
παροτρύνω,verb,,παρώτρυνα,,,
παρρησιάζομαι,verb,,ἐπαρρησιασάμην,,,
πάσχω,verb,,,πέπονθα,,
πατάσσω,verb,,ἐπάταξα,,,
πατέω,verb,πατήσω,,,,πατηθήσομαι
παύω,verb,παύσω,ἔπαυσα,,πέπαυμαι,
παχύνω,verb,,,,,παχυνθήσομαι
πειθαρχέω,verb,,ἐπειθάρχησα,,,
πείθω,verb,πείσω,ἔπεισα,,πέπεισμαι,πεισθήσομαι
πεινάω,verb,πεινάσω,,,,
πειράζω,verb,,ἐπείρασα,,πεπείρασμαι,πειρασθήσομαι
πελεκίζω,verb,,,,πεπελέκισμαι,
πέμπω,verb,,,,,πεμφθήσομαι
πενθέω,verb,πενθήσω,ἐπένθησα,,,
περιαιρέω,verb,,περειλάμην,,,
περιάπτω,verb,,περίηψα,,,
περιαστράπτω,verb,,περιήστραψα,,,
περιβάλλω,verb,περιβαλῶ,περιέβαλον,,περιβέβλημαι,
περιβλέπω,verb,,περιέβλεψα,,,
περιδέω,verb,,,,περιεδέδεμαι,
περιέρχομαι,verb,,περιῆλθον,,,
περιέχω,verb,,περιέσχον,,,
περιζώννυμι,verb,περιζώσω,περιέζωσα,,περιέζωσμαι,
περιΐστημι,verb,,περιέστησα,περιέστηκα,,
περικαλύπτω,verb,,περιεκάλυψα,,περικεκάλυμμαι,
περικυκλόω,verb,περικυκλώσω,,,,
περιλάμπω,verb,,περιέλαμψα,,,
περιπατέω,verb,περιπατήσω,περιεπάτησα,,,
περιπείρω,verb,,περιέπειρα,,,
περιπίπτω,verb,,περιέπεσα,,,
περιποιέω,verb,,περιεποίησα,,,
περιρήγνυμι,verb,,περιέρρηξα,,,
περισσεύω,verb,,ἐπερίσσευσα,,,περισσευθήσομαι
περιτέμνω,verb,,περιέτεμον,,περιτέτμημαι,περιτμηθήσομαι
περιτίθημι,verb,,περιέθηκα,,,
περιτρέχω,verb,,περιέδραμον,,,
πήγνυμι,verb,,ἔπηξα,,,
πιάζω,verb,,ἐπίασα,,,πιασθήσομαι
πιέζω,verb,,,,πεπίεσμαι,
πικραίνω,verb,πικρανῶ,,,,πικρανθήσομαι
πίμπλημι,verb,,ἔπλησα,,,πλησθήσομαι
πίνω,verb,πίομαι,ἔπιον,πέπτωκα,,
πιπράσκω,verb,,,πέπρακα,πέπραμαι,πραθήσομαι
πίπτω,verb,πεσοῦμαι,,πέπτωκα,,
πιστεύω,verb,πιστεύσω,,,πεπίστευμαι,πιστευθήσομαι
πιστόω,verb,,,,,πιστωθήσομαι
πλανάω,verb,πλανήσω,ἐπλάνησα,,πεπλάνημαι,πλανηθήσομαι
πλάσσω,verb,,ἔπλασα,,,πλασθήσομαι
πλατύνω,verb,,,,πεπλάτυμαι,πλατυνθήσομαι
πλέκω,verb,,έπλεξα,,,
πλεονάζω,verb,,ἐπλεόνασα,,,
πλεονεκτέω,verb,,,,,πλεονεκτηθήσομαι
πληθύνω,verb,,,,,πληθυνθήσομαι
πληροφορέω,verb,,ἐπληροφόρησα,,πεπληροφόρημαι,πληροφορηθήσομαι
πληρόω,verb,πληρώσω,ἐπλήρωσα,πεπλήρωκα,πεπλήρωμαι,πληρωθήσομαι
πλήσσω,verb,,,,,πληγήσομαι
πλουτέω,verb,,ἐπλούτησα,,,
πλουτίζω,verb,,,,,πλουτισθήσομαι
πλύνω,verb,,ἔπλυνα,,,
πνέω,verb,,ἔπνευσα,,,
πνίγω,verb,,ἔπνιξα,,,
ποιέω,verb,,,,πεποίημαι,
ποιμαίνω,verb,ποιμανῶ,ἐποίμανα,,,
πολεμέω,verb,,ἐπολέμησα,,,
πορεύω,verb,πορεύσω,,,πεπόρευμαι,πορευθήσομαι
πορθέω,verb,,ἐπόρθησα,,,
πορνεύω,verb,,ἐπόρνευσα,,,
ποτίζω,verb,,,πεπότικα,,ποτισθήσομαι
πραγματεύομαι,verb,,ἐπραγματευσάμην,,,
πράσσω,verb,πράξω,,,πέπραγμαι,
πρίζω,verb,,,,,πρισθήσομαι
προαιρέω,verb,,,,προῄρημαι,
προαιτιάομαι,verb,,προῃτιασάμην,,,
προακούω,verb,,προήκουσα,,,
προαμαρτάνω,verb,,,προημάρτηκα,,
προβαίνω,verb,,προέβην,προβέβηκα,,
προβάλλω,verb,,προέβαλον,,,
προβιβάζω,verb,,,,,προβιβασθήσομαι
προβλέπω,verb,,προέβλεψα,,,
προγίνομαι,verb,,,προγέγονα,,
προγινώσκω,verb,,προέγνων,,προέγνωσμαι,
προγράφω,verb,,,,προγέγραμμαι,προγραφήσομαι
προδίδωμι,verb,,προέδωκα,,,
προελπίζω,verb,,,προήλπικα,,
προενάρχομαι,verb,,προενηρξασάμην,,,
προεπαγγέλλω,verb,,προεπήγγειλα,,προεπήγγελμαι,
προέρχομαι,verb,προελεύσομαι,προῆλθον,,,
προετοιμάζω,verb,,προητοίμασα,,,
προευαγγελίζομαι,verb,,προευηγγέλισα,,,
προΐστημι,verb,,προέστην,προέστωκα,,
προκαταγγέλλω,verb,,προκατήγγειλα,,,
προκαταρτίζω,verb,,προκατήρτοσα,,,
προκηρύσσω,verb,,προεκήρυξα,,,
προκόπτω,verb,προκόψω,προέκοψα,,,
προκυρόομαι,verb,,,,προκεκύρωμαι,
προλαμβάνω,verb,,προέλαβον,,,προλημφθήσομαι
προλέγω,verb,,,,προείρημαι,
προοράω,verb,,προεῖδον,προεώρακα,,
προορίζω,verb,,προώρισα,,,προορισθήσομαι
προπάσχω,verb,,προέπαθον,,,
προπέμπω,verb,,προέπεμψα,,,προπεμφθήσομαι
προπορεύω,verb,προπορεύσομαι,,,,
προσαγορεύω,verb,,,,,προσαγορευθήσομαι
προσάγω,verb,,προσήγαγον,,,
προσαναβαίνω,verb,,προσανέβην,,,
προσαναλίσκω,verb,,προσανήλωσα,,,
προσαναπληρόω,verb,,προσανεπλήρωσα,,,
προσανατίθημι,verb,,προσανεθέμην,,,
προσαπειλέω,verb,,προσαπειλησάμην,,,
προσδαπανάω,verb,,προσεδαπάνησα,,,
προσδέχομαι,verb,,προσεδεξάμην,,,
προσεργάζομαι,verb,,προσηργασάμην,,,
προσέρχομαι,verb,,προσῆλθον,προσελήλυθα,,
προσεύχομαι,verb,προσεύξομαι,προσευξάμην,,,
προσέχω,verb,,,προσέσχηκα,,
προσηλόω,verb,,προσήλωσα,,,
προσκαλέω,verb,,προσεκαλέσα,,,
προσκαρτερέω,verb,προσκαρτερήσω,,,,
προσκληρόω,verb,,,,,προσκληρωθήσομαι
προσκλίνω,verb,,,,,προσκλιθήσομαι
προσκολλάω,verb,,,,,προσκολληθήσομαι
προσκόπτω,verb,,προσέκοψα,,,
προσκυλίω,verb,,προσεκύλισα,,,
προσκυνέω,verb,προσκυνήσω,προσεκύνησα,,,
προσλαλέω,verb,,προσελάλησα,,,
προσλαμβάνω,verb,,προσέλαβον,,,
προσμένω,verb,,προσέμεινα,,,
προσορμίζω,verb,,,,,προσορμισθήσομαι
προσπήγνυμι,verb,,προσέπηξα,,,
προσπίπτω,verb,,προσέπεσα,,,
προσποιέω,verb,,προσεποίησα,,,
προσρήγνυμι,verb,,προσέρηξα,,,
προστάσσω,verb,,προσέταξα,,προστέταγμαι,
προστίθημι,verb,,προσέθηκα,,,προστεθήσομαι
προστρέχω,verb,,προσέδραμον,,,
προσφέρω,verb,,,προσενήνοχα,,προσενεχθήσομαι
προσφωνέω,verb,,προσεφώνησα,,,
προτείνω,verb,,προέτεινα,,,
προτίθημι,verb,,προεθέμην,,,
προτρέπω,verb,,προέτρεψα,,,
προτρέχω,verb,,προέδραμον,,,
προφητεύω,verb,προφητεύσω,ἐπροφήτευσα,,,
προφθάνω,verb,,προέφθασα,,,
προχειρίζω,verb,,προχείρισα,,προκεχείρισμαι,
προχειροτονέω,verb,,,,προκεχειροτόνημαι,
πταίω,verb,,ἔπταισα,,,
πτοέω,verb,,,,,πτοηθήσομαι
πτύσσω,verb,,ἔπτυξα,,,
πτύω,verb,,ἔπτυσα,,,
πτωχεύω,verb,,ἐπτώχευσα,,,
πυνθάνομαι,verb,,ἐπυθόμην,,,
πυρόω,verb,,,,πεπύρωμαι,
πωλέω,verb,,ἐπώλησα,,,
πωρόω,verb,,ἐπώρωσα,,πεπώρωμαι,πωρωθήσομαι
ῥαβδίζω,verb,,,,,ῥαβδισθήσομαι
ῥαντίζω,verb,,ἐραντισα,,ῥεράντισμαι,
ῥαπίζω,verb,,ἐράπισα,,,
ῥέω,verb,ῥεύσω,,,,ῥεθήσομαι
ῥήγνυμι,verb,ῥήξω,ἔρρηξα,,,
ῥιζόω,verb,,,,ἐρρίζωμαι,
ῥίπτω,verb,,ἔρριψα,,ἔρριμμαι,
ῥύομαι,verb,ῥύσομαι,ἐρρυσάμην,,,ῥυσθήσομαι
ῥυπαρεύω,verb,,,,,ῥυπαρευθήσομαι
ῥώννυμι,verb,,,,ἔρρωμαι,
σαλεύω,verb,,ἐσάλευσα,,σεσάλευμαι,σαλευθήσομαι
σαλπίζω,verb,σαλπίσω,ἐσάλπισα,,,
σαρόω,verb,,,,σεσάρωμαι,
σβέννυμι,verb,σβέσω,ἔσβεσα,,,
σεβάζομαι,verb,,,,,σεβασθήσομαι
σείω,verb,,,,,σεισθήσομαι
σημαίνω,verb,,ἐσήμανα,,,
σήπω,verb,,,σέσηπα,,
σθενόω,verb,σθενώσω,,,,
σιγάω,verb,,ἐσίγησα,,,
σινιάζω,verb,,ἐσινίασα,,,
σιωπάω,verb,σιωπήσω,ἐσιώπησα,,,
σκανδαλίζω,verb,,ἐσκανδάλισα,,,
σκάπτω,verb,,ἔσκαψα,,,
σκηνόω,verb,σκηνήσω,ἐσκήνωσα,,,
σκιρτάω,verb,,ἐσκίρτησα,,,
σκληρύνω,verb,,ἐσκλήρυνον,,,σκληρυνθήσομαι
σκορπίζω,verb,,ἐσκόρπισα,,,σκορπισθήσομαι
σκοτίζω,verb,,,,,σκοτισθήσομαι
σκοτόω,verb,,,,ἐσκότωμαι,σκοτωθήσομαι
σκύλλω,verb,,,,ἔσκυλμαι,
σμυρνίζω,verb,,,,ἐσμύρνισμαι,
σοφίζω,verb,,ἐσόφισα,,σεσόφισμαι,
σπαράσσω,verb,,ἐσπάραξα,,,
σπαργανόω,verb,,ἐσπαργάνωσα,,ἐσπαργάνωμαι,
σπαταλάω,verb,,ἐσπατάλησα,,,
σταυρόω,verb,σταυρώσω,,,,
σπάω,verb,,ἔσπασα,,,
σπείρω,verb,,,,ἔσπαρμαι,σπαρήσομαι
σπεύδω,verb,,ἔσπευσα,,,
σπιλόω,verb,,,,ἐσπίλωμαι,
σπλαγχνίζω,verb,,,,,σπλαγχνισθήσομαι
σταυρόω,verb,,ἐσταύρωσα,,ἐσταύρωμαι,σταυρωθήσομαι
στενάζω,verb,,ἐστέναξα,,,
στερεόω,verb,,ἐστερέωσα,,,στερεωθήσομαι
στεφανόω,verb,,ἐστεφάνωσα,,ἐστεφάνωμαι,
στηρίζω,verb,στηρίξω,ἐστήρισα,,ἐστήριγμαι,στηριχθήσομαι
στοιχέω,verb,στοιχήσω,,,,
στρατολογέω,verb,,ἐστρατολόγησα,,,
στρέφω,verb,,ἔστρεψα,,,στραφήσομαι
στρηνιάω,verb,,ἐστρηνίασα,,,
στρώννυμι,verb,,ἔστρωσα,,ἔστρωμαι,
στυγνάζω,verb,,ἐστύγνασα,,,
συγκαθίζω,verb,,συνεκάθισα,,,
συγκακοπαθέω,verb,,συνεκακοπάθησα,,,
συγκαλέω,verb,,συνεκάλεσα,,,
συγκαλύπτω,verb,,,,συγκεκάλυμμαι,
συγκάμπτω,verb,,συνέκαμψα,,,
συγκαταβαίνω,verb,,συγκατέβην,,,
συγκατατίθημι,verb,,,,συγκατατέθειμαι,
συγκαταψηφίζομαι,verb,,,,,συγκαταψηφισθήσομαι
συγκεράννυμι,verb,,συνεκέρασα,,συγκεκέρασμαι,
συγκινέω,verb,,συνεκίνησα,,,
συγκλείω,verb,,συνέκλεισα,,,
συγκοινωνέω,verb,,συνεκοινώνησα,,,
συγκομίζω,verb,,συνεκόμισα,,,
συγκρίνω,verb,,συνέκρινα,,,
συγχαίρω,verb,,,,,συγχαρήσομαι
συγχέω,verb,,,,συγκέχυμαι,συγχυθήσομαι
συζάω,verb,συζήσω,,,,
συζεύγνυμι,verb,,συνέζευξα,,,
συζωοποιέω,verb,,συνεζωοποίησα,,,
συλλαλέω,verb,,συνελάλησα,,,
συλλαμβάνω,verb,συλλήμψομαι,συνέλαβον,συνείληφα,,συλλημφθήσομαι
συλλέγω,verb,συλλέξω,συνέλεξα,,,
συλλογίζομαι,verb,,συνελογισάμην,,,
συμβαίνω,verb,,συνέβην,συμβέβηκα,,
συμβάλλω,verb,,συνέβαλον,,,
συμβασιλεύω,verb,συμβασιλεύσω,συνεβασίλευσα,,,
συμβιβάζω,verb,συμβιβάσω,συνεβίβασα,,,συμβιβασθήσομαι
συμβουλεύω,verb,,συνεβούλευσα,,,
συμπαθέω,verb,,συνεπάθησα,,,
συμπαραγίνομαι,verb,,συμπαρεγενόμην,,,
συμπαρακαλέω,verb,,,,,συμπαρακληθήσομαι
συμπαραλαμβάνω,verb,,συμπαρέλαβον,,,
συμπέμπω,verb,,συνέπεμψα,,,
συμπεριλαμβάνω,verb,,συμπεριέλαβον,,,
συμπίνω,verb,,συνέπιον,,,
συμπίπτω,verb,,συνέπεσα,,,
συμπνίγω,verb,,συνέπνιξα,,,
συμφέρω,verb,,συνήνεγκα,,,
συμφύω,verb,,,,,συμφυήσομαι
συμφωνέω,verb,συμφωνήσω,συνεφώνησα,,,συμφωνηθήσομαι
συμψηφίζω,verb,,συνεψήφισα,,,
συνάγω,verb,,συνήγαγον,,σύνηγμαι,συναχθήσομαι
συναγωνίζομαι,verb,,συνηγωνισάμην,,,
συναθλέω,verb,,συνήθλησα,,,
συναθροίζω,verb,,συνήθροισα,,συνήθροισμαι,
συναίρω,verb,,συνῆρα,,,
συνακολουθέω,verb,,συνηκολούθησα,,,
συναναβαίνω,verb,,συνανέβην,,,
συναναπαύομαι,verb,,συνανεπαυσάμην,,,
συναντάω,verb,συναντήσω,συνήντησα,,,
συναντιλαμβάνομαι,verb,,συναντελαβόμην,,,
συναπάγω,verb,,,,,συναπαχθήσομαι
συναποθνῄσκω,verb,,συναπέθανον,,,
συναπόλλυμι,verb,,συναπώλεσα,,,
συναρπάζω,verb,,συνήρπασα,συνήρπακα,,συναρπασθήσομαι
συνδέομαι,verb,,,,συνδέδεμαι,
συνδοξάζω,verb,,,,,συνδοξασθήσομαι
συνεγείρω,verb,,συνήγειρα,,,συνεγερθήσομαι
συνεισέρχομαι,verb,,συνεισῆλθον,,,
συνεπιτίθημι,verb,,συνεπέθηκα,,,
συνέρχομαι,verb,,συνῆλθον,συνελήλυθα,,
συνεσθίω,verb,,συνέφαγον,,,
συνεφίστημι,verb,,συνεπέστην,,,
συνέχω,verb,συνέξω,συνέσχον,,,
συνθάπτω,verb,,,,,συνταφήσομαι
συνθλάω,verb,,,,,συνθλασθήσομαι
συνίημι,verb,συνήσω,συνῆκα,,,
συνίστημι,verb,,συνέστησα,συνέστηκα,,
συνοράω,verb,,συνεῖδον,,,
συντάσσω,verb,,συνέταξα,,,
συντελέω,verb,,συνετέλεσα,,,συντελεσθήσομαι
συντίθημι,verb,,συνέθηκα,,συνετέθειμαι,
συντρέχω,verb,,συνέδραμον,,,
συντρίβω,verb,συντρίψω,συνέτριψα,,συντέτριμμαι,συντριβήσομαι
συντυγχάνω,verb,,συνέτυχον,,,
συνυποκρίνομαι,verb,,,,,συνυποκριθήσομαι
συσπαράσσω,verb,,συνεσπάραξα,,,
συσταυρόομαι,verb,,,,συνεσταύρωμαι,συσταυρωθήσομαι
συστέλλω,verb,,συνέστειλα,,συνέσταλμαι,
συστρέφω,verb,,συνέστρεψα,,,
σφάζω,verb,σφάξω,ἔσφαξα,,ἔσφαγμαι,σφαγήσομαι
σφραγίζω,verb,,ἐσφράγισα,,ἐσφράγισμαι,σφραγισθήσομαι
σχίζω,verb,σχίσω,ἔσχισα,,,σχισθήσομαι
σχολάζω,verb,,ἐσχόλασα,,,
σωρεύω,verb,σωρεύσω,,,,
σωφρονέω,verb,,ἐσωφρόνησα,,,
σῴζω,verb,,,σέσωκα,σέσωσμαι,
σωρεύω,verb,,,,σεσώρευμαι,
ταλαιπωρέω,verb,,ἐταλαιπώρησα,,,
ταπεινόω,verb,ταπεινώσω,ἐταπείνωσα,,,ταπεινωθήσομαι
ταράσσω,verb,,ἐτάραξα,,τετάραγμαι,ταραχθήσομαι
ταρταρόω,verb,,ἐταρτάρωσα,,,
τάσσω,verb,,ἔταξα,,τέταγμαι,
τεκνοτροφέω,verb,,ἐτεκνοτρόφησα,,,
τελειόω,verb,,ἐτελείωσα,τετελείωκα,τετελείωμαι,τελειωθήσομαι
τελευτάω,verb,,ἐτελεύτησα,τετελεύτηκα,,
τελέω,verb,,ἐτέλεσα,,τετέλεσμαι,τελεσθήσομαι
τεφρόω,verb,,ἐτέφρωσα,,,
τηρέω,verb,,,,τετήρημαι,τηρηθήσομαι
τίθημι,verb,,,,τέθειμαι,τεθήσομαι
τίκτω,verb,τέξομαι,ἔτεκον,,,τεχθήσομαι
τιμάω,verb,τιμήσω,ἐτίμησα,,τετίμημαι,
τιμωρέω,verb,,,,,τιμωρηθήσομαι
τίνω,verb,τίσω,,,,
τολμάω,verb,,ἐτόλμησα,,,
τραυματίζω,verb,,ἐτραυμάτισα,,τετραυμάτισμαι,
τραχηλίζω,verb,,,,τετραχήλισμαι,
τρέφω,verb,,ἔθρεψα,,τέθραμμαι,
τροποφορέω,verb,,ἐτροποφόρησα,,,
τρυγάω,verb,,ἐτρύγησα,,,
τρυφάω,verb,,ἐτρύφησα,,,
τυγχάνω,verb,,ἔτυχον,τέτυχα,,
τυμπανίζω,verb,,,,,τυμπανισθήσομαι
τυφλόω,verb,,ἐτύφλωσα,τετύφλωκα,,
τυφόω,verb,,,,τετύφωμαι,τυφωθήσομαι
ὑβρίζω,verb,,ὕβρισα,,,ὑβρισθήσομαι
ὑμνέω,verb,,ὕμνησα,,,
ὑπακούω,verb,,ὑπήκουσα,,,
ὑπαντάω,verb,,ὑπήντησα,,,
ὑπεροράω,verb,,ὑπερεῖδον,,,
ὑπερπερισσεύω,verb,,ὑπερεπερίσσευσα,,,
ὑπερπλεονάζω,verb,,ὑπερεπλεόνασα,,,
ὑπερυψόω,verb,,ὑπερύψωσα,,,
ὑπηρετέω,verb,,ὑπηρέτησα,,,
ὑποβάλλω,verb,,ὑπέβαλον,,,
ὑποδέχομαι,verb,,ὑπεδεξάμην,,ὑποδέδεγμαι,
ὑποδέω,verb,,ὑπέδησα,,ὑποδέδεμαι,
ὑπολαμβάνω,verb,,ὑπέλαβον,,,
ὑπολείπω,verb,,,,,ὑπολειφθήσομαι
ὑπομένω,verb,ὑπομενῶ,ὑπέμεινα,ὑπομεμένηκα,,
ὑπομιμνῄσκω,verb,,ὑπεμνήσθην,,,ὑπομνησθήσομαι
ὑποπλέω,verb,,ὑπέπλευσα,,,
ὑποπνέω,verb,,ὑπέπνευσα,,,
ὑποστέλλω,verb,,ὑπέστειλα,,,
ὑποτάσσω,verb,,ὑπέταξα,,ὑποτέταγμαι,ὑποταγήσομαι
ὑποτίθημι,verb,,ὑπέθηκα,,,
ὑποτρέχω,verb,,ὑπέδραμον,,,
ὑποχωρέω,verb,,ὑπεχώρησα,,,
ὑστερέω,verb,,,ὑστέρηκα,,ὑστερηθήσομαι
ὑψόω,verb,ὑψώσω,ὕψωσα,,,ὑψωθήσομαι
φαίνω,verb,φανῶ,ἔφανα,,,φανήσομαι
φανερόω,verb,φανερώσω,,,πεφανέρωμαι,φανερωθήσομαι
φείδομαι,verb,φείσομαι,ἐφεισάμην,,,
φέρω,verb,οἴσω,,,,ἐνεχθήσομαι
φεύγω,verb,φεύξομαι,ἔφυγον,,,
φθάνω,verb,,ἔφθασα,,,
φθέγγομαι,verb,,ἐφθεγξάμην,,,
φθείρω,verb,φθερῶ,ἐφθείρα,,,φθαρήσομαι
φιλέω,verb,,ἐφίλησα,πεφίληκα,,
φιμόω,verb,φιμώσω,ἐφίμωσα,,πεφίμωμαι,φιμωθήσομαι
φονεύω,verb,φονεύσω,ἐφόνευσα,,,
φορέω,verb,φορέσω,ἐφόρεσα,,,
φορτίζω,verb,,,,πεφόρτισμαι,
φραγελλόω,verb,,ἐφραγέλλωσα,,,
φράζω,verb,,ἔφράσα,,,
φράσσω,verb,,ἔφραξα,,,φραγήσομαι
φρονέω,verb,φρονήσω,,,,
φρουρέω,verb,φρουρήσω,,,,
φρυάσσομαι,verb,,ἐφρύαξα,,,
φυλάσσω,verb,φυλάξω,,,,
φυσιόω,verb,,,,πεφυσίωμαι,φυσιωθήσομαι
φυτεύω,verb,,,,πεφύτευμαι,φυτευθήσομαι
φύω,verb,,,,,φυήσομαι
φωνέω,verb,φωνήσω,ἐφώνησα,,,φωνηθήσομαι
φωτίζω,verb,φωτίσω,ἐφώτισα,,πεφώτισμαι,φωτισθήσομαι
χαλάω,verb,,ἐχάλασα,,,χαλασθήσομαι
χαλιναγωγέω,verb,,ἐχαλιναγώγησα,,,
χαρίζω,verb,χαρίσομαι,ἐχάρισα,,,
χαριτόω,verb,,ἐχαρίτωσα,,κεχαρίτωμαι,
χειροτονέω,verb,,ἐχειροτόνησα,,,χειροτονηθήσομαι
χορηγέω,verb,χορηγήσω,,,,
χορτάζω,verb,,ἐχόρτασα,,,χορτασθήσομαι
χράω,verb,,ἔχρησα,,,
χρηματίζω,verb,χρηματίσω,ἐχρημάτισα,,κεχρημάτισμαι,χρηματισθήσομαι
χρίω,verb,,ἔχρισα,,,
χρονίζω,verb,χρονίσω,,,,
χρονοτριβέω,verb,,ἐχρονοτρίβησα,,,
χρυσόω,verb,,,,κεχρύσωμαι,
χωρέω,verb,χωρήσω,ἐχώρησα,,,
χωρίζω,verb,χωρίσω,ἐχώρισα,,κεχώρισμαι,χωρισθήσομαι
ψευδομαρτυρέω,verb,ψευδομαρτυρήσω,ἐψευδομαρτύρησα,,,
ψεύδω,verb,,ἔψευσα,,,
ψηλαφάω,verb,,ἐψηλάφησα,,,
ψηφίζω,verb,,ἐψήφισα,,,
ψύχω,verb,,,,,ψυγήσομαι
ψωμίζω,verb,,ἐψώμισα,,,
ὠνέομαι,verb,,ὠνησάμην,,,
ὠφελέω,verb,,ὠφέλησα,,,ὠφεληθήσομαι
