book,chapter,verse,position,new_head_verse,new_head_position
Matt,1,20,21,20,19
Matt,1,21,7,21,9
Matt,1,23,13,23,15
Matt,1,23,16,23,17
Matt,1,24,16,24,15
Matt,1,25,12,25,14
Matt,2,3,4,3,7
Matt,2,3,6,4,1
Matt,2,3,7,3,1
Matt,2,11,6,11,1
Matt,2,18,9,18,14
Matt,2,18,10,18,9
Matt,3,4,5,,
Matt,3,4,9,4,12
Matt,3,4,12,4,5
Matt,3,4,13,4,15
Matt,3,4,15,4,12
Matt,3,11,15,11,14
Matt,3,11,17,11,22
Matt,3,15,14,15,12
Matt,3,16,12,16,10
Matt,4,4,6,4,7
Matt,4,4,7,4,13
Matt,4,4,10,4,5
Matt,4,4,13,4,10
Matt,4,5,11,5,10
Matt,4,8,11,8,10
Matt,4,11,2,11,1
Matt,4,19,9,19,10
Matt,4,23,19,23,18
Matt,4,24,11,24,10
Matt,4,25,14,25,13
Matt,5,13,17,,
Matt,5,13,18,13,17
Matt,5,13,19,13,17
Matt,5,15,1,15,10
Matt,5,15,10,,
Matt,5,15,14,15,10
Matt,5,17,11,17,13
Matt,5,17,12,,
Matt,5,17,13,17,14
Matt,5,17,14,17,12
Matt,5,19,7,19,5
Matt,5,19,10,19,7
Matt,5,21,15,21,12
Matt,5,22,15,22,12
Matt,5,22,27,22,24
Matt,5,25,24,25,26
Matt,5,25,26,25,22
Matt,5,32,15,32,5
Matt,5,34,8,34,12
Matt,5,34,9,34,8
Matt,5,34,12,,
Matt,5,35,1,35,5
Matt,5,35,2,35,1
Matt,5,35,5,34,12
Matt,5,35,11,35,14
Matt,5,35,12,35,11
Matt,5,35,14,35,5
Matt,5,36,1,36,7
Matt,5,36,7,35,14
Matt,5,37,6,37,4
Matt,6,1,17,1,15
Matt,6,5,2,5,1
Matt,6,13,2,13,3
Matt,6,16,10,16,15
Matt,6,18,2,18,5
Matt,6,18,3,18,1
Matt,6,18,5,18,7
Matt,6,18,7,18,3
Matt,6,20,11,20,10
Matt,6,24,24,24,26
Matt,6,24,25,24,23
Matt,6,24,26,24,25
Matt,6,25,24,25,21
Matt,6,25,27,25,29
Matt,6,25,29,25,25
Matt,7,2,1,2,6
Matt,7,2,2,2,5
Matt,7,2,5,2,4
Matt,7,2,8,2,12
Matt,7,2,9,2,11
Matt,7,2,11,2,10
Matt,7,12,3,12,7
Matt,7,13,10,13,6
Matt,7,14,5,14,1
Matt,7,18,9,18,13
Matt,7,18,13,18,8
Matt,7,21,1,21,4
Matt,7,21,4,21,14
Matt,7,21,8,,
Matt,7,21,14,21,8
Matt,7,25,20,25,18
Matt,7,27,14,27,13
Matt,7,27,19,27,18
Matt,7,27,20,27,18
Matt,7,27,21,27,20
Matt,7,28,2,28,1
Matt,7,28,3,28,2
Matt,8,4,6,4,2
Matt,8,4,8,4,9
Matt,8,4,9,4,6
Matt,8,9,5,9,1
Matt,8,15,2,15,1
Matt,8,15,12,15,11
Matt,8,16,9,16,8
Matt,8,20,12,20,15
Matt,8,20,15,20,10
Matt,8,24,3,24,5
Matt,8,24,6,24,5
Matt,8,27,7,27,5
Matt,8,27,9,27,6
Matt,8,32,13,32,14
Matt,8,32,14,32,12
Matt,8,34,2,34,6
Matt,8,34,6,34,1
Matt,9,1,5,1,1
Matt,9,6,3,6,1
Matt,9,6,4,6,3
Matt,9,9,6,9,1
Matt,9,10,4,10,15
Matt,9,12,5,12,9
Matt,9,12,7,12,4
Matt,9,12,9,12,11
Matt,9,12,11,12,7
Matt,9,13,6,13,8
Matt,9,13,7,13,5
Matt,9,13,8,13,7
Matt,9,13,11,13,15
Matt,9,13,13,,
Matt,9,13,15,13,16
Matt,9,13,16,13,14
Matt,9,15,20,15,29
Matt,9,15,23,15,24
Matt,9,15,24,15,22
Matt,9,17,10,17,8
Matt,9,18,17,18,11
Matt,9,19,5,19,1
Matt,9,24,3,24,5
Matt,9,28,1,28,6
Matt,9,35,23,35,22
Matt,9,36,9,36,8
Matt,9,36,11,36,9
Matt,10,1,2,1,7
Matt,10,1,8,1,7
Matt,10,1,9,1,7
Matt,10,9,7,9,6
Matt,10,10,9,10,8
Matt,10,10,10,10,8
Matt,10,10,11,10,10
Matt,10,11,2,11,1
Matt,10,11,6,11,12
Matt,10,11,8,11,6
Matt,10,15,5,15,2
Matt,10,15,6,15,4
Matt,10,15,13,15,4
Matt,10,16,10,,
Matt,10,16,16,16,10
Matt,10,19,8,19,10
Matt,10,19,9,19,8
Matt,10,19,10,19,6
Matt,10,20,1,20,4
Matt,10,21,4,21,5
Matt,10,21,5,21,2
Matt,10,21,8,21,9
Matt,10,21,9,21,7
Matt,10,25,19,25,20
Matt,10,30,5,30,10
Matt,10,34,10,34,13
Matt,10,34,11,,
Matt,10,34,13,34,14
Matt,10,34,14,34,12
Matt,10,35,10,35,11
Matt,10,35,11,35,9
Matt,10,35,16,35,17
Matt,10,35,17,35,15
Matt,10,37,10,37,11
Matt,10,37,22,37,23
Matt,10,38,14,38,15
Matt,11,1,2,1,1
Matt,11,1,3,1,2
Matt,11,5,7,5,8
Matt,11,5,13,5,11
Matt,11,5,14,5,11
Matt,11,5,16,5,14
Matt,11,11,22,11,21
Matt,11,16,9,16,7
Matt,11,18,7,18,6
Matt,11,21,1,21,2
Matt,11,21,2,21,7
Matt,11,21,3,21,2
Matt,11,21,4,21,5
Matt,11,21,5,21,2
Matt,11,21,6,21,5
Matt,11,22,12,22,7
Matt,11,24,8,24,4
Matt,11,24,12,24,7
Matt,11,25,9,25,18
Matt,11,25,18,25,8
Matt,11,29,17,29,14
Matt,12,4,17,4,10
Matt,12,4,18,4,20
Matt,12,4,20,4,16
Matt,12,4,25,4,27
Matt,12,4,27,4,24
Matt,12,7,6,7,8
Matt,12,7,7,7,5
Matt,12,7,8,7,7
Matt,12,10,6,10,4
Matt,12,10,10,10,8
Matt,12,10,11,10,10
Matt,12,13,10,13,9
Matt,12,15,8,15,7
Matt,12,15,12,15,11
Matt,12,16,7,16,6
Matt,12,22,10,22,9
Matt,12,23,2,23,1
Matt,12,32,3,32,12
Matt,12,32,11,32,1
Matt,12,32,31,32,30
Matt,12,33,2,33,1
Matt,12,33,4,33,5
Matt,12,33,5,33,6
Matt,12,33,6,33,2
Matt,12,33,8,33,10
Matt,12,33,10,33,6
Matt,12,33,12,33,11
Matt,12,33,14,33,15
Matt,12,33,15,33,16
Matt,12,33,16,33,12
Matt,12,33,18,33,20
Matt,12,33,20,33,16
Matt,12,36,6,36,14
Matt,12,41,14,,
Matt,12,41,15,41,20
Matt,12,41,20,41,14
Matt,12,42,14,,
Matt,12,42,15,42,25
Matt,12,42,25,42,14
Matt,12,45,25,45,23
Matt,13,2,3,2,2
Matt,13,2,5,2,2
Matt,13,2,7,2,1
Matt,13,2,13,2,7
Matt,13,7,8,7,7
Matt,13,8,12,8,14
Matt,13,8,14,8,10
Matt,13,8,15,8,17
Matt,13,8,17,8,10
Matt,13,8,18,8,20
Matt,13,8,20,8,10
Matt,13,15,31,15,30
Matt,13,23,21,23,23
Matt,13,23,24,23,26
Matt,13,23,26,23,23
Matt,13,23,27,23,29
Matt,13,23,29,23,26
Matt,13,31,12,31,6
Matt,13,31,14,31,17
Matt,13,32,7,32,2
Matt,13,32,13,32,11
Matt,13,33,11,33,5
Matt,13,33,12,33,15
Matt,13,41,10,41,9
Matt,13,44,2,44,16
Matt,13,44,7,44,1
Matt,13,44,12,44,15
Matt,13,44,15,44,7
Matt,13,44,16,,
Matt,13,44,28,44,27
Matt,13,45,8,45,2
Matt,13,47,8,47,2
Matt,13,48,1,48,4
Matt,13,48,2,47,8
Matt,13,48,4,48,8
Matt,13,48,5,48,4
Matt,13,48,10,48,2
Matt,13,49,12,49,11
Matt,13,52,16,52,14
Matt,13,54,2,54,7
Matt,13,54,8,54,7
Matt,13,54,9,54,7
Matt,13,54,19,54,17
Matt,13,54,23,54,19
Matt,13,55,24,55,23
Matt,13,56,6,56,3
Matt,13,56,12,,
Matt,13,56,13,56,12
Matt,14,9,11,9,1
Matt,14,11,2,11,1
Matt,14,14,3,14,1
Matt,14,14,7,14,6
Matt,14,19,21,19,1
Matt,14,19,31,19,33
Matt,14,19,33,19,24
Matt,14,20,2,20,1
Matt,14,20,4,20,1
Matt,14,29,11,29,5
Matt,14,30,4,30,5
Matt,14,35,9,35,1
Matt,15,9,7,9,6
Matt,15,11,1,11,7
Matt,15,29,6,29,1
Matt,15,30,2,30,1
Matt,15,30,25,30,24
Matt,15,32,13,32,8
Matt,15,33,7,33,2
Matt,15,33,8,33,6
Matt,15,33,10,33,7
Matt,15,36,1,35,1
Matt,15,36,17,36,19
Matt,15,36,19,36,12
Matt,15,37,2,37,1
Matt,15,37,4,37,1
Matt,15,39,5,39,1
Matt,16,9,2,9,3
Matt,16,9,3,,
Matt,16,9,4,9,3
Matt,16,9,7,9,10
Matt,16,9,10,9,4
Matt,16,10,1,9,3
Matt,16,12,4,12,7
Matt,16,12,5,12,3
Matt,16,12,7,12,12
Matt,16,12,12,12,6
Matt,16,14,9,14,11
Matt,16,14,11,14,6
Matt,16,14,12,14,14
Matt,16,14,14,14,11
Matt,16,17,13,17,18
Matt,16,17,15,17,13
Matt,16,17,16,17,11
Matt,16,17,18,17,16
Matt,16,18,7,18,5
Matt,16,19,11,19,16
Matt,16,19,16,19,9
Matt,16,19,23,19,28
Matt,16,21,32,21,28
Matt,16,22,10,22,9
Matt,16,22,12,22,11
Matt,16,22,15,22,10
Matt,16,23,7,23,4
Matt,16,23,15,23,19
Matt,16,23,16,23,14
Matt,16,23,19,23,20
Matt,16,23,20,23,16
Matt,17,1,5,1,1
Matt,17,2,2,2,1
Matt,17,5,3,5,7
Matt,17,6,5,6,1
Matt,17,7,2,7,1
Matt,17,12,9,12,10
Matt,17,16,2,16,1
Matt,17,18,2,18,1
Matt,17,20,13,20,11
Matt,17,20,28,20,26
Matt,18,2,4,2,1
Matt,18,7,1,7,3
Matt,18,7,3,,
Matt,18,7,13,7,15
Matt,18,7,15,7,12
Matt,18,8,19,8,18
Matt,18,8,20,,
Matt,18,8,28,8,18
Matt,18,9,15,9,14
Matt,18,9,16,,
Matt,18,9,22,9,14
Matt,18,10,4,10,3
Matt,18,10,6,10,4
Matt,18,13,10,13,9
Matt,18,13,14,13,13
Matt,18,16,5,16,12
Matt,18,18,5,18,10
Matt,18,18,16,18,21
Matt,18,19,15,19,16
Matt,18,19,16,19,14
Matt,18,19,18,19,16
Matt,18,20,5,20,3
Matt,18,22,5,22,8
Matt,18,22,6,22,1
Matt,18,22,8,22,10
Matt,18,22,10,22,6
Matt,18,25,20,25,17
Matt,19,1,2,1,1
Matt,19,1,3,1,2
Matt,19,2,2,2,1
Matt,19,3,8,3,7
Matt,19,3,9,3,8
Matt,19,5,12,5,2
Matt,19,6,2,6,4
Matt,19,6,3,6,1
Matt,19,6,4,6,5
Matt,19,6,5,6,3
Matt,19,11,5,11,6
Matt,19,11,6,11,11
Matt,19,11,7,11,3
Matt,19,11,11,11,7
Matt,19,21,9,21,14
Matt,19,21,14,21,17
Matt,19,24,6,24,3
Matt,19,24,12,24,5
Matt,19,24,13,24,14
Matt,19,24,14,24,12
Matt,19,28,10,28,27
Matt,19,28,14,28,27
Matt,19,28,29,28,27
Matt,19,28,30,28,27
Matt,19,28,33,28,27
Matt,19,29,11,29,10
Matt,19,29,12,29,10
Matt,19,29,13,29,12
Matt,19,29,14,29,12
Matt,19,29,15,29,14
Matt,19,29,16,29,14
Matt,19,29,17,29,16
Matt,19,29,18,29,16
Matt,19,29,19,29,18
Matt,20,1,8,1,1
Matt,20,12,7,12,1
Matt,20,12,10,12,9
Matt,20,12,11,12,9
Matt,20,17,7,17,1
Matt,20,18,2,17,17
Matt,20,18,10,18,5
Matt,20,18,16,18,15
Matt,20,21,17,21,18
Matt,20,21,18,21,21
Matt,20,21,22,21,23
Matt,20,21,23,21,21
Matt,20,26,1,26,2
Matt,20,34,11,34,9
Matt,21,2,3,2,1
Matt,21,9,23,9,22
Matt,21,12,2,12,1
Matt,21,12,8,12,7
Matt,21,13,13,13,15
Matt,21,14,2,14,1
Matt,21,17,4,17,1
Matt,21,19,8,19,1
Matt,21,21,16,21,17
Matt,21,21,23,21,22
Matt,21,21,34,21,23
Matt,21,23,22,23,17
Matt,21,33,20,33,19
Matt,21,33,23,33,22
Matt,21,33,26,33,22
Matt,21,33,27,33,26
Matt,21,39,4,39,1
Matt,21,41,3,41,6
Matt,21,42,10,42,15
Matt,21,44,10,44,9
Matt,22,3,2,3,1
Matt,22,5,5,5,7
Matt,22,5,7,5,4
Matt,22,5,11,5,13
Matt,22,5,13,5,7
Matt,22,14,5,14,7
Matt,22,14,7,14,3
Matt,22,29,9,29,7
Matt,22,29,11,29,12
Matt,22,29,12,29,9
Matt,22,30,8,30,7
Matt,22,32,14,32,18
Matt,22,32,15,,
Matt,22,32,18,32,19
Matt,22,32,19,32,17
Matt,22,40,8,40,10
Matt,22,40,9,,
Matt,22,40,10,40,9
Matt,22,43,9,43,10
Matt,23,4,15,4,19
Matt,23,13,1,13,3
Matt,23,13,3,13,8
Matt,23,15,1,15,2
Matt,23,15,2,15,7
Matt,23,15,21,15,22
Matt,23,16,1,16,2
Matt,23,16,2,,
Matt,23,16,3,16,2
Matt,23,16,6,16,3
Matt,23,16,14,16,6
Matt,22,22,3,22,1
Matt,22,25,11,25,7
Matt,22,37,22,37,21
Matt,23,6,8,6,1
Matt,23,7,1,6,8
Matt,23,23,1,23,2
Matt,23,23,2,23,7
Matt,23,28,15,28,13
Matt,23,25,1,25,2
Matt,23,25,2,25,7
Matt,23,27,1,27,2
Matt,23,27,2,27,7
Matt,23,29,1,29,2
Matt,23,29,2,29,7
Matt,23,37,19,37,22
Matt,23,37,20,37,15
Matt,24,1,8,1,1
Matt,24,7,7,7,8
Matt,24,7,8,7,6
Matt,24,10,3,10,1
Matt,24,11,4,11,1
Matt,24,14,2,14,1
Matt,24,24,10,24,7
Matt,24,24,18,24,13
Matt,24,26,17,26,11
Matt,24,27,13,27,1
Matt,24,29,32,29,27
Matt,24,30,3,30,1
Matt,24,31,2,31,1
Matt,24,33,1,33,8
Matt,24,33,2,33,3
Matt,24,33,3,33,8
Matt,24,33,4,,
Matt,24,33,9,33,8
Matt,24,36,15,36,8
Matt,24,38,3,39,1
Matt,24,38,12,38,3
Matt,24,38,18,38,20
Matt,24,38,19,38,17
Matt,24,38,20,38,19
Matt,24,48,3,49,1
Matt,24,48,12,48,3
Matt,24,51,2,51,1
Matt,25,6,8,6,4
Matt,25,10,11,10,8
Matt,25,14,9,14,1
Matt,25,15,4,15,1
Matt,25,15,13,15,4
Matt,25,31,3,31,1
Matt,25,31,5,31,12
Matt,25,31,12,31,3
Matt,25,32,2,32,1
Matt,25,32,16,32,13
Matt,25,40,14,40,13
Matt,25,40,16,40,14
Matt,25,40,19,40,16
Matt,25,44,16,44,15
Matt,25,44,17,44,15
Matt,25,44,18,44,17
Matt,25,44,19,44,17
Matt,25,44,20,44,19
Matt,25,46,9,46,10
Matt,25,46,10,46,2
Matt,26,1,2,1,1
Matt,26,1,3,1,2
Matt,26,2,8,2,2
Matt,26,19,2,19,1
Matt,26,24,11,24,14
Matt,26,24,14,24,6
Matt,26,24,25,24,23
Matt,26,29,17,29,15
Matt,26,29,19,29,21
Matt,26,29,21,29,17
Matt,26,39,23,39,24
Matt,26,40,2,40,1
Matt,26,40,6,40,1
Matt,26,43,11,43,7
Matt,26,49,6,49,1
Matt,26,51,2,51,1
Matt,26,51,10,51,1
Matt,26,54,3,,
Matt,26,54,6,54,5
Matt,26,63,19,63,17
Matt,26,63,20,63,19
Matt,26,64,6,64,1
Matt,26,66,9,66,8
Matt,27,1,3,1,5
Matt,27,1,4,1,5
Matt,27,1,9,1,5
Matt,27,1,14,1,5
Matt,27,5,8,5,1
Matt,27,9,11,9,10
Matt,27,19,14,19,16
Matt,27,19,16,19,13
Matt,27,28,6,28,1
Matt,27,29,1,28,1
Matt,27,29,11,29,1
Matt,27,29,12,29,11
Matt,27,31,2,31,1
Matt,27,31,15,31,9
Matt,27,33,7,33,8
Matt,27,38,7,38,8
Matt,27,38,8,38,10
Matt,27,38,11,38,12
Matt,27,38,12,38,10
Matt,27,40,7,40,12
Matt,27,40,12,40,2
Matt,27,49,6,49,5
Matt,27,49,7,49,6
Matt,27,51,2,51,4
Matt,27,51,7,51,1
Matt,27,51,17,51,14
Matt,27,52,11,52,5
Matt,27,59,7,59,1
Matt,27,61,7,61,1
Matt,27,64,1,64,10
Matt,27,64,10,,
Matt,27,64,32,64,30
Mark,1,3,1,2,11
Mark,1,5,2,5,1
Mark,1,6,5,6,15
Mark,1,6,8,6,5
Mark,1,7,14,7,13
Mark,1,7,10,7,19
Mark,1,9,2,9,1
Mark,1,13,2,13,1
Mark,1,13,13,13,12
Mark,1,19,4,19,1
Mark,1,23,3,23,1
Mark,1,24,16,24,13
Mark,1,27,3,27,2
Mark,1,27,8,27,5
Mark,1,27,10,27,8
Mark,1,27,12,27,11
Mark,1,31,9,31,8
Mark,1,32,3,32,8
Mark,1,32,7,32,5
Mark,1,33,5,33,2
Mark,1,34,2,34,1
Mark,1,34,11,34,8
Mark,1,36,2,36,1
Mark,1,37,2,37,1
Mark,1,38,11,38,12
Mark,1,38,12,38,13
Mark,1,42,3,42,1
Mark,1,43,5,43,1
Mark,1,44,4,44,2
Mark,1,45,1,45,4
Mark,1,45,3,45,4
Mark,1,45,7,45,4
Mark,1,45,11,,
Mark,1,45,14,45,19
Mark,1,45,19,45,11
Mark,2,2,3,2,2
Mark,2,2,4,2,1
Mark,2,4,9,4,1
Mark,2,9,15,9,14
Mark,2,12,2,12,1
Mark,2,12,4,12,8
Mark,2,12,5,12,8
Mark,2,12,9,12,8
Mark,2,13,11,13,7
Mark,2,14,3,14,1
Mark,2,15,2,15,1
Mark,2,17,8,17,12
Mark,2,17,10,17,7
Mark,2,17,12,17,14
Mark,2,17,14,17,10
Mark,2,17,18,17,21
Mark,2,17,19,,
Mark,2,17,21,17,22
Mark,2,17,22,17,20
Mark,2,18,6,18,2
Mark,2,18,11,18,10
Mark,2,20,1,20,10
Mark,2,20,4,20,5
Mark,2,20,5,20,3
Mark,2,21,20,21,18
Mark,2,22,3,22,1
Mark,2,22,19,22,21
Mark,2,22,20,22,17
Mark,2,22,21,22,20
Mark,2,22,25,22,27
Mark,2,22,27,22,24
Mark,2,23,2,23,1
Mark,2,26,16,26,11
Mark,2,27,13,27,14
Mark,2,27,14,27,10
Mark,3,1,10,1,13
Mark,3,2,2,2,9
Mark,3,2,4,2,2
Mark,3,2,9,2,1
Mark,3,3,9,3,7
Mark,3,5,20,5,19
Mark,3,8,5,8,4
Mark,3,8,8,8,4
Mark,3,8,9,8,8
Mark,3,8,12,8,8
Mark,3,8,13,8,12
Mark,3,10,1,10,3
Mark,3,11,3,11,9
Mark,3,11,6,11,1
Mark,3,11,9,11,12
Mark,3,11,10,11,9
Mark,3,11,11,11,6
Mark,3,12,7,12,8
Mark,3,13,2,13,1
Mark,3,13,6,13,1
Mark,3,16,2,16,1
Mark,3,16,6,16,5
Mark,3,16,10,16,7
Mark,3,17,1,16,6
Mark,3,17,6,17,1
Mark,3,17,16,17,15
Mark,3,18,2,18,1
Mark,3,18,3,18,1
Mark,3,18,4,18,3
Mark,3,18,5,18,3
Mark,3,18,6,18,5
Mark,3,18,7,18,5
Mark,3,18,8,18,7
Mark,3,18,9,18,7
Mark,3,18,10,18,9
Mark,3,18,11,18,9
Mark,3,18,12,18,11
Mark,3,18,16,18,11
Mark,3,18,17,18,16
Mark,3,18,18,18,16
Mark,3,19,1,18,18
Mark,3,20,7,20,6
Mark,3,20,9,20,6
Mark,3,22,9,22,12
Mark,3,22,12,22,8
Mark,3,22,13,22,12
Mark,3,26,10,26,11
Mark,3,27,14,27,1
Mark,3,28,14,28,15
Mark,3,28,15,28,13
Mark,3,28,17,28,15
Mark,3,29,20,29,17
Mark,3,31,2,31,1
Mark,3,32,2,32,1
Mark,4,1,10,1,9
Mark,4,1,12,1,9
Mark,4,1,14,1,8
Mark,4,2,2,2,1
Mark,4,4,12,4,2
Mark,4,4,13,4,12
Mark,4,5,3,5,1
Mark,4,6,2,6,1
Mark,4,6,6,6,7
Mark,4,6,7,6,2
Mark,4,7,7,7,1
Mark,4,7,8,7,7
Mark,4,7,11,7,7
Mark,4,8,3,8,1
Mark,4,8,10,8,9
Mark,4,8,17,8,18
Mark,4,8,18,8,19
Mark,4,8,20,8,21
Mark,4,8,21,8,19
Mark,4,8,23,8,24
Mark,4,8,24,8,22
Mark,4,11,20,12,1
Mark,4,12,1,12,13
Mark,4,16,10,16,18
Mark,4,16,15,16,18
Mark,4,16,16,16,18
Mark,4,16,19,16,18
Mark,4,20,19,20,20
Mark,4,20,20,20,21
Mark,4,20,22,20,23
Mark,4,20,23,20,21
Mark,4,20,25,20,26
Mark,4,20,26,20,24
Mark,4,21,9,21,13
Mark,4,21,12,21,8
Mark,4,21,13,21,12
Mark,4,22,5,22,9
Mark,4,22,6,22,7
Mark,4,22,7,22,5
Mark,4,22,9,,
Mark,4,22,10,22,12
Mark,4,22,13,22,12
Mark,4,24,7,24,11
Mark,4,24,8,24,10
Mark,4,24,10,24,9
Mark,4,31,5,31,3
Mark,4,31,11,31,6
Mark,4,31,14,31,10
Mark,4,32,10,32,7
Mark,4,32,13,32,12
Mark,4,36,5,36,1
Mark,4,37,2,37,1
Mark,4,37,8,37,9
Mark,4,37,10,37,9
Mark,4,38,12,38,11
Mark,4,39,13,39,12
Mark,4,41,2,41,1
Mark,4,41,12,41,6
Mark,4,41,13,41,12
Mark,5,3,10,3,15
Mark,5,3,13,3,8
Mark,5,4,10,4,9
Mark,5,5,14,5,1
Mark,5,5,16,5,14
Mark,5,6,8,6,1
Mark,5,13,10,13,4
Mark,5,13,15,13,14
Mark,5,14,5,14,1
Mark,5,15,2,15,1
Mark,5,15,7,15,6
Mark,5,16,2,16,1
Mark,5,16,10,16,2
Mark,5,19,2,19,3
Mark,5,20,2,20,1
Mark,5,20,3,20,1
Mark,5,21,12,21,1
Mark,5,22,2,22,1
Mark,5,24,6,24,5
Mark,5,26,16,26,13
Mark,5,29,3,29,1
Mark,5,38,2,38,1
Mark,5,38,9,38,8
Mark,5,41,11,41,12
Mark,5,42,3,42,1
Mark,5,43,2,43,1
Mark,6,1,2,1,1
Mark,6,2,16,2,18
Mark,6,2,17,2,16
Mark,6,2,21,2,25
Mark,6,2,25,2,19
Mark,6,2,27,2,25
Mark,6,2,33,2,27
Mark,6,3,18,3,17
Mark,6,4,23,4,22
Mark,6,7,2,7,1
Mark,6,8,9,9,1
Mark,6,9,1,8,4
Mark,6,9,2,9,1
Mark,6,10,5,10,2
Mark,6,12,3,12,1
Mark,6,13,6,13,5
Mark,6,14,2,14,1
Mark,6,16,8,16,10
Mark,6,16,9,16,8
Mark,6,20,8,20,9
Mark,6,20,20,20,16
Mark,6,21,2,22,1
Mark,6,21,5,21,11
Mark,6,21,11,21,3
Mark,6,22,2,22,1
Mark,6,23,5,23,9
Mark,6,23,6,23,5
Mark,6,28,2,28,1
Mark,6,28,8,28,1
Mark,6,30,2,30,1
Mark,6,33,2,33,1
Mark,6,33,5,33,1
Mark,6,33,14,33,8
Mark,6,34,3,34,1
Mark,6,35,4,35,3
Mark,6,35,5,35,11
Mark,6,35,6,35,11
Mark,6,35,7,35,6
Mark,6,35,9,35,6
Mark,6,35,11,35,1
Mark,6,35,12,35,11
Mark,6,41,15,41,1
Mark,6,42,2,42,1
Mark,6,43,2,43,1
Mark,6,48,13,48,12
Mark,6,51,2,51,1
Mark,6,52,1,52,3
Mark,6,52,11,52,8
Mark,6,53,6,53,1
Mark,6,55,1,54,1
Mark,6,56,16,56,1
Mark,7,3,4,3,15
Mark,7,3,14,3,15
Mark,7,4,2,4,6
Mark,7,4,7,4,8
Mark,7,4,16,4,11
Mark,7,4,23,4,22
Mark,7,7,3,6,27
Mark,7,7,7,7,6
Mark,7,19,2,19,5
Mark,7,19,3,19,1
Mark,7,19,5,19,8
Mark,7,19,8,19,3
Mark,7,24,14,24,9
Mark,7,26,6,26,5
Mark,7,32,2,32,1
Mark,7,33,9,33,1
Mark,7,34,6,34,1
Mark,7,35,2,35,1
Mark,7,35,7,35,6
Mark,8,6,16,6,9
Mark,8,8,2,8,1
Mark,8,8,3,8,1
Mark,8,11,2,11,1
Mark,8,12,14,,
Mark,8,12,16,12,14
Mark,8,14,2,14,1
Mark,8,17,18,17,15
Mark,8,22,6,22,5
Mark,8,23,7,23,1
Mark,8,23,22,23,12
Mark,8,23,24,23,22
Mark,8,24,4,24,3
Mark,8,24,7,24,4
Mark,8,25,11,25,10
Mark,8,28,11,28,12
Mark,8,28,12,28,10
Mark,8,28,15,28,10
Mark,8,33,18,33,22
Mark,8,33,19,33,17
Mark,8,33,22,33,23
Mark,8,33,23,33,19
Mark,9,2,5,2,1
Mark,9,2,17,2,23
Mark,9,2,25,2,24
Mark,9,3,9,3,16
Mark,9,4,2,4,1
Mark,9,5,8,5,10
Mark,9,5,10,5,5
Mark,9,7,2,7,1
Mark,9,8,5,8,7
Mark,9,8,6,8,1
Mark,9,8,7,8,6
Mark,9,11,5,11,4
Mark,9,11,8,11,6
Mark,9,12,9,12,3
Mark,9,15,8,15,1
Mark,9,18,6,18,1
Mark,9,18,15,18,14
Mark,9,18,17,18,16
Mark,9,20,12,20,6
Mark,9,21,16,21,15
Mark,9,22,7,22,11
Mark,9,22,8,22,3
Mark,9,22,11,22,1
Mark,9,23,7,23,4
Mark,9,23,10,23,7
Mark,9,26,9,26,8
Mark,9,28,14,28,16
Mark,9,28,15,28,16
Mark,9,28,17,28,16
Mark,9,36,4,36,1
Mark,9,37,13,36,12
Mark,9,37,20,37,22
Mark,9,37,21,37,14
Mark,9,37,22,37,21
Mark,9,42,15,42,13
Mark,9,43,11,,
Mark,9,43,18,43,10
Mark,9,45,11,,
Mark,9,45,18,45,10
Mark,9,47,12,,
Mark,9,47,20,47,10
Mark,10,1,4,1,1
Mark,10,1,15,1,14
Mark,10,2,2,2,1
Mark,10,2,4,2,2
Mark,10,2,9,2,2
Mark,10,7,12,7,11
Mark,10,8,9,8,11
Mark,10,8,10,8,8
Mark,10,8,11,8,12
Mark,10,8,12,8,10
Mark,10,11,13,11,2
Mark,10,21,14,21,18
Mark,10,25,10,25,1
Mark,10,27,6,27,9
Mark,10,27,8,27,5
Mark,10,27,9,27,8
Mark,10,29,17,29,16
Mark,10,29,18,29,16
Mark,10,29,19,29,18
Mark,10,29,20,29,18
Mark,10,29,21,29,20
Mark,10,29,22,29,20
Mark,10,29,23,29,21
Mark,10,30,16,30,15
Mark,10,30,17,30,15
Mark,10,30,18,30,17
Mark,10,30,19,30,17
Mark,10,30,20,30,18
Mark,10,32,14,32,10
Mark,10,33,6,33,1
Mark,10,33,11,33,6
Mark,10,33,17,33,6
Mark,10,33,21,33,17
Mark,10,34,1,33,21
Mark,10,34,2,34,1
Mark,10,34,11,34,10
Mark,10,34,12,34,10
Mark,10,34,16,34,12
Mark,10,37,8,37,10
Mark,10,37,10,37,12
Mark,10,37,13,37,14
Mark,10,37,14,37,12
Mark,10,40,12,40,11
Mark,10,40,13,40,12
Mark,10,43,1,43,2
Mark,10,45,8,45,1
Mark,10,45,9,45,10
Mark,10,45,10,45,8
Mark,10,46,6,46,23
Mark,10,46,7,46,10
Mark,10,46,10,46,6
Mark,10,46,12,46,10
Mark,10,52,14,52,12
Mark,11,2,4,2,2
Mark,11,3,15,3,10
Mark,11,4,2,4,1
Mark,11,4,4,4,3
Mark,11,7,2,7,1
Mark,11,7,9,7,8
Mark,11,8,10,8,12
Mark,11,8,12,8,6
Mark,11,9,8,9,7
Mark,11,10,10,10,9
Mark,11,13,3,13,2
Mark,11,13,6,13,3
Mark,11,13,8,13,1
Mark,11,13,9,13,8
Mark,11,13,29,13,26
Mark,11,15,10,15,5
Mark,11,17,2,17,1
Mark,11,17,17,17,12
Mark,11,17,21,17,22
Mark,11,18,2,18,1
Mark,11,23,18,23,19
Mark,11,25,6,25,11
Mark,11,27,10,27,12
Mark,11,27,12,27,6
Mark,11,28,8,28,2
Mark,11,30,5,30,8
Mark,11,30,7,,
Mark,11,30,8,30,7
Mark,11,32,8,32,10
Mark,11,32,10,32,5
Mark,11,32,12,32,10
Mark,11,32,14,32,10
Mark,12,1,9,1,1
Mark,12,1,17,1,16
Mark,12,1,20,1,19
Mark,12,1,24,1,23
Mark,12,3,4,3,1
Mark,12,5,3,5,1
Mark,12,6,2,6,3
Mark,12,6,4,6,2
Mark,12,8,3,8,1
Mark,12,10,6,10,11
Mark,12,12,2,12,1
Mark,12,14,16,14,18
Mark,12,18,2,18,1
Mark,12,20,7,20,4
Mark,12,21,4,21,1
Mark,12,23,14,23,15
Mark,12,24,10,24,8
Mark,12,24,12,24,13
Mark,12,24,13,24,10
Mark,12,25,9,25,8
Mark,12,26,4,26,1
Mark,12,27,1,27,2
Mark,12,27,2,,
Mark,12,27,4,27,5
Mark,12,27,5,27,3
Mark,12,30,19,30,18
Mark,12,30,24,30,18
Mark,12,30,25,30,24
Mark,12,31,10,31,9
Mark,12,33,15,33,14
Mark,12,33,31,33,26
Mark,12,37,4,37,5
Mark,12,38,12,38,10
Mark,12,38,16,38,12
Mark,12,38,17,38,16
Mark,13,3,22,3,21
Mark,13,4,7,4,6
Mark,13,4,10,4,11
Mark,13,4,11,4,9
Mark,13,8,7,8,8
Mark,13,8,8,8,6
Mark,13,11,6,11,7
Mark,13,11,12,11,20
Mark,13,11,20,11,10
Mark,13,11,21,11,23
Mark,13,12,2,12,1
Mark,13,12,7,12,1
Mark,13,12,8,12,9
Mark,13,12,9,12,7
Mark,13,12,11,12,10
Mark,13,22,17,22,13
Mark,13,24,13,24,1
Mark,13,25,1,24,13
Mark,13,25,3,25,4
Mark,13,27,3,27,1
Mark,13,29,1,29,8
Mark,13,29,3,29,8
Mark,13,29,4,,
Mark,13,29,9,29,8
Mark,13,32,16,32,9
Mark,13,34,2,34,1
Mark,13,34,8,34,22
Mark,13,34,15,34,17
Mark,13,34,17,34,9
Mark,13,35,15,35,14
Mark,13,35,16,35,14
Mark,13,35,17,35,16
Mark,13,35,18,35,16
Mark,13,35,19,35,18
Mark,14,4,3,4,1
Mark,14,12,4,12,11
Mark,14,12,7,12,10
Mark,14,12,10,12,4
Mark,14,12,11,12,1
Mark,14,12,12,12,11
Mark,14,12,14,12,11
Mark,14,12,17,12,11
Mark,14,12,14,12,11
Mark,14,16,2,16,1
Mark,14,16,5,16,1
Mark,14,16,11,16,10
Mark,14,16,12,16,11
Mark,14,21,12,21,15
Mark,14,21,15,21,7
Mark,14,23,5,23,1
Mark,14,25,16,25,14
Mark,14,25,18,25,20
Mark,14,25,20,25,16
Mark,14,27,9,27,6
Mark,14,32,2,32,1
Mark,14,33,2,33,1
Mark,14,35,4,35,1
Mark,14,35,9,35,8
Mark,14,36,16,36,17
Mark,14,36,21,36,20
Mark,14,36,22,36,21
Mark,14,37,2,37,1
Mark,14,37,3,37,1
Mark,14,40,4,40,1
Mark,14,40,11,40,7
Mark,14,41,2,41,1
Mark,14,51,4,51,1
Mark,14,53,2,53,1
Mark,14,54,6,54,1
Mark,14,54,16,54,15
Mark,14,54,21,54,16
Mark,14,62,6,62,4
Mark,14,64,14,64,12
Mark,14,65,2,65,1
Mark,14,65,15,65,14
Mark,14,66,2,66,9
Mark,14,66,9,66,1
Mark,14,68,8,68,7
Mark,14,68,13,68,12
Mark,15,5,3,5,6
Mark,15,5,4,5,6
Mark,15,5,5,5,6
Mark,15,8,6,8,5
Mark,15,8,7,8,6
Mark,15,12,12,12,15
Mark,15,17,2,17,1
Mark,15,19,2,19,1
Mark,15,20,2,20,1
Mark,15,22,8,22,9
Mark,15,22,12,22,9
Mark,15,24,2,24,1
Mark,15,26,4,26,2
Mark,15,34,14,34,15
Mark,15,36,14,36,13
Mark,15,36,15,36,14
Mark,15,40,10,40,8
Mark,15,40,24,40,23
Mark,15,41,1,41,7
Mark,15,41,2,41,3
Mark,15,41,3,41,7
Mark,15,41,7,40,4
Mark,15,41,8,41,7
Mark,15,42,4,43,22
Mark,15,43,8,43,11
Mark,15,44,4,44,8
Mark,15,44,5,44,4
Mark,15,44,12,44,8
Mark,15,44,14,44,12
Mark,15,46,14,46,15
Mark,16,5,6,5,1
Mark,16,7,11,7,10
Luke,1,1,1,,
Luke,1,2,1,1,1
Luke,1,2,12,2,8
Luke,1,3,1,1,1
Luke,1,3,3,3,2
Luke,1,4,3,4,8
Luke,1,4,4,4,5
Luke,1,4,6,4,3
Luke,1,5,17,5,16
Luke,1,5,19,5,17
Luke,1,7,12,7,18
Luke,1,10,4,10,5
Luke,1,12,2,12,1
Luke,1,13,26,13,28
Luke,1,15,13,15,7
Luke,1,19,8,19,5
Luke,1,20,9,20,8
Luke,1,20,10,20,12
Luke,1,20,11,20,9
Luke,1,20,12,20,11
Luke,1,21,2,21,1
Luke,1,21,4,21,2
Luke,1,22,16,22,17
Luke,1,22,17,22,15
Luke,1,23,2,23,1
Luke,1,23,10,23,3
Luke,1,26,18,26,19
Luke,1,27,5,27,6
Luke,1,31,6,31,1
Luke,1,31,12,31,14
Luke,1,32,7,32,4
Luke,1,33,12,33,16
Luke,1,35,23,35,21
Luke,1,41,2,41,1
Luke,1,41,11,41,2
Luke,1,43,2,43,3
Luke,1,43,3,43,1
Luke,1,49,7,49,1
Luke,1,50,1,49,7
Luke,1,53,5,53,7
Luke,1,58,2,58,1
Luke,1,59,2,59,1
Luke,1,59,8,59,2
Luke,1,59,14,59,21
Luke,1,64,1,64,11
Luke,1,64,4,64,7
Luke,1,64,7,64,1
Luke,1,65,2,65,1
Luke,1,67,6,67,1
Luke,1,68,9,68,7
Luke,1,69,1,68,9
Luke,1,69,2,70,1
Luke,1,70,1,69,1
Luke,1,71,1,69,4
Luke,2,3,5,3,6
Luke,2,3,6,3,2
Luke,2,6,8,6,1
Luke,2,7,9,7,8
Luke,2,9,4,9,1
Luke,2,9,6,9,1
Luke,2,15,2,15,1
Luke,2,15,14,15,3
Luke,2,16,2,16,1
Luke,2,21,16,21,14
Luke,2,25,2,25,1
Luke,2,23,13,23,11
Luke,2,25,4,25,1
Luke,2,25,7,25,8
Luke,2,25,9,25,3
Luke,2,25,15,25,10
Luke,2,28,1,27,9
Luke,2,28,2,28,3
Luke,2,28,3,28,1
Luke,2,28,9,28,8
Luke,2,33,6,33,2
Luke,2,34,2,34,1
Luke,2,39,2,39,1
Luke,2,39,10,39,2
Luke,2,46,2,46,1
Luke,2,46,6,46,2
Luke,2,48,4,48,1
Luke,2,49,5,49,7
Luke,2,49,6,49,2
Luke,2,51,2,51,1
Luke,3,1,34,1,30
Luke,3,5,18,5,19
Luke,3,5,19,5,16
Luke,3,11,9,11,3
Luke,3,14,16,14,12
Luke,3,15,6,15,5
Luke,3,15,17,15,6
Luke,3,16,16,16,24
Luke,3,21,9,21,1
Luke,3,21,10,21,12
Luke,3,21,12,21,1
Luke,3,23,4,23,3
Luke,3,23,5,23,3
Luke,4,2,9,2,7
Luke,4,6,20,6,23
Luke,4,10,3,11,1
Luke,4,11,1,10,1
Luke,4,11,2,11,1
Luke,4,16,2,16,1
Luke,4,16,9,16,8
Luke,4,17,2,17,1
Luke,4,20,12,20,16
Luke,4,22,3,22,1
Luke,4,22,5,22,1
Luke,4,23,21,23,22
Luke,4,23,22,23,20
Luke,4,25,17,25,26
Luke,4,25,19,25,17
Luke,4,25,20,25,17
Luke,4,25,26,25,16
Luke,4,25,27,25,26
Luke,4,26,8,26,9
Luke,4,26,9,26,7
Luke,4,27,4,27,1
Luke,4,28,2,28,1
Luke,4,28,3,28,8
Luke,4,28,5,28,8
Luke,4,29,3,29,1
Luke,4,29,10,29,9
Luke,4,29,11,29,9
Luke,4,33,5,33,1
Luke,4,34,16,34,13
Luke,4,36,2,36,1
Luke,4,38,11,38,15
Luke,4,39,5,39,1
Luke,4,40,17,40,18
Luke,4,40,18,40,23
Luke,4,40,19,40,17
Luke,4,42,12,42,9
Luke,5,1,1,,
Luke,5,1,15,1,1
Luke,5,1,16,1,17
Luke,5,1,17,1,15
Luke,5,7,14,7,13
Luke,5,7,19,7,16
Luke,5,10,13,10,11
Luke,5,12,2,12,1
Luke,5,12,11,12,2
Luke,5,12,12,12,11
Luke,5,14,3,14,1
Luke,5,14,6,14,7
Luke,5,14,7,14,3
Luke,5,14,15,14,14
Luke,5,14,22,14,14
Luke,5,16,1,16,3
Luke,5,17,2,17,1
Luke,5,17,7,17,2
Luke,5,17,8,17,9
Luke,5,17,9,17,7
Luke,5,17,15,17,12
Luke,5,17,17,17,18
Luke,5,18,2,18,3
Luke,5,18,3,18,1
Luke,5,18,4,18,3
Luke,5,18,8,18,9
Luke,5,24,3,24,1
Luke,5,24,4,24,3
Luke,5,26,3,26,1
Luke,5,26,6,26,5
Luke,5,27,4,27,1
Luke,5,27,6,27,5
Luke,5,29,18,29,19
Luke,5,31,8,31,12
Luke,5,31,10,31,5
Luke,5,31,12,31,14
Luke,5,31,14,31,10
Luke,5,32,1,32,2
Luke,5,32,2,,
Luke,5,32,4,32,5
Luke,5,32,5,32,3
Luke,5,32,7,32,3
Luke,5,36,9,36,14
Luke,5,37,21,37,19
Luke,6,1,10,1,9
Luke,6,6,14,6,13
Luke,6,7,1,7,13
Luke,6,7,8,7,1
Luke,6,7,13,,
Luke,6,8,12,8,15
Luke,6,9,7,9,1
Luke,6,9,9,9,7
Luke,6,13,5,13,2
Luke,6,13,14,13,16
Luke,6,14,2,14,5
Luke,6,14,6,13,13
Luke,6,14,7,14,6
Luke,6,14,11,14,6
Luke,6,14,12,14,11
Luke,6,14,13,14,11
Luke,6,14,14,14,13
Luke,6,14,15,14,13
Luke,6,14,16,14,15
Luke,6,14,17,14,16
Luke,6,14,18,14,17
Luke,6,15,1,14,17
Luke,6,15,2,15,1
Luke,6,15,3,15,1
Luke,6,15,4,15,3
Luke,6,15,5,15,3
Luke,6,15,6,15,5
Luke,6,15,8,15,5
Luke,6,17,10,17,9
Luke,6,22,2,22,8
Luke,6,22,3,22,8
Luke,6,22,8,,
Luke,6,22,9,22,8
Luke,6,24,2,24,3
Luke,6,24,3,24,6
Luke,6,25,1,25,2
Luke,6,25,2,25,6
Luke,6,34,4,34,7
Luke,6,34,5,34,4
Luke,6,34,6,34,3
Luke,6,34,15,34,16
Luke,6,34,16,34,1
Luke,6,35,6,35,1
Luke,6,35,8,35,6
Luke,6,36,6,36,3
Luke,6,38,15,38,18
Luke,6,38,17,38,19
Luke,6,38,18,38,17
Luke,6,43,4,43,3
Luke,6,47,16,47,18
Luke,6,48,3,48,1
Luke,6,49,9,49,7
Luke,7,2,11,2,12
Luke,7,11,2,11,1
Luke,7,11,6,11,2
Luke,7,12,9,12,8
Luke,7,12,1,,
Luke,7,12,8,12,1
Luke,7,12,10,12,8
Luke,7,13,6,13,1
Luke,7,14,3,14,1
Luke,7,15,2,15,1
Luke,7,15,5,15,1
Luke,7,16,10,16,16
Luke,7,16,16,16,9
Luke,7,16,17,16,16
Luke,7,18,12,18,11
Luke,7,18,13,18,12
Luke,7,18,15,18,12
Luke,7,25,12,25,17
Luke,7,25,13,25,15
Luke,7,25,15,25,12
Luke,7,25,16,25,15
Luke,7,25,17,25,21
Luke,7,28,7,28,3
Luke,7,28,19,28,18
Luke,7,31,10,31,12
Luke,7,32,3,32,1
Luke,7,37,3,37,1
Luke,7,38,29,38,28
Luke,7,41,13,41,14
Luke,7,41,14,41,8
Luke,7,43,4,43,3
Luke,7,43,5,43,4
Luke,7,47,3,,
Luke,7,47,11,47,3
Luke,8,1,2,1,1
Luke,8,1,6,1,2
Luke,8,1,8,1,6
Luke,8,2,4,2,5
Luke,8,5,16,5,9
Luke,8,6,3,6,1
Luke,8,7,3,7,1
Luke,8,8,3,8,1
Luke,8,13,3,13,6
Luke,8,13,6,13,11
Luke,8,13,9,13,11
Luke,8,13,13,13,11
Luke,8,14,8,,
Luke,8,14,10,14,11
Luke,8,14,11,14,8
Luke,8,22,1,,
Luke,8,22,7,22,1
Luke,8,22,9,22,7
Luke,8,22,12,22,7
Luke,8,23,6,23,5
Luke,8,23,13,23,12
Luke,8,24,21,24,20
Luke,8,25,17,25,11
Luke,8,25,18,25,16
Luke,8,27,3,27,1
Luke,8,27,19,27,15
Luke,8,27,22,27,26
Luke,8,27,25,27,21
Luke,8,27,26,27,25
Luke,8,33,13,33,12
Luke,8,40,13,40,11
Luke,8,41,2,41,1
Luke,8,41,3,41,1
Luke,8,41,5,41,6
Luke,8,44,3,43,1
Luke,8,47,14,47,13
Luke,8,47,15,47,18
Luke,8,47,16,47,15
Luke,8,47,18,47,10
Luke,8,47,23,47,18
Luke,8,47,24,47,23
Luke,8,47,25,47,24
Luke,8,51,21,51,19
Luke,8,51,24,51,19
Luke,8,51,26,51,24
Luke,8,52,12,52,14
Luke,8,55,2,55,1
Luke,9,3,6,3,2
Luke,9,3,13,3,12
Luke,9,3,14,3,12
Luke,9,3,15,3,14
Luke,9,3,16,3,14
Luke,9,3,17,3,16
Luke,9,3,18,3,16
Luke,9,4,3,4,2
Luke,9,4,5,4,7
Luke,9,4,6,4,5
Luke,9,4,9,4,1
Luke,9,11,10,11,7
Luke,9,12,12,12,15
Luke,9,12,15,12,27
Luke,9,13,13,13,22
Luke,9,13,16,13,15
Luke,9,15,2,15,1
Luke,9,17,2,17,1
Luke,9,17,3,17,1
Luke,9,18,2,18,1
Luke,9,18,6,18,5
Luke,9,18,14,18,2
Luke,9,19,8,19,10
Luke,9,19,10,19,5
Luke,9,22,25,22,21
Luke,9,28,1,,
Luke,9,28,10,28,1
Luke,9,29,8,29,2
Luke,9,29,12,29,2
Luke,9,32,4,32,8
Luke,9,33,2,33,1
Luke,9,33,9,33,2
Luke,9,36,12,36,10
Luke,9,36,20,36,15
Luke,9,36,22,36,20
Luke,9,38,17,38,8
Luke,9,38,19,38,18
Luke,9,38,20,39,1
Luke,9,39,1,38,17
Luke,9,39,4,39,1
Luke,9,39,16,39,14
Luke,9,40,2,40,1
Luke,9,43,13,43,12
Luke,9,51,1,,
Luke,9,51,11,51,1
Luke,9,51,15,51,11
Luke,9,53,7,53,9
Luke,9,58,12,58,15
Luke,9,58,15,58,10
Luke,9,62,19,62,16
Luke,10,4,5,4,3
Luke,10,4,7,4,5
Luke,10,5,2,5,1
Luke,10,5,5,5,6
Luke,10,5,6,5,8
Luke,10,5,9,5,11
Luke,10,5,11,5,8
Luke,10,8,3,8,2
Luke,10,8,5,8,10
Luke,10,8,6,8,5
Luke,10,10,2,10,1
Luke,10,10,5,10,16
Luke,10,10,6,10,5
Luke,10,11,14,10,16
Luke,10,12,4,12,9
Luke,10,12,10,12,1
Luke,10,12,11,12,9
Luke,10,13,1,13,2
Luke,10,13,2,13,7
Luke,10,13,3,13,2
Luke,10,13,4,13,5
Luke,10,13,5,13,2
Luke,10,13,6,13,5
Luke,10,14,6,14,1
Luke,10,14,8,14,5
Luke,10,14,10,14,5
Luke,10,19,1,19,2
Luke,10,20,5,20,1
Luke,10,20,6,20,3
Luke,10,22,10,22,15
Luke,10,22,12,22,10
Luke,10,22,15,22,8
Luke,10,27,22,27,21
Luke,10,27,27,27,21
Luke,10,27,28,27,27
Luke,10,35,8,35,1
Luke,10,35,13,35,12
Luke,10,36,1,36,6
Luke,10,40,13,40,10
Luke,10,40,15,40,13
Luke,10,41,7,41,10
Luke,10,41,10,41,3
Luke,10,42,1,42,5
Luke,10,42,3,41,10
Luke,10,42,5,42,3
Luke,11,1,2,1,1
Luke,11,1,6,1,5
Luke,11,1,13,1,2
Luke,11,11,1,11,6
Luke,11,11,6,11,7
Luke,11,31,16,,
Luke,11,31,17,31,27
Luke,11,31,27,31,16
Luke,11,32,14,,
Luke,11,32,15,32,20
Luke,11,32,20,32,14
Luke,11,33,4,33,7
Luke,11,33,6,33,11
Luke,11,33,7,33,6
Luke,11,26,23,26,21
Luke,11,36,13,36,16
Luke,11,36,16,36,1
Luke,11,36,17,36,16
Luke,11,42,2,42,3
Luke,11,42,3,42,6
Luke,11,43,1,43,2
Luke,11,43,2,43,5
Luke,11,44,1,44,2
Luke,11,44,2,44,3
Luke,11,46,5,46,3
Luke,11,46,8,46,5
Luke,11,47,1,47,2
Luke,11,47,2,47,3
Luke,11,52,1,52,2
Luke,11,52,2,52,5
Luke,12,1,1,1,11
Luke,12,1,5,1,3
Luke,12,6,8,6,12
Luke,12,11,17,11,19
Luke,12,11,18,11,17
Luke,12,11,19,11,20
Luke,12,11,20,11,15
Luke,12,18,9,18,4
Luke,12,23,7,23,4
Luke,12,23,10,23,12
Luke,12,23,12,23,8
Luke,12,24,1,,
Luke,12,24,4,24,3
Luke,12,24,7,24,15
Luke,12,24,11,24,15
Luke,12,24,15,24,4
Luke,12,27,13,27,14
Luke,12,27,15,27,14
Luke,12,35,1,,
Luke,12,35,6,35,1
Luke,12,36,1,35,6
Luke,12,40,6,40,9
Luke,12,40,7,40,14
Luke,12,40,9,40,7
Luke,12,41,6,41,12
Luke,12,41,11,41,1
Luke,12,41,12,41,11
Luke,12,46,19,46,18
Luke,12,49,9,49,7
Luke,12,49,10,49,9
Luke,12,51,9,51,12
Luke,12,51,12,51,10
Luke,12,51,14,51,13
Luke,12,52,6,52,1
Luke,12,52,11,52,12
Luke,12,52,12,52,14
Luke,12,52,15,52,16
Luke,12,52,16,52,14
Luke,12,53,9,53,10
Luke,12,53,10,53,12
Luke,12,53,13,53,14
Luke,12,53,14,53,12
Luke,12,53,17,53,18
Luke,12,53,18,53,22
Luke,12,53,23,53,24
Luke,12,53,24,53,22
Luke,12,54,6,54,1
Luke,12,54,13,54,17
Luke,12,54,17,54,6
Luke,12,55,2,55,1
Luke,12,55,5,55,9
Luke,12,55,9,55,2
Luke,13,2,5,2,16
Luke,13,2,15,2,6
Luke,13,2,16,2,3
Luke,13,6,15,6,14
Luke,13,11,2,11,3
Luke,13,11,3,11,1
Luke,13,11,10,11,9
Luke,13,11,11,11,12
Luke,13,11,12,11,10
Luke,13,13,2,13,1
Luke,13,13,8,13,6
Luke,13,14,24,14,28
Luke,13,14,27,14,18
Luke,13,14,28,14,27
Luke,13,17,5,17,1
Luke,13,18,3,18,4
Luke,13,19,3,19,1
Luke,13,19,8,19,3
Luke,13,19,23,19,18
Luke,13,21,3,21,1
Luke,13,24,7,24,9
Luke,13,24,9,23,12
Luke,13,25,1,25,7
Luke,13,26,7,26,3
Luke,13,28,13,28,21
Luke,13,28,20,28,17
Luke,13,28,21,28,11
Luke,13,29,2,29,1
Luke,13,30,3,30,1
Luke,13,32,12,32,5
Luke,13,32,18,32,12
Luke,13,33,9,33,7
Luke,13,34,19,34,24
Luke,13,34,20,34,15
Luke,13,34,24,34,20
Luke,13,35,14,35,12
Luke,13,35,15,35,14
Luke,13,35,16,35,17
Luke,13,35,17,35,15
Luke,14,1,2,1,1
Luke,14,1,9,1,8
Luke,14,1,11,1,9
Luke,14,1,17,1,2
Luke,14,1,18,1,19
Luke,14,4,6,4,4
Luke,14,8,13,8,15
Luke,14,9,1,8,12
Luke,14,10,5,10,10
Luke,14,12,23,12,21
Luke,14,12,25,12,21
Luke,14,12,26,12,25
Luke,14,16,7,16,3
Luke,14,21,18,21,14
Luke,14,21,35,21,34
Luke,14,26,20,26,18
Luke,14,26,21,26,18
Luke,14,26,23,26,21
Luke,14,26,24,26,21
Luke,14,26,26,26,24
Luke,14,26,21,26,26
Luke,14,26,31,26,24
Luke,14,28,8,28,11
Luke,14,28,11,,
Luke,14,28,14,28,13
Luke,14,29,2,29,1
Luke,14,31,10,31,13
Luke,14,31,13,31,1
Luke,14,31,14,31,13
Luke,14,35,5,35,4
Luke,15,1,8,1,1
Luke,15,5,3,5,1
Luke,15,7,9,7,3
Luke,15,7,14,7,5
Luke,15,13,11,13,1
Luke,15,14,1,14,5
Luke,15,14,3,14,1
Luke,15,14,4,14,1
Luke,15,15,3,15,1
Luke,15,16,2,16,1
Luke,15,20,28,20,27
Luke,15,22,14,22,1
Luke,15,22,24,22,17
Luke,15,23,2,23,1
Luke,15,25,11,25,10
Luke,15,25,16,25,11
Luke,15,29,13,29,4
Luke,16,1,12,1,7
Luke,16,5,3,5,2
Luke,16,5,6,5,3
Luke,16,8,2,8,1
Luke,16,13,25,13,27
Luke,16,13,26,13,24
Luke,16,13,27,13,26
Luke,16,17,3,,
Luke,16,17,10,17,1
Luke,16,23,12,23,1
Luke,16,23,16,23,12
Luke,16,25,19,25,15
Luke,16,25,16,25,19
Luke,17,1,8,1,14
Luke,17,1,14,1,1
Luke,17,1,15,1,18
Luke,17,1,18,1,14
Luke,17,2,1,,
Luke,17,2,3,2,1
Luke,17,2,16,2,1
Luke,17,4,5,4,3
Luke,17,9,1,9,2
Luke,17,10,1,10,10
Luke,17,10,3,10,10
Luke,17,10,4,,
Luke,17,10,11,10,10
Luke,17,11,2,11,1
Luke,17,11,8,11,2
Luke,17,12,7,12,1
Luke,17,14,11,14,10
Luke,17,14,16,14,11
Luke,17,22,8,22,9
Luke,17,22,9,22,18
Luke,17,22,17,22,9
Luke,17,22,18,22,7
Luke,17,27,6,27,8
Luke,17,27,7,27,5
Luke,17,27,8,27,7
Luke,17,29,1,29,4
Luke,17,29,3,29,8
Luke,17,29,4,29,3
Luke,17,30,5,30,11
Luke,17,30,6,30,4
Luke,17,30,11,30,6
Luke,17,35,2,35,1
Luke,18,8,12,8,17
Luke,18,11,17,11,15
Luke,18,11,20,11,17
Luke,18,12,4,12,2
Luke,18,25,3,24,18
Luke,18,25,9,25,1
Luke,18,29,19,29,18
Luke,18,29,20,29,18
Luke,18,29,21,29,20
Luke,18,30,4,29,9
Luke,18,30,10,30,4
Luke,18,31,8,31,5
Luke,18,31,9,31,5
Luke,18,32,10,32,9
Luke,18,34,5,34,1
Luke,18,37,1,,
Luke,18,37,4,37,1
Luke,18,43,3,43,1
Luke,19,2,2,2,3
Luke,19,2,3,2,1
Luke,19,3,2,3,1
Luke,19,4,6,4,9
Luke,19,4,9,4,12
Luke,19,5,2,5,1
Luke,19,5,10,5,2
Luke,19,6,3,6,1
Luke,19,15,2,15,1
Luke,19,15,10,15,2
Luke,19,29,2,29,1
Luke,19,29,15,29,2
Luke,19,30,10,30,6
Luke,19,32,5,,
Luke,19,32,6,32,5
Luke,19,35,2,35,1
Luke,19,41,2,41,1
Luke,19,41,7,41,2
Luke,19,42,16,42,3
Luke,19,43,7,43,6
Luke,19,43,13,43,6
Luke,19,43,14,43,13
Luke,19,43,16,43,13
Luke,19,44,1,43,16
Luke,19,44,19,44,18
Luke,19,46,13,46,15
Luke,19,47,16,,
Luke,19,47,19,47,13
Luke,20,1,2,1,1
Luke,20,1,14,1,16
Luke,20,1,16,1,2
Luke,20,4,4,4,7
Luke,20,4,6,3,10
Luke,20,4,7,4,6
Luke,20,10,20,10,22
Luke,20,17,12,17,17
Luke,20,19,2,19,1
Luke,20,20,12,20,10
Luke,20,21,13,21,14
Luke,20,26,3,26,1
Luke,20,33,15,33,16
Luke,20,35,5,35,8
Luke,20,35,7,35,3
Luke,20,35,8,35,7
Luke,20,35,17,35,16
Luke,20,37,1,37,8
Luke,20,37,8,37,12
Luke,20,37,12,,
Luke,20,38,4,,
Luke,20,38,5,38,6
Luke,20,38,6,38,1
Luke,20,43,5,43,7
Luke,20,44,3,44,4
Luke,21,7,11,7,10
Luke,21,7,14,7,15
Luke,21,7,15,7,13
Luke,21,9,16,9,14
Luke,21,9,18,9,16
Luke,21,10,9,10,10
Luke,21,10,10,10,8
Luke,21,15,8,15,11
Luke,21,16,11,16,10
Luke,21,24,12,24,13
Luke,21,24,13,24,11
Luke,21,31,1,31,8
Luke,21,31,3,31,8
Luke,21,31,4,,
Luke,21,31,9,31,8
Luke,22,5,2,5,1
Luke,22,6,2,6,1
Luke,22,13,3,13,7
Luke,22,13,4,13,3
Luke,22,20,14,20,8
Luke,22,22,12,22,14
Luke,22,22,14,22,11
Luke,22,27,6,27,1
Luke,22,29,1,29,2
Luke,22,29,3,29,2
Luke,22,29,4,30,1
Luke,22,29,10,29,2
Luke,22,30,1,,
Luke,22,30,13,30,1
Luke,22,38,4,38,6
Luke,22,38,5,38,6
Luke,22,38,6,38,3
Luke,22,38,7,38,6
Luke,22,38,8,38,6
Luke,22,41,3,41,1
Luke,22,42,12,42,14
Luke,22,42,16,42,19
Luke,22,42,18,42,16
Luke,22,42,19,42,11
Luke,22,44,8,44,7
Luke,22,45,10,45,1
Luke,22,47,3,47,5
Luke,22,47,13,47,6
Luke,22,49,1,49,8
Luke,22,49,7,49,1
Luke,22,50,2,50,1
Luke,22,61,5,61,1
Luke,22,63,7,63,1
Luke,22,66,2,66,1
Luke,22,66,5,66,2
Luke,22,66,7,66,5
Luke,22,66,12,66,7
Luke,22,69,7,69,5
Luke,23,2,18,2,17
Luke,23,2,22,2,18
Luke,23,6,4,,
Luke,23,6,5,6,4
Luke,23,14,4,14,1
Luke,23,14,14,14,20
Luke,23,14,20,14,13
Luke,23,15,11,15,14
Luke,23,19,1,19,2
Luke,23,23,4,23,6
Luke,23,26,2,26,1
Luke,23,26,12,26,2
Luke,23,28,15,28,18
Luke,23,28,17,29,1
Luke,23,28,18,28,17
Luke,23,38,8,38,4
Luke,23,40,13,40,7
Luke,23,44,2,44,1
Luke,23,51,1,51,3
Luke,23,53,3,53,1
Luke,23,53,15,53,14
Luke,23,54,3,54,1
Luke,23,55,5,55,6
Luke,24,4,2,4,1
Luke,24,4,9,4,2
Luke,24,6,1,6,2
Luke,24,8,2,8,1
Luke,24,10,14,10,12
Luke,24,11,2,11,1
Luke,24,13,2,13,10
Luke,24,13,3,13,10
Luke,24,13,10,13,1
Luke,24,13,19,13,20
Luke,24,15,2,15,1
Luke,24,15,9,15,2
Luke,24,19,15,20,1
Luke,24,20,1,19,11
Luke,24,20,3,20,14
Luke,24,20,4,20,3
Luke,24,20,7,20,3
Luke,24,20,11,20,3
Luke,24,20,14,20,1
Luke,24,24,2,24,1
Luke,24,24,11,24,10
Luke,24,24,13,24,11
Luke,24,25,15,25,14
Luke,24,28,2,28,1
Luke,24,30,2,30,1
Luke,24,30,13,30,2
Luke,24,32,7,32,10
Luke,24,33,6,33,1
Luke,24,46,10,46,6
Luke,24,47,1,46,10
Luke,24,51,2,51,1
Luke,24,51,11,51,2
Luke,24,52,5,52,1
John,1,5,7,5,1
John,1,6,7,6,6
John,1,8,1,8,2
John,1,9,3,9,1
John,1,13,2,13,3
John,1,14,5,14,1
John,1,14,6,14,1
John,1,15,21,15,20
John,1,16,8,16,1
John,1,19,3,19,1
John,1,19,8,19,9
John,1,19,9,19,5
John,1,20,2,20,1
John,1,25,2,25,1
John,1,27,5,27,13
John,1,28,11,28,9
John,1,30,17,30,16
John,1,32,6,32,5
John,1,37,2,37,1
John,1,41,15,41,16
John,1,41,18,41,16
John,1,43,9,43,8
John,1,45,9,45,17
John,1,45,10,45,14
John,1,45,14,45,9
John,1,45,18,45,9
John,2,1,7,1,1
John,2,6,5,6,1
John,2,12,16,12,14
John,2,13,3,13,1
John,2,14,2,14,1
John,2,15,7,15,1
John,2,16,13,16,17
John,2,25,1,,
John,2,25,2,25,1
John,3,1,9,1,8
John,3,9,8,9,7
John,3,12,9,12,15
John,3,17,1,17,11
John,3,17,3,,
John,3,17,11,17,15
John,3,17,15,17,3
John,3,19,3,,
John,3,19,6,19,1
John,3,19,14,19,13
John,3,19,20,19,17
John,3,22,16,22,14
John,3,23,5,23,1
John,3,23,18,23,17
John,3,24,9,24,3
John,3,26,2,26,1
John,3,28,7,28,6
John,3,28,8,28,6
John,3,28,12,28,4
John,3,28,13,28,12
John,3,33,6,,
John,3,33,7,33,6
John,4,1,15,1,10
John,4,1,17,1,12
John,4,2,1,1,1
John,4,2,2,2,6
John,4,2,4,2,2
John,4,2,5,2,1
John,4,2,6,2,5
John,4,9,16,9,18
John,4,9,17,9,16
John,4,9,18,9,15
John,4,12,6,12,3
John,4,21,9,21,8
John,4,21,11,21,20
John,4,21,18,21,17
John,4,21,20,21,10
John,4,23,4,23,1
John,4,23,7,23,11
John,4,23,11,23,3
John,4,23,18,23,21
John,4,23,22,23,25
John,4,27,4,27,1
John,4,27,9,27,8
John,4,27,10,27,9
John,4,35,23,35,22
John,4,37,6,,
John,4,37,8,37,5
John,5,3,9,3,8
John,5,7,19,7,22
John,5,7,20,7,19
John,5,7,22,7,27
John,5,9,3,9,1
John,5,9,8,9,7
John,5,11,7,11,8
John,5,15,13,15,14
John,5,18,11,18,12
John,5,18,22,18,18
John,5,18,24,18,23
John,5,18,27,18,23
John,5,22,1,22,4
John,5,25,8,25,5
John,5,25,11,25,21
John,5,25,21,25,7
John,5,28,2,,
John,5,28,4,28,3
John,5,30,19,30,20
John,5,30,20,30,18
John,5,30,22,30,25
John,5,30,25,30,20
John,5,37,18,37,15
John,6,1,12,1,8
John,6,9,1,8,1
John,6,11,14,11,18
John,6,16,5,16,1
John,6,17,14,17,11
John,6,22,11,22,20
John,6,22,20,22,10
John,6,22,21,22,20
John,6,22,22,22,23
John,6,24,7,24,11
John,6,24,9,24,6
John,6,24,11,24,9
John,6,26,11,26,17
John,6,26,13,26,14
John,6,26,14,26,17
John,6,26,17,26,9
John,6,26,18,26,17
John,6,27,2,27,4
John,6,32,10,32,12
John,6,38,2,38,13
John,6,38,6,38,10
John,6,38,7,38,1
John,6,38,10,38,13
John,6,38,13,38,8
John,6,42,10,42,15
John,6,51,23,,
John,6,51,25,51,33
John,6,51,33,51,23
John,6,56,14,56,15
John,6,56,15,56,13
John,6,57,12,57,1
John,6,57,17,57,12
John,6,62,8,62,3
John,6,69,3,69,1
John,6,70,10,70,1
John,6,71,12,71,7
John,7,1,4,1,1
John,7,10,14,10,15
John,7,16,11,16,13
John,7,16,12,16,7
John,7,16,13,16,14
John,7,16,14,16,12
John,7,22,4,22,18
John,7,22,8,22,10
John,7,22,9,22,4
John,7,22,10,22,14
John,7,22,13,22,9
John,7,22,14,22,13
John,7,24,1,24,2
John,7,26,4,26,1
John,7,28,1,,
John,7,28,6,28,9
John,7,28,9,28,1
John,7,35,9,35,1
John,7,35,11,35,7
John,7,37,9,37,5
John,7,48,3,48,9
John,7,48,6,,
John,7,48,9,48,2
John,7,51,1,51,5
John,8,9,18,9,17
John,8,9,21,9,22
John,8,9,22,9,18
John,8,9,24,9,22
John,8,9,27,9,24
John,8,19,11,19,13
John,8,19,12,19,11
John,8,19,13,19,9
John,8,19,16,19,14
John,8,32,2,32,1
John,8,42,22,42,26
John,8,44,42,44,44
John,8,44,43,44,41
John,8,44,44,44,43
John,8,49,7,49,1
John,8,52,10,52,12
John,8,52,11,52,15
John,8,52,12,52,11
John,8,53,6,53,3
John,8,55,15,55,9
John,8,56,13,56,12
John,9,2,12,2,9
John,9,3,3,3,5
John,9,3,4,3,3
John,9,3,5,3,10
John,9,3,8,3,6
John,9,4,12,,
John,9,4,14,4,16
John,9,4,16,4,13
John,9,6,6,6,5
John,9,9,11,9,10
John,9,14,5,14,9
John,9,14,6,14,4
John,9,14,9,14,6
John,9,15,21,15,20
John,9,20,9,20,15
John,9,20,15,20,8
John,9,20,16,20,15
John,9,22,18,22,20
John,9,25,10,25,8
John,9,30,12,30,5
John,9,30,13,30,7
John,9,32,10,32,11
John,9,32,11,32,9
John,9,37,6,37,5
John,10,1,6,1,7
John,10,1,20,1,22
John,10,1,21,1,3
John,10,1,22,1,21
John,10,3,11,3,5
John,10,3,16,3,12
John,10,8,6,8,8
John,10,8,7,8,10
John,10,8,8,8,7
John,10,9,7,,
John,10,9,10,9,11
John,10,9,11,9,7
John,10,9,12,9,11
John,10,9,13,9,11
John,10,9,15,9,13
John,10,12,26,12,23
John,10,14,8,14,7
John,10,16,20,16,16
John,10,29,7,29,8
John,10,33,5,33,11
John,10,33,9,33,1
John,10,33,11,33,9
John,10,33,14,33,11
John,10,33,15,33,14
John,10,33,20,33,21
John,10,35,2,35,4
John,10,38,4,38,11
John,10,38,7,38,4
John,10,38,10,38,4
John,10,38,13,38,11
John,10,38,15,38,13
John,10,40,2,40,1
John,10,40,12,40,11
John,10,41,3,41,1
John,11,1,3,1,1
John,11,1,6,1,5
John,11,4,10,4,5
John,11,4,11,4,13
John,11,4,13,4,10
John,11,14,9,14,3
John,11,15,2,15,5
John,11,15,5,15,7
John,11,25,16,26,1
John,11,25,18,25,16
John,11,30,3,30,1
John,11,31,26,31,30
John,11,31,30,31,25
John,11,41,14,41,17
John,11,41,17,41,13
John,11,48,10,48,9
John,11,49,1,49,12
John,11,49,4,49,3
John,11,51,17,51,15
John,11,51,18,52,1
John,11,52,1,51,17
John,11,52,2,52,3
John,11,52,3,52,7
John,11,52,6,52,3
John,11,57,15,57,16
John,12,3,8,3,7
John,12,3,9,3,7
John,12,6,1,6,11
John,12,6,4,6,5
John,12,6,5,6,11
John,12,6,11,,
John,12,6,15,6,11
John,12,9,12,9,11
John,12,9,14,9,18
John,12,9,18,9,12
John,12,16,16,16,17
John,12,24,7,24,1
John,12,30,5,30,6
John,12,30,6,30,12
John,12,30,11,30,4
John,12,30,12,30,11
John,12,33,6,33,8
John,12,38,12,38,3
John,12,40,15,40,10
John,12,40,21,40,19
John,12,41,2,41,4
John,12,41,4,,
John,12,43,8,43,7
John,12,44,11,45,1
John,12,44,12,44,14
John,12,44,14,44,11
John,12,47,15,47,18
John,12,47,18,47,22
John,12,49,1,48,15
John,13,3,2,3,11
John,13,3,11,3,1
John,13,3,12,3,11
John,13,9,6,9,8
John,13,10,6,10,8
John,13,10,7,10,8
John,13,10,9,10,8
John,13,10,15,10,1
John,13,10,20,10,23
John,13,10,22,10,19
John,13,10,23,10,22
John,13,16,10,16,8
John,13,19,10,19,8
John,13,19,12,19,9
John,13,21,9,21,8
John,13,29,4,,
John,13,29,9,29,3
John,13,23,3,23,1
John,13,34,5,34,1
John,13,34,8,34,11
John,13,34,11,34,5
John,13,34,14,34,8
John,13,34,20,33,10
John,14,3,10,3,15
John,14,17,2,16,7
John,14,18,3,18,4
John,14,19,15,19,16
John,14,19,16,19,13
John,14,19,18,19,16
John,14,21,18,21,24
John,14,21,24,,
John,14,21,26,21,24
John,14,22,9,22,1
John,14,22,10,22,8
John,14,22,11,22,15
John,14,22,13,22,12
John,14,23,6,23,4
John,14,23,14,23,6
John,14,23,23,23,20
John,14,24,16,24,10
John,14,24,17,24,18
John,14,24,18,24,16
John,14,28,25,28,24
John,15,2,2,2,9
John,15,4,4,4,5
John,15,4,5,4,1
John,15,5,9,5,15
John,15,5,12,5,13
John,15,5,13,5,9
John,15,6,7,6,9
John,15,6,9,6,12
John,15,6,11,6,9
John,15,6,12,6,1
John,15,6,21,6,17
John,15,6,22,6,17
John,15,6,23,6,22
John,15,15,3,15,4
John,15,15,15,15,18
John,15,16,1,16,4
John,15,16,15,16,12
John,15,16,18,16,15
John,15,20,13,20,11
John,15,25,3,25,2
John,15,25,12,25,5
John,16,3,6,3,4
John,16,3,8,3,9
John,16,3,9,3,6
John,16,11,4,10,4
John,16,13,15,13,17
John,16,13,23,13,24
John,16,13,24,13,20
John,16,13,24,13,20
John,16,17,16,17,20
John,16,17,20,17,26
John,16,17,23,17,20
John,16,17,26,17,13
John,16,17,27,17,26
John,16,19,12,19,8
John,16,19,15,19,11
John,16,21,18,21,24
John,16,21,24,21,12
John,16,24,15,24,17
John,16,25,6,,
John,16,25,8,25,14
John,16,25,9,25,12
John,16,25,14,25,7
John,16,32,12,32,13
John,17,2,6,2,4
John,17,3,16,3,17
John,17,3,17,3,14
John,17,8,11,8,9
John,17,9,5,9,6
John,17,9,6,9,10
John,17,9,9,9,15
John,17,9,10,9,9
John,17,10,12,10,11
John,17,11,3,11,1
John,17,12,25,12,28
John,17,15,1,15,2
John,17,15,3,15,9
John,17,19,10,19,8
John,17,20,1,20,2
John,17,20,2,20,7
John,17,20,5,21,1
John,17,20,7,20,5
John,17,21,1,,
John,17,25,1,25,8
John,17,25,15,25,13
John,17,26,2,26,1
John,18,10,9,10,8
John,18,11,14,11,23
John,18,12,15,,
John,18,13,1,12,15
John,18,15,17,15,15
John,18,16,19,,
John,18,16,23,16,9
John,18,18,19,18,15
John,18,22,5,22,9
John,18,22,8,22,5
John,18,25,3,25,1
John,18,26,10,26,14
John,18,30,8,30,7
John,18,32,11,32,13
John,18,33,10,33,9
John,18,36,27,36,29
John,18,38,12,38,8
John,18,40,5,40,6
John,19,2,8,2,1
John,19,3,2,3,1
John,19,4,2,4,1
John,19,7,7,7,1
John,19,7,17,7,15
John,19,8,10,8,1
John,19,9,2,9,1
John,19,12,24,12,23
John,19,20,11,20,9
John,19,21,9,21,10
John,19,21,10,21,15
John,19,21,15,21,1
John,19,21,16,21,15
John,19,23,12,23,4
John,19,23,19,23,12
John,19,23,30,23,26
John,19,24,5,24,6
John,19,31,3,31,26
John,19,31,26,31,7
John,19,31,28,31,26
John,19,31,29,31,26
John,19,33,11,33,12
John,19,35,4,35,1
John,19,41,18,41,19
John,19,42,1,42,13
John,19,42,3,42,13
John,19,42,15,42,13
John,20,2,20,2,18
John,20,4,10,4,6
John,20,4,13,4,11
John,20,4,14,4,6
John,20,7,10,7,14
John,20,8,15,8,14
John,20,12,8,12,9
John,20,12,9,12,12
John,20,12,13,12,14
John,20,12,14,12,12
John,20,14,8,14,7
John,20,15,29,15,22
John,20,18,5,18,1
John,20,18,8,18,5
John,20,19,13,19,10
John,20,19,15,19,12
John,20,19,27,19,26
John,20,19,34,19,35
John,20,19,35,19,32
John,20,21,7,21,8
John,20,21,8,21,1
John,20,22,4,22,1
John,20,26,22,26,21
John,20,26,28,26,29
John,20,26,29,26,27
John,20,27,15,27,2
John,20,27,27,27,28
John,20,27,28,27,26
John,20,27,29,27,30
John,20,27,30,27,28
John,20,29,9,29,5
John,20,30,13,30,15
John,21,2,20,2,17
John,21,2,21,2,17
John,21,2,27,2,21
John,21,8,8,8,10
John,21,8,10,8,7
John,21,8,11,8,15
John,21,8,15,8,10
John,21,13,5,13,4
John,21,13,8,13,4
John,21,23,1,,
John,21,23,9,23,5
John,21,23,15,23,21
John,21,23,16,,
John,21,23,21,23,24
John,21,23,24,23,16
Acts,1,2,2,2,12
Acts,1,2,3,2,1
Acts,1,2,12,2,3
Acts,1,8,2,8,1
Acts,1,8,17,8,11
Acts,1,8,24,8,17
Acts,1,10,2,10,1
Acts,1,10,14,10,2
Acts,1,11,24,11,28
Acts,1,11,25,11,28
Acts,1,13,19,13,18
Acts,1,14,1,14,3
Acts,1,18,13,18,10
Acts,1,19,2,19,3
Acts,1,19,6,19,2
Acts,1,21,6,22,20
Acts,1,26,2,26,1
Acts,2,2,2,2,1
Acts,2,3,2,3,1
Acts,2,3,6,3,5
Acts,2,3,11,3,10
Acts,2,3,13,3,11
Acts,2,4,2,4,1
Acts,2,5,6,5,1
Acts,2,9,2,11,8
Acts,2,9,6,9,4
Acts,2,14,23,14,24
Acts,2,15,1,15,7
Acts,2,15,3,16,1
Acts,2,15,7,15,3
Acts,2,17,18,17,2
Acts,2,17,19,17,18
Acts,2,19,2,19,1
Acts,2,20,8,20,9
Acts,2,20,9,20,6
Acts,2,22,7,23,1
Acts,2,22,21,22,20
Acts,2,29,14,29,13
Acts,2,31,2,,
Acts,2,31,8,31,2
Acts,2,31,17,31,13
Acts,2,32,7,32,11
Acts,2,35,5,35,7
Acts,2,38,6,38,3
Acts,2,39,1,39,6
Acts,2,39,3,,
Acts,2,39,6,39,3
Acts,2,39,8,39,6
Acts,2,45,7,45,1
Acts,3,8,3,8,1
Acts,3,8,4,8,1
Acts,3,8,17,8,16
Acts,3,9,2,9,1
Acts,3,15,13,15,15
Acts,3,16,13,16,1
Acts,4,3,2,3,1
Acts,4,6,1,5,13
Acts,4,6,2,6,1
Acts,4,6,10,6,9
Acts,4,6,11,6,9
Acts,4,6,13,6,11
Acts,4,10,2,9,1
Acts,4,10,10,10,1
Acts,4,13,12,13,15
Acts,4,13,14,13,11
Acts,4,13,15,13,14
Acts,4,16,7,,
Acts,4,16,9,16,7
Acts,4,16,12,16,20
Acts,4,16,19,16,12
Acts,4,16,20,16,7
Acts,4,17,2,17,1
Acts,4,17,10,17,2
Acts,4,19,17,19,12
Acts,4,19,19,19,18
Acts,4,24,27,24,24
Acts,4,25,3,25,8
Acts,4,31,2,31,4
Acts,4,31,4,31,1
Acts,4,31,12,31,11
Acts,4,32,12,32,13
Acts,4,36,9,36,10
Acts,4,36,12,36,10
Acts,5,4,22,4,24
Acts,5,4,23,,
Acts,5,4,24,4,25
Acts,5,4,25,4,23
Acts,5,7,1,,
Acts,5,7,7,7,1
Acts,5,8,6,8,1
Acts,5,8,8,8,6
Acts,5,14,1,14,3
Acts,5,14,4,14,3
Acts,5,14,7,14,3
Acts,5,18,2,18,1
Acts,5,25,4,,
Acts,5,25,6,25,4
Acts,5,25,9,25,15
Acts,5,25,15,25,6
Acts,5,25,20,25,15
Acts,5,28,3,28,1
Acts,5,28,12,28,13
Acts,5,28,13,28,11
Acts,5,29,9,29,7
Acts,5,29,12,29,11
Acts,5,31,12,31,7
Acts,5,31,13,31,16
Acts,5,32,3,32,1
Acts,5,36,25,36,20
Acts,5,39,1,38,15
Acts,6,5,2,5,1
Acts,6,5,23,5,22
Acts,6,5,24,5,22
Acts,6,5,25,5,24
Acts,6,5,26,5,24
Acts,6,5,27,5,26
Acts,6,5,28,5,26
Acts,6,5,29,5,28
Acts,6,7,6,7,1
Acts,6,9,17,9,15
Acts,7,1,1,,
Acts,7,1,5,1,1
Acts,7,5,3,5,1
Acts,7,5,5,5,8
Acts,7,5,8,5,3
Acts,7,5,13,5,12
Acts,7,5,14,5,18
Acts,7,5,18,5,13
Acts,7,6,1,,
Acts,7,6,6,6,1
Acts,7,7,1,7,11
Acts,7,7,2,7,3
Acts,7,7,3,7,7
Acts,7,7,11,,
Acts,7,8,11,8,6
Acts,7,8,18,8,11
Acts,7,8,19,8,21
Acts,7,8,21,8,18
Acts,7,8,22,8,18
Acts,7,8,23,8,26
Acts,7,8,26,8,22
Acts,7,9,11,9,10
Acts,7,10,10,10,9
Acts,7,11,1,11,13
Acts,7,11,3,11,10
Acts,7,11,10,11,1
Acts,7,12,1,12,8
Acts,7,12,4,12,1
Acts,7,13,5,13,1
Acts,7,13,14,13,11
Acts,7,15,7,15,6
Acts,7,16,5,16,1
Acts,7,20,1,20,7
Acts,7,20,2,20,4
Acts,7,20,4,20,3
Acts,7,20,10,20,8
Acts,7,24,5,24,1
Acts,7,28,6,28,8
Acts,7,28,7,28,2
Acts,7,32,3,31,13
Acts,7,35,3,35,13
Acts,7,36,16,36,15
Acts,7,39,1,39,4
Acts,7,41,2,41,1
Acts,7,41,7,41,1
Acts,7,45,3,44,2
Acts,7,49,16,,
Acts,7,49,18,49,16
Acts,7,51,15,51,14
Acts,7,51,20,51,15
Acts,7,52,18,52,17
Acts,7,55,4,55,3
Acts,7,55,11,55,10
Acts,8,1,1,1,3
Acts,8,12,6,12,5
Acts,8,27,5,27,4
Acts,8,27,6,27,4
Acts,8,28,1,28,10
Acts,8,28,4,28,1
Acts,8,32,16,32,15
Acts,8,32,25,32,16
Acts,8,36,7,36,1
Acts,8,38,2,38,1
Acts,8,38,7,38,6
Acts,9,6,11,6,9
Acts,9,6,14,6,11
Acts,9,9,2,9,1
Acts,9,11,22,11,24
Acts,9,11,23,11,24
Acts,9,13,17,13,5
Acts,9,17,5,17,4
Acts,9,18,3,18,1
Acts,9,20,6,20,1
Acts,9,20,9,20,8
Acts,9,21,27,21,26
Acts,9,27,16,27,19
Acts,9,27,19,27,10
Acts,9,27,20,27,19
Acts,9,27,23,27,19
Acts,9,28,2,28,1
Acts,9,28,6,28,2
Acts,9,39,7,39,6
Acts,9,39,8,39,3
Acts,10,5,3,5,1
Acts,10,10,7,10,10
Acts,10,12,7,12,3
Acts,10,12,11,12,7
Acts,10,18,2,18,3
Acts,10,18,3,18,1
Acts,10,18,4,18,3
Acts,10,19,14,19,8
Acts,10,21,13,21,12
Acts,10,24,10,24,11
Acts,10,27,4,27,1
Acts,10,30,12,30,4
Acts,10,30,23,30,20
Acts,10,34,11,34,12
Acts,10,35,12,35,11
Acts,10,36,2,37,5
Acts,10,39,7,39,6
Acts,10,39,13,39,7
Acts,10,41,1,41,2
Acts,11,5,1,5,2
Acts,11,5,8,5,7
Acts,11,6,19,6,17
Acts,11,15,16,15,14
Acts,11,15,18,15,16
Acts,11,17,22,17,20
Acts,11,29,3,29,6
Acts,12,3,7,3,4
Acts,12,5,9,5,11
Acts,12,6,9,6,11
Acts,12,6,13,6,11
Acts,12,7,2,7,5
Acts,12,7,5,7,1
Acts,12,9,3,9,1
Acts,12,9,6,9,4
Acts,12,9,5,9,6
Acts,12,12,17,12,16
Acts,12,23,8,23,7
Acts,13,3,6,3,5
Acts,13,5,18,5,19
Acts,13,6,14,6,9
Acts,13,6,15,6,14
Acts,13,6,16,6,15
Acts,13,11,2,11,6
Acts,13,11,6,11,1
Acts,13,17,14,17,11
Acts,13,25,12,25,13
Acts,13,25,20,25,25
Acts,13,27,10,27,12
Acts,13,27,11,27,23
Acts,13,27,12,27,11
Acts,13,32,4,32,1
Acts,13,33,1,32,9
Acts,13,38,3,,
Acts,13,38,4,38,1
Acts,13,38,7,38,1
Acts,13,38,11,38,13
Acts,13,38,13,38,7
Acts,13,41,16,41,9
Acts,13,48,14,48,15
Acts,13,50,16,50,15
Acts,14,1,17,1,16
Acts,14,8,10,8,3
Acts,14,10,11,10,10
Acts,14,12,4,12,5
Acts,14,12,8,12,9
Acts,14,12,9,12,1
Acts,14,15,36,15,33
Acts,14,17,9,17,11
Acts,14,17,10,17,5
Acts,14,21,17,21,16
Acts,14,22,7,22,10
Acts,14,22,10,22,6
Acts,14,22,11,22,10
Acts,14,24,5,24,1
Acts,14,27,9,27,14
Acts,14,27,14,27,7
Acts,14,27,15,27,14
Acts,15,8,3,8,4
Acts,15,8,4,8,5
Acts,15,8,5,8,1
Acts,15,10,20,10,19
Acts,15,11,11,11,13
Acts,15,11,12,11,10
Acts,15,11,13,11,12
Acts,15,14,2,,
Acts,15,14,3,14,2
Acts,15,16,4,15,9
Acts,15,16,5,16,4
Acts,15,16,11,16,4
Acts,15,16,16,16,11
Acts,15,17,13,17,5
Acts,15,19,4,19,5
Acts,15,19,6,19,10
Acts,15,19,10,19,5
Acts,15,20,18,20,16
Acts,15,23,7,23,19
Acts,15,23,19,23,1
Acts,15,25,3,25,2
Acts,15,25,5,25,3
Acts,15,29,8,29,7
Acts,15,39,3,39,1
Acts,16,1,7,1,6
Acts,16,6,5,6,7
Acts,16,6,6,6,5
Acts,16,6,7,6,1
Acts,16,9,8,9,11
Acts,16,15,15,15,13
Acts,16,18,13,18,14
Acts,16,20,10,20,6
Acts,16,22,2,22,1
Acts,16,26,1,26,4
Acts,16,26,3,26,4
Acts,16,29,5,29,8
Acts,16,33,10,33,1
Acts,16,36,1,,
Acts,16,36,11,36,6
Acts,16,37,10,37,8
Acts,16,37,14,37,4
Acts,16,40,12,40,10
Acts,17,3,4,3,13
Acts,17,3,13,3,2
Acts,17,3,14,3,13
Acts,17,4,5,4,1
Acts,17,4,17,4,2
Acts,17,5,6,5,5
Acts,17,11,18,11,9
Acts,17,11,21,11,18
Acts,17,12,1,12,7
Acts,17,12,6,,
Acts,17,12,7,12,6
Acts,17,16,15,16,9
Acts,17,16,17,16,15
Acts,17,19,14,19,20
Acts,17,19,20,19,12
Acts,17,21,9,21,11
Acts,17,21,11,,
Acts,17,21,12,21,10
Acts,17,25,8,25,9
Acts,17,26,1,,
Acts,17,27,4,26,8
Acts,17,27,16,27,17
Acts,17,27,17,27,15
Acts,17,27,18,27,17
Acts,17,27,19,27,8
Acts,17,29,13,29,12
Acts,17,32,15,32,16
Acts,17,32,16,32,11
Acts,17,34,18,34,17
Acts,18,2,30,2,1
Acts,18,3,15,3,13
Acts,18,7,16,7,17
Acts,18,8,18,8,13
Acts,18,9,11,9,12
Acts,18,9,13,10,1
Acts,18,9,14,9,15
Acts,18,9,15,9,13
Acts,18,10,1,9,1
Acts,18,20,8,20,9
Acts,18,22,10,22,1
Acts,18,25,1,25,2
Acts,19,2,1,1,1
Acts,19,2,5,2,1
Acts,19,2,16,2,20
Acts,19,2,20,2,14
Acts,19,10,1,10,3
Acts,19,10,4,10,3
Acts,19,10,20,10,10
Acts,19,11,1,11,8
Acts,19,11,7,11,8
Acts,19,11,9,11,8
Acts,19,14,8,14,1
Acts,19,16,2,16,16
Acts,19,16,4,16,16
Acts,19,16,14,16,16
Acts,19,16,17,16,16
Acts,19,17,15,17,14
Acts,19,19,14,19,13
Acts,19,25,6,25,8
Acts,19,25,8,25,9
Acts,19,25,9,24,12
Acts,19,25,10,25,11
Acts,19,25,11,25,9
Acts,19,25,13,25,9
Acts,19,26,3,26,1
Acts,19,26,5,26,3
Acts,19,26,6,26,7
Acts,19,26,9,26,20
Acts,19,27,1,27,2
Acts,19,27,5,,
Acts,19,27,11,27,12
Acts,19,27,12,27,5
Acts,19,28,6,28,5
Acts,19,31,6,31,12
Acts,19,31,7,31,8
Acts,19,32,10,32,7
Acts,19,36,10,36,6
Acts,19,37,9,37,8
Acts,20,11,8,11,7
Acts,20,11,12,11,7
Acts,20,12,4,12,5
Acts,20,22,14,23,1
Acts,20,23,1,22,17
Acts,20,23,2,23,1
Acts,20,24,3,24,7
Acts,20,28,9,28,15
Acts,20,35,6,35,8
Acts,20,35,22,35,20
Acts,20,35,25,35,23
Acts,20,38,7,38,5
Acts,21,3,7,3,8
Acts,21,3,19,3,20
Acts,21,10,1,10,5
Acts,21,13,15,13,16
Acts,21,21,1,,
Acts,21,21,5,21,1
Acts,21,25,19,25,18
Acts,21,26,25,26,26
Acts,21,26,28,26,29
Acts,21,26,29,26,27
Acts,21,26,30,26,29
Acts,21,30,7,30,6
Acts,21,31,1,31,5
Acts,21,31,5,,
Acts,21,31,11,31,6
Acts,21,32,7,31,3
Acts,21,37,9,,
Acts,21,37,12,37,9
Acts,21,39,16,39,6
Acts,22,5,2,5,5
Acts,22,5,5,5,1
Acts,22,5,7,5,2
Acts,22,5,22,5,21
Acts,22,5,26,5,27
Acts,22,14,20,14,19
Acts,22,19,7,19,8
Acts,22,20,11,20,12
Acts,22,20,12,20,2
Acts,22,20,14,20,12
Acts,22,23,5,23,4
Acts,22,24,16,24,15
Acts,22,24,17,24,14
Acts,22,24,19,24,17
Acts,22,25,1,,
Acts,22,25,7,25,1
Acts,22,25,14,25,7
Acts,22,29,16,29,19
Acts,22,29,19,29,15
Acts,22,29,20,29,19
Acts,22,30,17,30,16
Acts,23,6,24,6,22
Acts,23,7,4,7,5
Acts,23,8,11,8,10
Acts,23,9,18,9,15
Acts,23,9,25,9,28
Acts,23,9,26,9,23
Acts,23,9,28,9,26
Acts,23,12,14,12,13
Acts,23,21,20,21,19
Acts,23,22,10,22,8
Acts,23,22,11,22,10
Acts,23,27,18,27,17
Acts,23,27,19,27,18
Acts,23,34,4,34,3
Acts,23,34,8,34,4
Acts,23,34,10,34,9
Acts,23,34,11,34,10
Acts,24,10,13,10,19
Acts,24,10,17,10,15
Acts,24,10,19,10,24
Acts,24,12,16,12,15
Acts,24,12,19,12,15
Acts,24,12,20,12,19
Acts,24,14,9,14,11
Acts,24,17,5,17,12
Acts,24,17,11,,
Acts,24,17,12,17,6
Acts,24,18,9,18,10
Acts,24,19,6,,
Acts,24,19,14,19,6
Acts,24,20,4,20,1
Acts,24,21,3,21,5
Acts,24,21,5,21,2
Acts,24,21,7,21,5
Acts,25,8,12,8,11
Acts,25,8,15,8,11
Acts,25,8,16,8,15
Acts,25,19,4,19,11
Acts,25,19,8,18,8
Acts,25,19,11,19,8
Acts,25,20,8,,
Acts,25,20,9,20,8
Acts,25,23,13,23,32
Acts,25,23,28,23,13
Acts,26,7,15,7,14
Acts,26,7,16,7,15
Acts,26,9,4,10,6
Acts,26,10,3,9,13
Acts,26,10,6,,
Acts,26,13,6,11,15
Acts,26,13,7,13,6
Acts,26,19,4,19,5
Acts,26,19,9,19,6
Acts,26,23,2,22,25
Acts,26,23,6,23,11
Acts,26,25,4,25,5
Acts,26,26,25,26,21
Acts,26,29,12,29,11
Acts,26,29,14,29,15
Acts,26,29,15,29,16
Acts,27,3,18,3,12
Acts,27,10,11,10,12
Acts,27,10,12,10,15
Acts,27,10,18,10,10
Acts,27,11,10,,
Acts,27,11,11,11,9
Acts,27,12,5,12,10
Acts,27,12,10,,
Acts,27,12,14,12,11
Acts,27,16,12,16,9
Acts,27,18,3,18,8
Acts,27,20,5,20,4
Acts,27,25,12,25,14
Acts,27,25,13,25,11
Acts,27,34,13,34,16
Acts,27,34,15,34,13
Acts,27,39,17,39,14
Acts,27,39,18,39,17
Acts,27,39,20,39,18
Acts,27,40,5,40,1
Acts,27,44,3,44,1
Acts,27,44,4,44,6
Acts,27,44,6,44,3
Acts,27,44,8,44,10
Acts,27,44,10,44,3
Acts,28,21,21,21,15
Acts,28,22,15,22,14
Acts,28,27,31,27,30
Acts,28,28,4,28,1
Rom,1,1,1,7,3
Rom,1,7,3,,
Rom,1,7,11,,
Rom,1,7,12,7,11
Rom,1,9,23,9,19
Rom,1,10,7,10,6
Rom,1,13,21,13,18
Rom,1,13,23,13,25
Rom,1,13,25,13,21
Rom,1,15,1,,
Rom,1,15,5,15,1
Rom,1,15,11,15,5
Rom,1,21,11,21,1
Rom,1,21,12,21,17
Rom,1,21,17,21,11
Rom,1,23,18,23,17
Rom,1,29,1,28,11
Rom,1,32,13,32,12
Rom,2,3,17,3,15
Rom,2,7,12,,
Rom,2,7,13,7,12
Rom,2,8,5,7,12
Rom,2,8,14,8,5
Rom,2,9,2,9,4
Rom,2,9,4,,
Rom,2,10,3,10,9
Rom,2,10,9,9,4
Rom,2,13,1,13,6
Rom,2,15,2,,
Rom,2,15,4,15,7
Rom,2,16,3,16,4
Rom,2,16,4,16,2
Rom,2,17,6,17,1
Rom,2,17,7,17,6
Rom,2,17,9,17,6
Rom,2,18,1,17,9
Rom,2,19,1,18,6
Rom,2,28,1,28,8
Rom,2,28,4,28,9
Rom,2,28,8,29,1
Rom,2,28,9,28,8
Rom,2,29,8,29,7
Rom,2,29,9,29,8
Rom,2,29,17,29,18
Rom,3,4,11,4,7
Rom,3,8,2,8,5
Rom,3,8,3,8,5
Rom,3,8,5,8,1
Rom,3,8,6,8,5
Rom,4,4,6,4,8
Rom,4,5,4,5,12
Rom,4,5,5,5,4
Rom,4,8,3,8,8
Rom,4,10,10,10,11
Rom,4,11,16,11,14
Rom,4,11,18,12,1
Rom,4,12,1,11,16
Rom,4,13,1,13,3
Rom,4,13,3,13,18
Rom,4,13,6,13,9
Rom,4,13,9,,
Rom,4,13,18,13,9
Rom,4,16,6,16,5
Rom,4,16,8,16,6
Rom,4,16,17,16,22
Rom,4,16,32,16,33
Rom,4,16,33,16,31
Rom,4,17,8,17,4
Rom,4,17,18,17,17
Rom,4,17,21,17,18
Rom,4,19,6,19,1
Rom,4,19,10,19,14
Rom,4,23,1,23,5
Rom,4,23,2,,
Rom,4,23,4,24,1
Rom,4,24,1,23,2
Rom,5,2,8,2,5
Rom,5,3,1,3,2
Rom,5,4,3,4,4
Rom,5,4,4,3,15
Rom,5,4,7,4,8
Rom,5,4,8,4,4
Rom,5,9,1,9,3
Rom,5,9,3,9,10
Rom,5,10,14,10,15
Rom,5,10,15,10,17
Rom,5,11,1,11,2
Rom,5,12,3,,
Rom,5,12,19,12,13
Rom,5,12,20,12,26
Rom,5,12,26,12,19
Rom,5,12,27,12,30
Rom,5,12,28,12,27
Rom,5,12,30,12,26
Rom,5,15,6,15,1
Rom,5,15,9,15,6
Rom,5,15,19,15,20
Rom,5,15,20,15,39
Rom,6,13,4,13,6
Rom,6,13,21,13,23
Rom,6,13,23,13,19
Rom,6,14,6,14,9
Rom,6,14,8,14,5
Rom,6,14,9,14,11
Rom,6,14,11,14,8
Rom,6,15,5,15,7
Rom,6,15,6,15,4
Rom,6,15,7,15,9
Rom,6,15,9,15,6
Rom,6,16,6,16,7
Rom,6,16,19,16,18
Rom,6,22,19,22,20
Rom,6,22,20,22,11
Rom,7,1,15,1,17
Rom,7,1,16,1,14
Rom,7,1,17,1,16
Rom,7,6,1,6,3
Rom,7,6,4,6,3
Rom,7,6,7,6,3
Rom,7,15,6,15,11
Rom,7,16,8,16,1
Rom,7,16,11,16,8
Rom,7,17,3,17,4
Rom,7,17,4,17,7
Rom,7,17,5,,
Rom,7,17,7,17,5
Rom,7,19,1,19,5
Rom,7,20,8,20,9
Rom,7,20,9,20,12
Rom,7,20,10,20,1
Rom,7,20,12,20,10
Rom,7,21,1,,
Rom,7,21,6,21,4
Rom,7,21,7,21,8
Rom,7,21,11,21,4
Rom,8,4,10,4,11
Rom,8,5,12,5,16
Rom,8,5,16,5,9
Rom,8,9,3,9,5
Rom,8,12,8,12,4
Rom,8,15,1,15,3
Rom,8,20,6,,
Rom,8,20,7,20,8
Rom,8,21,1,20,14
Rom,8,23,1,23,2
Rom,8,27,6,27,12
Rom,8,27,12,,
Rom,8,28,16,28,5
Rom,8,29,5,29,1
Rom,8,35,10,35,1
Rom,8,35,15,35,14
Rom,8,35,16,35,14
Rom,8,35,17,35,16
Rom,8,35,18,35,16
Rom,8,35,19,35,18
Rom,8,35,20,35,18
Rom,8,35,21,35,20
Rom,8,38,7,38,6
Rom,8,38,11,38,10
Rom,8,38,15,38,14
Rom,8,38,16,38,14
Rom,8,38,17,38,16
Rom,8,39,4,39,3
Rom,8,39,5,39,3
Rom,8,39,7,39,5
Rom,9,21,16,21,18
Rom,9,21,19,21,21
Rom,9,21,21,21,18
Rom,9,4,15,4,13
Rom,9,4,16,4,13
Rom,9,4,18,4,16
Rom,9,4,19,4,16
Rom,9,4,21,4,19
Rom,9,5,13,,
Rom,9,5,16,5,13
Rom,9,5,17,5,16
Rom,9,5,21,5,13
Rom,9,6,10,6,15
Rom,9,8,2,,
Rom,9,8,3,8,5
Rom,9,8,8,8,12
Rom,9,8,9,8,2
Rom,9,8,12,8,9
Rom,9,10,1,10,2
Rom,9,11,4,12,8
Rom,9,11,10,,
Rom,9,12,1,12,2
Rom,9,12,8,11,10
Rom,9,12,10,12,8
Rom,9,16,3,16,5
Rom,9,22,14,22,1
Rom,9,24,4,24,1
Rom,9,24,5,24,6
Rom,9,25,10,25,12
Rom,9,25,17,25,18
Rom,9,25,18,25,14
Rom,9,29,1,,
Rom,9,29,2,29,1
Rom,9,32,4,32,5
Rom,10,17,8,17,9
Rom,10,17,9,17,4
Rom,10,18,16,18,15
Rom,10,18,22,18,16
Rom,11,1,20,1,15
Rom,11,9,17,9,16
Rom,11,15,13,15,11
Rom,11,15,14,15,13
Rom,11,18,8,18,12
Rom,11,18,15,18,16
Rom,11,18,16,18,13
Rom,11,20,10,20,12
Rom,11,23,1,23,8
Rom,11,24,18,24,22
Rom,11,24,20,24,18
Rom,11,25,3,25,10
Rom,11,25,6,25,10
Rom,11,25,10,,
Rom,11,25,13,25,14
Rom,11,25,15,25,8
Rom,11,27,7,27,1
Rom,11,27,8,27,2
Rom,11,33,8,33,4
Rom,11,36,11,36,4
Rom,11,36,12,,
Rom,11,36,14,36,12
Rom,12,1,12,1,14
Rom,12,1,22,1,14
Rom,12,2,2,2,3
Rom,12,3,14,3,15
Rom,12,11,4,10,9
Rom,12,16,6,16,9
Rom,12,19,1,19,3
Rom,13,1,16,1,20
Rom,13,1,20,1,10
Rom,13,3,4,3,8
Rom,13,5,4,5,5
Rom,13,9,4,9,11
Rom,13,9,11,9,20
Rom,13,9,12,9,11
Rom,13,11,15,11,1
Rom,13,11,19,11,15
Rom,13,11,20,11,21
Rom,13,11,21,11,19
Rom,14,6,22,6,16
Rom,14,8,14,,
Rom,14,8,18,8,14
Rom,14,8,23,8,14
Rom,14,9,12,9,11
Rom,14,14,2,,
Rom,14,14,7,14,2
Rom,14,17,1,17,9
Rom,14,17,3,,
Rom,14,17,9,17,11
Rom,14,17,11,17,3
Rom,15,3,8,,
Rom,15,3,9,3,8
Rom,15,14,15,14,13
Rom,15,18,4,18,5
Rom,15,18,7,18,8
Rom,15,18,8,18,4
Rom,15,18,9,18,8
Rom,15,18,10,18,8
Rom,15,18,12,18,8
Rom,15,18,16,18,8
Rom,15,19,1,18,8
Rom,15,20,10,20,14
Rom,15,20,14,21,1
Rom,15,21,1,20,9
Rom,15,21,2,21,1
Rom,15,27,6,27,4
Rom,16,3,3,3,1
Rom,16,4,11,4,12
Rom,16,5,1,3,3
Rom,16,15,10,15,1
Rom,16,15,11,15,12
Rom,16,15,12,15,10
Rom,16,17,4,17,1
Rom,16,18,7,18,10
Rom,16,18,9,18,4
Rom,16,18,10,18,9
Rom,16,21,12,21,11
1Cor,1,1,9,2,2
1Cor,1,2,2,,
1Cor,1,2,13,2,2
1Cor,1,2,14,2,13
1Cor,1,2,30,2,22
1Cor,1,3,2,,
1Cor,1,3,3,3,2
1Cor,1,6,3,6,6
1Cor,1,6,7,6,6
1Cor,1,8,4,8,7
1Cor,1,11,1,,
1Cor,1,11,6,11,1
1Cor,1,11,11,11,1
1Cor,1,12,17,12,14
1Cor,1,12,20,12,17
1Cor,1,14,2,15,1
1Cor,1,15,1,,
1Cor,1,16,9,,
1Cor,1,16,10,16,9
1Cor,1,17,1,17,6
1Cor,1,25,8,25,6
1Cor,1,26,1,,
1Cor,1,26,6,26,1
1Cor,1,26,7,26,4
1Cor,1,26,9,26,10
1Cor,1,26,10,26,7
1Cor,1,26,14,26,15
1Cor,1,26,15,26,10
1Cor,1,26,17,26,18
1Cor,1,26,18,26,15
1Cor,1,27,6,27,9
1Cor,1,27,9,27,13
1Cor,1,27,13,27,1
1Cor,1,27,18,27,21
1Cor,1,27,21,27,13
1Cor,1,28,1,27,13
1Cor,1,28,9,28,15
1Cor,1,28,15,28,1
1Cor,1,31,1,,
1Cor,1,31,2,31,1
1Cor,2,2,3,2,8
1Cor,2,2,5,2,3
1Cor,2,2,8,,
1Cor,2,4,9,4,10
1Cor,2,5,5,5,7
1Cor,2,6,7,6,1
1Cor,2,6,9,6,13
1Cor,2,8,8,7,4
1Cor,2,9,1,,
1Cor,2,9,2,9,1
1Cor,2,10,16,10,12
1Cor,2,12,3,12,5
1Cor,2,12,5,12,9
1Cor,2,12,8,12,16
1Cor,2,12,9,12,8
1Cor,2,12,16,,
1Cor,2,13,4,13,5
1Cor,3,1,3,1,7
1Cor,3,1,5,1,4
1Cor,3,1,7,1,9
1Cor,3,1,9,1,5
1Cor,3,2,5,2,1
1Cor,3,4,9,4,12
1Cor,3,4,12,4,7
1Cor,3,7,2,7,5
1Cor,3,7,4,7,2
1Cor,3,7,5,7,10
1Cor,3,7,9,7,7
1Cor,3,15,9,15,6
1Cor,3,18,16,18,17
1Cor,3,22,1,21,6
1Cor,3,22,4,22,3
1Cor,3,22,5,22,3
1Cor,3,22,6,22,5
1Cor,3,22,7,22,5
1Cor,3,22,8,22,7
1Cor,3,22,9,22,7
1Cor,3,22,10,22,9
1Cor,3,22,11,22,9
1Cor,3,22,12,22,11
1Cor,3,22,13,22,11
1Cor,3,22,14,22,13
1Cor,3,22,15,22,13
1Cor,3,22,16,22,15
1Cor,3,22,17,22,18
1Cor,3,23,3,22,18
1Cor,4,9,20,9,19
1Cor,4,11,5,,
1Cor,4,11,10,11,9
1Cor,4,11,11,11,9
1Cor,4,11,12,11,11
1Cor,4,11,13,11,11
1Cor,4,11,14,11,13
1Cor,4,12,1,11,13
1Cor,4,14,2,14,6
1Cor,4,14,4,,
1Cor,4,14,6,14,4
1Cor,4,14,8,14,11
1Cor,4,15,1,14,6
1Cor,4,15,8,15,1
1Cor,4,19,12,19,14
1Cor,4,20,1,20,3
1Cor,4,21,3,21,8
1Cor,4,21,5,,
1Cor,4,21,8,21,5
1Cor,5,1,8,1,6
1Cor,5,1,14,1,8
1Cor,5,2,2,2,4
1Cor,5,2,4,2,1
1Cor,5,2,8,2,9
1Cor,5,2,9,2,5
1Cor,5,8,3,8,4
1Cor,5,10,10,10,11
1Cor,5,10,12,10,11
1Cor,5,10,14,10,13
1Cor,5,11,18,11,17
1Cor,5,11,19,11,17
1Cor,5,11,20,11,19
1Cor,5,11,21,11,19
1Cor,5,11,22,11,21
1Cor,6,1,9,1,1
1Cor,6,1,10,1,13
1Cor,6,1,13,1,9
1Cor,6,2,19,2,17
1Cor,6,7,6,7,5
1Cor,6,9,12,10,13
1Cor,6,9,13,9,12
1Cor,6,9,14,9,12
1Cor,6,9,15,9,14
1Cor,6,9,16,9,14
1Cor,6,9,17,9,16
1Cor,6,9,18,9,16
1Cor,6,9,19,9,18
1Cor,6,9,20,9,18
1Cor,6,9,21,9,20
1Cor,6,10,1,9,20
1Cor,6,10,4,10,3
1Cor,6,10,5,10,6
1Cor,6,10,6,10,4
1Cor,6,10,7,10,8
1Cor,6,10,8,10,6
1Cor,6,10,9,10,10
1Cor,6,10,10,10,8
1Cor,6,11,8,11,7
1Cor,6,11,9,11,7
1Cor,6,11,10,11,9
1Cor,6,13,21,13,23
1Cor,6,18,4,18,5
1Cor,6,18,5,18,13
1Cor,6,19,14,19,4
1Cor,7,1,1,1,5
1Cor,7,1,5,,
1Cor,7,3,12,3,14
1Cor,7,3,14,3,7
1Cor,7,4,2,4,8
1Cor,7,4,6,4,2
1Cor,7,4,7,,
1Cor,7,4,8,4,7
1Cor,7,4,15,4,21
1Cor,7,4,19,4,15
1Cor,7,4,20,,
1Cor,7,4,21,4,20
1Cor,7,5,4,5,21
1Cor,7,5,7,5,11
1Cor,7,5,9,5,7
1Cor,7,5,11,5,4
1Cor,7,5,21,,
1Cor,7,9,8,9,5
1Cor,7,9,10,9,6
1Cor,7,10,5,10,6
1Cor,7,17,4,17,14
1Cor,7,17,9,17,14
1Cor,7,24,1,24,8
1Cor,7,29,6,29,8
1Cor,7,29,12,29,11
1Cor,7,30,1,29,12
1Cor,7,30,4,30,1
1Cor,7,30,7,30,1
1Cor,7,30,10,30,7
1Cor,7,30,13,30,7
1Cor,7,31,1,30,13
1Cor,7,34,5,34,8
1Cor,7,34,8,34,11
1Cor,7,34,23,34,21
1Cor,7,35,9,35,10
1Cor,7,36,1,,
1Cor,7,36,10,36,1
1Cor,7,36,11,36,13
1Cor,7,36,13,36,10
1Cor,7,36,19,36,1
1Cor,7,39,4,39,6
1Cor,7,39,5,39,3
1Cor,7,39,6,39,5
1Cor,7,39,21,39,19
1Cor,8,4,8,4,13
1Cor,8,4,13,4,7
1Cor,8,4,14,4,13
1Cor,8,4,15,4,16
1Cor,8,4,16,4,17
1Cor,8,5,3,,
1Cor,8,5,11,5,10
1Cor,8,5,14,5,13
1Cor,8,5,15,5,17
1Cor,8,5,16,5,15
1Cor,8,5,18,5,17
1Cor,8,5,19,5,18
1Cor,8,6,1,5,3
1Cor,8,6,2,6,1
1Cor,8,6,3,6,4
1Cor,8,6,4,6,2
1Cor,8,6,15,6,2
1Cor,8,6,16,6,17
1Cor,8,6,17,6,15
1Cor,8,7,7,7,17
1Cor,8,7,10,7,17
1Cor,8,7,15,7,17
1Cor,8,7,17,7,18
1Cor,8,8,14,8,13
1Cor,9,2,13,2,15
1Cor,9,3,6,3,3
1Cor,9,12,18,12,19
1Cor,8,13,1,,
1Cor,8,13,2,13,1
1Cor,8,13,10,13,15
1Cor,9,15,16,15,11
1Cor,9,15,21,15,16
1Cor,9,20,2,20,7
1Cor,9,20,7,20,1
1Cor,9,20,13,20,21
1Cor,9,20,21,20,7
1Cor,9,21,5,21,7
1Cor,9,21,6,21,2
1Cor,9,21,7,21,9
1Cor,9,21,9,21,6
1Cor,9,25,7,25,10
1Cor,9,25,10,25,6
1Cor,9,25,14,25,16
1Cor,9,25,16,25,13
1Cor,10,1,16,1,7
1Cor,10,1,21,1,16
1Cor,10,2,1,1,16
1Cor,10,3,1,2,1
1Cor,10,3,7,3,1
1Cor,10,6,5,,
1Cor,10,6,9,6,13
1Cor,10,6,13,6,6
1Cor,10,7,5,7,7
1Cor,10,13,13,13,14
1Cor,10,15,1,15,3
1Cor,10,15,2,15,1
1Cor,10,15,3,,
1Cor,10,17,2,17,3
1Cor,10,17,3,17,8
1Cor,10,17,5,17,3
1Cor,10,19,4,19,8
1Cor,10,19,8,,
1Cor,10,19,9,19,8
1Cor,10,20,1,,
1Cor,10,20,2,20,1
1Cor,10,21,3,21,6
1Cor,10,21,5,21,2
1Cor,10,21,6,21,5
1Cor,10,21,11,21,14
1Cor,10,21,13,21,10
1Cor,10,21,14,21,13
1Cor,10,22,7,22,6
1Cor,10,24,3,24,5
1Cor,10,24,4,,
1Cor,10,24,5,24,4
1Cor,10,29,4,29,6
1Cor,10,31,3,31,4
1Cor,10,31,5,31,4
1Cor,10,31,6,31,4
1Cor,10,31,8,31,6
1Cor,10,32,6,32,5
1Cor,10,32,7,32,5
1Cor,10,32,9,32,7
1Cor,10,33,6,33,10
1Cor,11,3,18,3,13
1Cor,11,5,7,5,5
1Cor,11,5,9,5,7
1Cor,11,8,1,8,3
1Cor,11,9,3,9,4
1Cor,11,11,8,11,6
1Cor,11,17,7,17,8
1Cor,11,18,1,18,8
1Cor,11,18,4,18,8
1Cor,11,23,3,,
1Cor,11,23,11,23,9
1Cor,11,25,22,25,24
1Cor,11,25,24,25,21
1Cor,11,26,1,26,8
1Cor,11,26,8,26,16
1Cor,11,27,18,27,14
1Cor,11,29,6,29,9
1Cor,11,29,7,29,9
1Cor,11,34,6,34,7
1Cor,12,3,13,3,19
1Cor,12,3,15,3,13
1Cor,12,3,19,3,4
1Cor,12,5,4,5,1
1Cor,12,8,10,8,7
1Cor,12,8,12,8,10
1Cor,12,9,1,8,10
1Cor,12,9,2,9,1
1Cor,12,9,7,9,1
1Cor,12,9,8,9,7
1Cor,12,10,1,9,7
1Cor,12,10,2,10,1
1Cor,12,10,4,10,1
1Cor,12,10,5,10,4
1Cor,12,10,6,10,4
1Cor,12,10,7,10,6
1Cor,12,10,9,10,6
1Cor,12,10,10,10,9
1Cor,12,10,12,10,9
1Cor,12,10,13,10,12
1Cor,12,11,4,,
1Cor,12,11,7,11,10
1Cor,12,11,9,11,7
1Cor,12,11,10,11,4
1Cor,12,11,11,11,14
1Cor,12,11,14,11,4
1Cor,12,13,12,13,6
1Cor,12,13,15,13,14
1Cor,12,13,16,13,14
1Cor,12,13,17,13,16
1Cor,12,13,18,13,16
1Cor,12,13,19,13,18
1Cor,12,14,5,14,8
1Cor,12,18,8,18,7
1Cor,12,18,10,18,9
1Cor,12,21,16,21,18
1Cor,12,21,18,21,13
1Cor,12,22,2,22,3
1Cor,12,22,3,22,12
1Cor,12,22,12,22,1
1Cor,12,26,2,26,1
1Cor,12,26,6,26,2
1Cor,12,28,4,28,1
1Cor,12,28,11,28,4
1Cor,13,2,2,2,14
1Cor,13,2,14,2,1
1Cor,13,2,19,2,16
1Cor,13,2,26,2,16
1Cor,13,2,28,2,14
1Cor,13,3,2,3,8
1Cor,13,3,8,3,1
1Cor,13,3,19,3,14
1Cor,13,3,21,3,8
1Cor,13,8,5,,
1Cor,13,8,8,8,5
1Cor,13,8,9,8,5
1Cor,13,8,11,8,9
1Cor,13,8,12,8,5
1Cor,13,8,14,8,12
1Cor,14,2,6,2,8
1Cor,14,2,7,,
1Cor,14,2,8,2,7
1Cor,14,5,11,5,20
1Cor,14,5,15,5,11
1Cor,14,6,4,,
1Cor,14,6,12,6,13
1Cor,14,6,13,6,4
1Cor,14,6,21,6,20
1Cor,14,6,23,6,20
1Cor,14,6,24,6,23
1Cor,14,6,26,6,23
1Cor,14,6,27,6,26
1Cor,14,7,6,7,2
1Cor,14,7,9,7,8
1Cor,14,12,1,12,13
1Cor,14,12,3,12,13
1Cor,14,14,14,14,8
1Cor,14,16,12,16,19
1Cor,14,18,5,18,6
1Cor,14,19,4,19,1
1Cor,14,19,15,19,4
1Cor,14,20,2,20,4
1Cor,14,22,7,22,9
1Cor,14,22,15,22,19
1Cor,14,22,16,22,18
1Cor,14,22,19,22,6
1Cor,14,25,16,25,13
1Cor,14,25,17,25,16
1Cor,14,27,1,,
1Cor,14,27,9,27,10
1Cor,14,27,10,27,7
1Cor,14,27,11,27,1
1Cor,14,27,14,27,11
1Cor,14,28,11,28,6
1Cor,14,33,1,33,4
1Cor,14,33,3,,
1Cor,14,33,4,33,7
1Cor,14,33,7,33,3
1Cor,14,35,15,35,12
1Cor,15,2,4,2,9
1Cor,15,2,5,2,7
1Cor,15,2,6,2,10
1Cor,15,2,7,2,6
1Cor,15,2,9,2,12
1Cor,15,2,12,1,6
1Cor,15,3,9,4,1
1Cor,15,4,1,3,8
1Cor,15,4,2,4,1
1Cor,15,4,4,4,1
1Cor,15,4,5,4,4
1Cor,15,5,1,4,4
1Cor,15,5,2,5,1
1Cor,15,8,4,8,8
1Cor,15,8,6,8,4
1Cor,15,10,7,,
1Cor,15,10,16,10,17
1Cor,15,10,17,10,7
1Cor,15,10,19,10,18
1Cor,15,10,22,10,23
1Cor,15,11,5,11,4
1Cor,15,12,4,12,1
1Cor,15,12,5,12,4
1Cor,15,19,13,19,11
1Cor,15,24,4,,
1Cor,15,24,12,24,4
1Cor,15,24,18,24,16
1Cor,15,28,11,28,17
1Cor,15,31,1,31,3
1Cor,15,32,20,32,16
1Cor,15,37,4,37,6
1Cor,15,37,6,37,10
1Cor,15,37,9,37,1
1Cor,15,37,10,37,9
1Cor,15,37,16,37,12
1Cor,15,39,1,39,6
1Cor,15,39,15,39,11
1Cor,15,39,19,39,15
1Cor,15,40,2,40,1
1Cor,15,45,15,45,4
1Cor,15,45,14,45,15
1Cor,15,46,2,46,3
1Cor,15,47,3,47,4
1Cor,15,47,4,,
1Cor,15,47,6,47,4
1Cor,15,47,10,47,4
1Cor,15,50,3,,
1Cor,15,50,5,50,1
1Cor,16,2,11,2,9
1Cor,16,2,18,2,19
1Cor,16,2,19,2,20
1Cor,16,3,5,3,10
1Cor,16,3,10,3,1
1Cor,16,15,7,15,5
2Cor,1,1,8,1,13
2Cor,1,1,13,,
2Cor,1,2,2,,
2Cor,1,2,3,2,2
2Cor,1,7,10,7,9
2Cor,1,7,18,7,10
2Cor,1,8,3,,
2Cor,1,8,16,8,5
2Cor,1,8,17,8,21
2Cor,1,8,19,8,21
2Cor,1,9,11,9,14
2Cor,1,9,13,9,10
2Cor,1,9,14,9,16
2Cor,1,9,16,9,12
2Cor,1,10,13,10,12
2Cor,1,10,14,10,15
2Cor,1,10,15,10,13
2Cor,1,12,6,,
2Cor,1,12,8,12,5
2Cor,1,12,12,12,5
2Cor,1,12,19,12,20
2Cor,1,13,1,13,3
2Cor,1,14,1,13,15
2Cor,1,14,7,13,18
2Cor,1,16,17,16,14
2Cor,1,23,5,23,3
2Cor,1,23,6,,
2Cor,1,23,11,23,6
2Cor,1,24,1,24,2
2Cor,1,24,2,24,7
2Cor,1,24,3,24,2
2Cor,1,24,7,,
2Cor,1,24,11,24,8
2Cor,2,4,13,4,14
2Cor,2,5,5,5,7
2Cor,2,7,13,7,6
2Cor,2,9,7,9,6
2Cor,2,9,11,9,7
2Cor,2,10,11,11,1
2Cor,2,11,1,,
2Cor,2,16,1,15,4
2Cor,2,16,3,16,1
2Cor,2,16,8,16,1
2Cor,2,16,10,16,8
2Cor,2,17,1,17,3
2Cor,3,3,10,3,11
2Cor,3,3,16,3,17
2Cor,3,5,1,5,2
2Cor,3,6,4,6,5
2Cor,3,6,8,6,9
2Cor,3,7,4,7,11
2Cor,3,7,9,7,11
2Cor,3,7,12,7,11
2Cor,3,9,8,9,9
2Cor,3,9,9,9,10
2Cor,3,11,4,11,5
2Cor,3,11,5,11,1
2Cor,3,11,7,11,8
2Cor,3,11,8,11,11
2Cor,3,15,5,15,6
2Cor,3,16,1,,
2Cor,3,16,3,16,1
2Cor,3,16,7,16,1
2Cor,3,17,7,,
2Cor,3,17,10,17,7
2Cor,3,17,12,17,7
2Cor,4,1,1,1,10
2Cor,4,1,7,2,1
2Cor,4,1,9,1,10
2Cor,4,2,1,,
2Cor,4,2,7,2,8
2Cor,4,3,7,3,4
2Cor,4,5,1,5,3
2Cor,4,5,3,5,5
2Cor,4,5,4,6,1
2Cor,4,5,5,5,4
2Cor,4,5,9,5,11
2Cor,4,5,11,5,6
2Cor,4,6,3,6,5
2Cor,4,6,5,6,1
2Cor,4,7,14,7,9
2Cor,4,7,16,7,17
2Cor,4,7,17,7,14
2Cor,4,12,9,12,10
2Cor,4,12,10,12,6
2Cor,4,16,5,16,4
2Cor,4,16,12,16,5
2Cor,4,18,1,18,5
2Cor,4,18,2,17,15
2Cor,4,18,5,18,6
2Cor,4,18,6,18,2
2Cor,5,4,12,4,14
2Cor,5,9,7,9,6
2Cor,5,9,9,9,8
2Cor,5,10,3,10,4
2Cor,5,10,4,10,5
2Cor,5,10,25,10,24
2Cor,5,12,1,12,4
2Cor,5,12,17,12,20
2Cor,5,12,19,12,14
2Cor,5,12,20,12,19
2Cor,5,13,7,13,5
2Cor,5,14,8,14,7
2Cor,5,14,14,14,10
2Cor,5,15,8,15,9
2Cor,5,17,3,17,4
2Cor,5,17,4,17,2
2Cor,5,19,1,18,4
2Cor,5,19,2,19,1
2Cor,5,19,3,19,4
2Cor,6,3,4,3,6
2Cor,6,3,6,4,1
2Cor,6,7,14,7,9
2Cor,6,13,4,13,9
2Cor,6,13,5,13,7
2Cor,6,13,6,13,5
2Cor,6,13,7,,
2Cor,6,13,8,13,7
2Cor,6,17,6,17,8
2Cor,6,17,10,17,6
2Cor,7,5,7,5,9
2Cor,7,7,1,7,2
2Cor,7,8,14,8,11
2Cor,7,8,15,8,14
2Cor,7,8,17,8,23
2Cor,7,8,21,8,23
2Cor,7,8,24,8,23
2Cor,7,9,2,9,6
2Cor,7,9,4,9,6
2Cor,7,9,6,8,11
2Cor,7,9,7,9,6
2Cor,7,11,16,11,15
2Cor,7,11,17,11,15
2Cor,7,11,18,11,17
2Cor,7,11,19,11,17
2Cor,7,11,20,11,19
2Cor,7,11,21,11,19
2Cor,7,11,22,11,21
2Cor,7,11,23,11,21
2Cor,7,11,24,11,23
2Cor,7,12,6,12,7
2Cor,7,14,8,14,9
2Cor,7,14,11,14,9
2Cor,7,14,26,14,11
2Cor,8,5,8,5,7
2Cor,8,7,2,7,1
2Cor,8,7,10,7,9
2Cor,8,7,11,7,9
2Cor,8,7,13,7,11
2Cor,8,7,14,7,11
2Cor,8,7,20,7,14
2Cor,8,7,21,7,2
2Cor,8,8,1,8,2
2Cor,8,8,2,8,5
2Cor,8,8,4,,
2Cor,8,8,5,8,4
2Cor,8,10,11,10,12
2Cor,8,12,6,12,9
2Cor,8,12,7,12,6
2Cor,8,13,1,13,3
2Cor,8,13,9,14,12
2Cor,8,14,7,13,9
2Cor,8,14,12,13,8
2Cor,8,19,1,19,2
2Cor,8,19,4,18,9
2Cor,8,19,10,19,6
2Cor,8,21,4,21,5
2Cor,8,22,7,22,13
2Cor,8,23,2,23,1
2Cor,8,23,11,23,10
2Cor,8,23,13,23,10
2Cor,9,1,11,1,10
2Cor,9,2,9,2,4
2Cor,9,2,11,2,9
2Cor,9,8,1,8,10
2Cor,9,8,10,,
2Cor,9,8,17,9,1
2Cor,9,9,1,8,10
2Cor,9,10,3,10,12
2Cor,9,10,4,10,7
2Cor,9,10,7,10,3
2Cor,9,11,13,11,11
2Cor,9,12,3,12,9
2Cor,9,12,9,12,1
2Cor,9,12,10,12,15
2Cor,9,12,15,12,9
2Cor,10,5,10,3,4
2Cor,10,6,1,5,10
2Cor,10,8,23,9,1
2Cor,10,13,4,13,8
2Cor,10,13,7,,
2Cor,10,13,8,13,7
2Cor,10,18,1,18,6
2Cor,10,18,6,18,9
2Cor,10,18,7,,
2Cor,10,18,9,18,7
2Cor,11,6,1,,
2Cor,11,6,7,6,1
2Cor,11,6,11,6,7
2Cor,11,7,3,7,6
2Cor,11,7,6,7,9
2Cor,11,10,1,,
2Cor,11,10,6,10,2
2Cor,11,15,16,15,7
2Cor,11,16,11,16,9
2Cor,11,16,13,16,18
2Cor,11,16,14,16,13
2Cor,11,16,16,16,14
2Cor,11,17,4,17,7
2Cor,11,17,6,,
2Cor,11,17,7,17,6
2Cor,11,17,11,17,2
2Cor,11,20,1,20,3
2Cor,11,20,3,,
2Cor,11,20,7,20,3
2Cor,11,20,10,20,7
2Cor,11,20,13,20,10
2Cor,11,20,16,20,13
2Cor,11,21,4,21,3
2Cor,11,21,5,21,4
2Cor,11,26,7,26,5
2Cor,11,26,10,26,7
2Cor,11,26,13,26,10
2Cor,11,26,16,26,13
2Cor,11,26,19,26,16
2Cor,11,26,22,26,19
2Cor,11,27,2,26,22
2Cor,11,28,5,,
2Cor,11,28,8,28,5
2Cor,11,33,6,33,1
2Cor,12,3,5,3,2
2Cor,12,3,7,3,9
2Cor,12,3,10,3,9
2Cor,12,3,14,3,2
2Cor,12,6,10,6,6
2Cor,12,7,7,7,6
2Cor,12,7,10,7,17
2Cor,12,7,15,7,12
2Cor,12,7,17,7,7
2Cor,12,12,17,12,16
2Cor,12,14,1,14,5
2Cor,12,14,12,14,16
2Cor,12,14,14,,
2Cor,12,14,16,14,17
2Cor,12,14,17,14,14
2Cor,12,14,19,14,21
2Cor,12,20,10,20,8
2Cor,12,20,19,20,12
2Cor,13,2,2,2,4
2Cor,13,2,4,,
2Cor,13,2,5,2,8
2Cor,13,2,8,2,4
2Cor,13,2,17,2,2
2Cor,13,5,2,,
2Cor,13,5,3,5,2
2Cor,13,7,11,7,12
2Cor,13,8,1,8,5
2Cor,13,8,3,,
2Cor,13,8,5,8,8
2Cor,13,8,8,8,3
2Cor,13,11,1,11,3
2Cor,13,11,2,11,3
2Cor,13,11,10,,
Gal,1,1,3,1,4
Gal,1,2,1,2,8
Gal,1,2,8,,
Gal,1,3,2,,
Gal,1,3,3,3,2
Gal,1,5,1,4,22
Gal,1,5,3,5,1
Gal,1,8,3,8,1
Gal,1,8,16,8,3
Gal,1,12,1,12,6
Gal,1,13,18,13,10
Gal,1,14,1,13,18
Gal,1,14,18,14,17
Gal,1,16,14,16,15
Gal,1,16,15,17,1
Gal,1,17,1,17,10
Gal,2,9,24,9,25
Gal,2,9,25,9,23
Gal,2,9,28,9,30
Gal,2,9,30,9,25
Gal,2,10,6,10,10
Gal,2,16,23,16,22
Gal,2,16,27,16,23
Gal,2,18,9,18,8
Gal,3,5,7,5,15
Gal,3,5,15,6,1
Gal,3,13,13,14,1
Gal,3,14,1,,
Gal,3,14,9,14,13
Gal,3,14,13,14,1
Gal,3,16,11,16,12
Gal,3,29,12,29,8
Gal,4,1,3,1,11
Gal,4,1,4,1,9
Gal,4,1,9,1,5
Gal,4,3,1,3,12
Gal,4,3,3,3,12
Gal,4,3,7,3,12
Gal,4,7,2,7,4
Gal,4,10,8,10,7
Gal,4,12,4,12,9
Gal,4,12,5,12,6
Gal,4,12,6,12,4
Gal,4,12,9,,
Gal,4,13,8,13,3
Gal,4,14,9,14,10
Gal,4,18,8,18,9
Gal,4,18,9,18,10
Gal,4,18,10,18,7
Gal,4,23,12,23,15
Gal,4,23,15,23,9
Gal,4,27,15,27,14
Gal,4,27,21,27,15
Gal,4,29,2,29,1
Gal,4,29,12,29,2
Gal,4,31,3,31,5
Gal,4,31,5,31,7
Gal,4,31,6,31,4
Gal,4,31,7,31,6
Gal,5,6,5,6,11
Gal,5,6,6,6,5
Gal,5,6,8,,
Gal,5,6,9,6,5
Gal,5,6,11,6,8
Gal,5,10,15,,
Gal,5,10,19,10,13
Gal,5,13,8,13,11
Gal,5,13,10,13,11
Gal,5,13,11,13,15
Gal,5,17,10,17,11
Gal,5,17,11,17,4
Gal,5,17,19,17,24
Gal,5,17,21,17,24
Gal,5,17,24,17,18
Gal,6,4,14,4,7
Gal,6,4,15,4,14
Gal,6,13,1,13,7
Gal,6,14,16,14,20
Gal,6,14,18,14,20
Gal,6,14,19,14,20
Gal,6,14,20,14,15
Gal,6,14,21,14,22
Gal,6,14,22,14,20
Gal,6,15,3,15,1
Gal,6,15,5,15,8
Gal,6,15,8,,
Gal,6,15,10,15,8
Gal,6,16,10,16,1
Gal,6,16,12,16,10
Eph,1,2,2,,
Eph,1,2,3,2,2
Eph,1,21,4,21,1
Eph,1,21,9,21,8
Eph,1,21,10,21,8
Eph,1,21,14,21,15
Eph,1,21,15,21,16
Eph,1,22,3,22,1
Eph,2,5,6,5,4
Eph,2,6,2,6,1
Eph,2,11,3,11,2
Eph,2,12,1,11,3
Eph,2,19,3,19,4
Eph,3,18,16,18,15
Eph,3,20,3,21,1
Eph,3,21,1,,
Eph,3,21,3,21,1
Eph,4,1,12,1,9
Eph,4,7,1,7,5
Eph,4,7,4,7,3
Eph,4,21,5,21,9
Eph,4,21,6,21,8
Eph,4,21,8,21,5
Eph,4,21,9,21,1
Eph,4,24,1,21,5
Eph,4,30,9,30,5
Eph,4,31,8,31,7
Eph,4,31,9,31,7
Eph,4,31,10,31,9
Eph,5,3,3,4,10
Eph,5,3,12,,
Eph,5,4,1,3,6
Eph,5,4,2,4,1
Eph,5,4,6,4,5
Eph,5,4,10,3,9
Eph,5,8,7,8,4
Eph,5,10,6,10,4
Eph,5,15,6,15,7
Eph,5,18,2,18,3
Eph,5,19,7,19,6
Eph,5,24,2,24,1
Eph,5,24,11,24,13
Eph,5,24,13,24,2
Eph,5,27,8,27,9
Eph,5,29,13,30,1
Eph,5,29,16,29,18
Eph,5,29,18,29,13
Eph,5,30,1,29,8
Eph,5,31,7,,
Eph,5,31,10,31,7
Eph,5,31,15,31,7
Eph,5,33,18,33,12
Eph,5,33,17,33,19
Eph,6,4,4,4,5
Eph,6,5,3,5,17
Eph,6,5,17,,
Eph,6,6,1,6,2
Eph,6,8,3,8,9
Eph,6,8,15,8,14
Eph,6,12,2,12,7
Eph,6,14,10,14,9
Eph,6,23,3,,
Eph,6,23,4,23,3
Phil,1,2,2,,
Phil,1,2,3,2,2
Phil,1,7,4,7,3
Phil,1,12,8,12,15
Phil,1,12,10,12,15
Phil,1,12,11,12,15
Phil,1,18,3,,
Phil,1,18,4,18,3
Phil,1,18,10,18,9
Phil,1,18,12,18,4
Phil,1,20,29,20,28
Phil,1,23,19,23,8
Phil,1,27,7,27,8
Phil,1,27,8,,
Phil,1,27,15,27,14
Phil,1,28,17,28,1
Phil,1,28,19,29,1
Phil,1,29,1,28,17
Phil,1,29,7,29,8
Phil,1,29,8,29,12
Phil,2,1,1,,
Phil,2,1,7,1,1
Phil,2,1,11,1,7
Phil,2,1,15,1,11
Phil,2,2,1,1,1
Phil,2,3,1,3,2
Phil,2,3,2,3,7
Phil,2,4,1,4,5
Phil,2,4,9,4,6
Phil,2,4,10,4,9
Phil,2,6,12,6,11
Phil,2,12,7,12,9
Phil,2,14,2,15,1
Phil,2,15,1,,
Phil,2,15,16,15,17
Phil,2,15,17,15,10
Phil,2,16,10,16,5
Phil,2,16,11,16,14
Phil,2,21,9,21,5
Phil,2,22,8,22,7
Phil,2,22,9,22,8
Phil,2,25,7,25,4
Phil,2,25,11,25,7
Phil,2,25,14,25,15
Phil,2,26,3,26,1
Phil,2,26,6,26,3
Phil,2,27,11,27,14
Phil,3,5,6,5,5
Phil,3,5,8,5,3
Phil,3,5,13,5,8
Phil,3,6,3,5,13
Phil,3,7,6,7,11
Phil,3,8,2,8,4
Phil,3,8,4,8,23
Phil,3,8,23,8,26
Phil,3,8,26,8,1
Phil,3,9,5,9,8
Phil,3,11,1,9,1
Phil,3,15,3,15,4
Phil,3,17,13,17,12
Phil,3,19,20,18,1
Phil,4,8,10,8,8
Phil,4,8,12,8,10
Phil,4,8,14,8,12
Phil,4,8,16,8,14
Phil,4,8,17,8,20
Phil,4,8,20,,
Phil,4,8,21,8,20
Phil,4,8,25,8,20
Phil,4,9,7,9,6
Phil,4,9,8,9,6
Phil,4,9,9,9,8
Phil,4,11,1,11,2
Phil,4,11,2,,
Phil,4,12,16,12,15
Phil,4,15,7,15,12
Phil,4,15,16,15,18
Phil,4,15,17,15,18
Phil,4,15,19,15,18
Phil,4,16,8,16,7
Phil,4,16,12,16,13
Phil,4,17,1,17,2
Phil,4,22,9,22,5
Col,1,1,8,2,7
Col,1,2,7,,
Col,1,2,11,,
Col,1,2,12,2,11
Col,1,6,17,6,15
Col,1,6,19,6,17
Col,1,6,20,6,22
Col,1,7,1,6,21
Col,1,9,6,9,8
Col,1,9,7,9,5
Col,1,10,4,10,2
Col,1,16,22,16,21
Col,1,16,26,16,25
Col,1,20,25,20,23
Col,1,21,4,22,13
Col,1,21,9,21,6
Col,1,22,13,21,1
Col,1,23,11,23,9
Col,1,27,1,27,5
Col,1,27,19,27,18
Col,1,27,23,27,19
Col,1,28,17,28,18
Col,2,6,5,6,8
Col,2,13,14,13,1
Col,2,13,15,13,4
Col,2,16,12,16,11
Col,2,21,3,20,15
Col,2,21,6,21,5
Col,3,1,11,1,12
Col,3,12,1,,
Col,3,13,6,13,3
Col,3,22,10,22,13
Col,3,22,11,22,13
Col,3,22,13,22,15
Col,3,22,16,22,15
Col,3,22,19,22,16
Col,4,10,7,10,1
Col,4,10,14,10,8
Col,4,10,16,10,15
Col,4,11,1,10,7
Col,4,12,17,12,16
Col,4,12,18,12,19
Col,4,12,19,12,17
1Thess,1,1,2,1,7
1Thess,1,1,7,,
1Thess,1,1,17,,
1Thess,1,1,18,1,17
1Thess,1,2,1,,
1Thess,1,5,1,4,7
1Thess,1,5,5,5,9
1Thess,1,6,2,6,5
1Thess,1,6,3,6,5
1Thess,1,6,9,6,5
1Thess,1,8,17,8,27
1Thess,1,8,21,8,27
1Thess,2,1,12,1,14
1Thess,2,4,12,4,14
1Thess,2,5,1,5,7
1Thess,2,5,7,7,8
1Thess,2,5,8,,
1Thess,2,5,10,5,1
1Thess,2,5,11,5,10
1Thess,2,6,1,5,10
1Thess,2,6,10,6,9
1Thess,2,7,8,5,8
1Thess,2,7,9,7,8
1Thess,2,7,14,,
1Thess,2,7,15,7,14
1Thess,2,8,4,7,14
1Thess,2,8,7,8,8
1Thess,2,10,6,10,2
1Thess,2,10,8,10,15
1Thess,2,10,15,10,6
1Thess,2,11,4,12,3
1Thess,2,11,6,11,4
1Thess,2,11,7,11,3
1Thess,2,11,8,11,9
1Thess,2,11,9,11,7
1Thess,2,12,3,11,7
1Thess,2,12,13,12,11
1Thess,2,13,19,13,20
1Thess,2,13,30,13,26
1Thess,2,14,22,14,23
1Thess,2,14,23,14,21
1Thess,2,15,4,15,6
1Thess,2,15,5,15,7
1Thess,2,15,6,15,5
1Thess,2,15,7,14,33
1Thess,2,15,9,15,10
1Thess,2,15,10,15,12
1Thess,2,15,12,15,7
1Thess,2,15,13,15,7
1Thess,2,15,20,15,17
1Thess,2,18,2,18,13
1Thess,2,18,6,18,9
1Thess,2,18,9,18,2
1Thess,2,18,12,18,11
1Thess,2,18,13,18,1
1Thess,2,19,5,,
1Thess,2,19,10,19,5
1Thess,2,19,13,19,10
1Thess,2,19,14,19,5
1Thess,3,4,7,4,3
1Thess,3,6,30,6,31
1Thess,3,6,31,6,28
1Thess,3,12,1,12,6
1Thess,3,12,4,12,6
1Thess,3,12,9,12,6
1Thess,3,12,17,12,18
1Thess,3,12,18,12,15
1Thess,3,13,1,12,6
1Thess,4,1,6,1,27
1Thess,4,1,27,,
1Thess,4,3,8,3,1
1Thess,4,7,1,7,7
1Thess,4,7,3,,
1Thess,4,7,7,7,9
1Thess,4,7,9,7,3
1Thess,4,8,4,8,5
1Thess,4,10,14,12,1
1Thess,4,11,9,11,8
1Thess,4,11,13,10,14
1Thess,4,12,1,,
1Thess,5,3,13,3,17
1Thess,5,3,17,3,11
1Thess,5,5,6,4,8
1Thess,5,6,3,6,4
1Thess,5,9,2,9,7
1Thess,5,9,3,9,1
1Thess,5,9,7,9,9
1Thess,5,9,9,9,3
1Thess,5,9,10,9,9
1Thess,5,9,13,9,10
1Thess,5,10,7,10,8
1Thess,5,10,9,10,8
1Thess,5,15,2,15,8
1Thess,5,23,8,23,9
2Thess,1,1,2,1,7
2Thess,1,1,7,,
2Thess,1,2,2,,
2Thess,1,2,3,2,2
2Thess,1,3,21,3,20
2Thess,1,3,24,3,21
2Thess,1,3,22,3,20
2Thess,1,3,24,3,22
2Thess,1,4,15,4,16
2Thess,1,7,19,7,17
2Thess,1,8,4,7,10
2Thess,1,12,12,12,13
2Thess,1,12,13,12,11
2Thess,2,2,16,2,15
2Thess,2,2,18,2,15
2Thess,2,2,19,2,18
2Thess,2,2,24,2,12
2Thess,2,2,25,2,24
2Thess,2,3,4,3,8
2Thess,2,3,8,,
2Thess,2,3,9,3,8
2Thess,2,3,18,3,16
2Thess,2,4,19,4,18
2Thess,2,4,21,4,19
2Thess,2,10,9,10,8
2Thess,2,12,5,12,6
2Thess,2,13,16,13,19
2Thess,2,15,15,15,14
2Thess,3,6,17,6,19
2Thess,3,6,18,6,16
2Thess,3,6,19,6,18
2Thess,3,7,9,7,10
2Thess,3,9,1,9,2
2Thess,3,9,8,9,9
2Thess,3,10,3,,
2Thess,3,10,8,10,3
2Thess,3,10,10,10,7
2Thess,3,11,8,11,9
2Thess,3,14,13,14,17
2Thess,3,15,2,15,5
1Tim,1,4,9,4,5
1Tim,1,4,11,4,10
1Tim,1,7,12,7,9
1Tim,1,9,6,9,4
1Tim,1,9,7,9,3
1Tim,1,9,10,10,6
1Tim,1,9,21,10,6
1Tim,1,10,1,10,6
1Tim,1,10,2,10,6
1Tim,1,10,3,10,6
1Tim,1,10,4,10,6
1Tim,1,10,6,9,4
1Tim,1,10,7,10,6
1Tim,1,11,8,11,3
1Tim,1,15,4,,
1Tim,1,15,8,15,3
1Tim,1,17,3,,
1Tim,1,17,11,17,3
1Tim,2,6,3,6,4
1Tim,2,9,13,9,14
1Tim,2,9,19,9,18
1Tim,2,9,20,9,18
1Tim,2,9,21,9,20
1Tim,2,12,3,12,5
1Tim,2,12,4,12,1
1Tim,3,3,3,3,4
1Tim,3,13,5,13,9
1Tim,3,13,8,,
1Tim,3,13,9,13,8
1Tim,4,15,12,15,10
1Tim,5,1,8,1,9
1Tim,5,1,9,1,5
1Tim,5,2,1,2,2
1Tim,5,2,2,1,9
1Tim,5,2,4,2,5
1Tim,5,2,5,2,2
1Tim,5,10,5,10,4
1Tim,5,10,7,10,5
1Tim,5,10,9,10,7
1Tim,5,10,13,10,9
1Tim,5,10,16,10,13
1Tim,5,13,9,13,10
1Tim,5,16,8,16,13
1Tim,5,22,9,22,10
1Tim,5,23,1,23,2
1Tim,6,5,10,5,6
1Tim,6,5,12,5,10
1Tim,6,16,15,15,9
1Tim,6,16,17,16,15
1Tim,6,17,8,17,9
1Tim,6,17,10,17,7
1Tim,6,17,12,17,15
1Tim,6,17,15,17,11
2Tim,1,6,2,6,1
2Tim,1,6,3,,
2Tim,1,6,4,6,3
2Tim,1,7,1,7,3
2Tim,1,7,3,,
2Tim,1,7,8,7,9
2Tim,1,7,9,7,7
2Tim,1,8,1,8,3
2Tim,1,9,8,9,9
2Tim,1,12,2,12,1
2Tim,1,12,3,12,2
2Tim,1,16,16,16,17
2Tim,2,1,3,1,5
2Tim,2,9,6,8,12
2Tim,2,15,2,15,3
2Tim,2,20,5,20,7
2Tim,2,20,8,20,6
2Tim,2,20,10,20,12
2Tim,2,20,12,20,8
2Tim,3,4,3,4,2
2Tim,3,4,4,4,3
2Tim,3,4,6,4,5
2Tim,3,8,1,8,7
2Tim,3,8,2,8,9
2Tim,3,8,7,8,2
2Tim,3,8,15,8,11
2Tim,3,9,12,9,10
2Tim,3,11,14,11,16
2Tim,3,14,12,15,1
2Tim,3,15,1,14,9
2Tim,3,15,2,15,1
2Tim,4,3,1,4,1
2Tim,4,3,4,3,10
2Tim,4,3,8,3,9
2Tim,4,3,10,3,3
2Tim,4,4,1,,
2Tim,4,8,20,8,21
2Tim,4,10,13,10,14
2Tim,4,10,14,10,10
2Tim,4,10,16,10,17
2Tim,4,10,17,10,10
2Tim,4,11,13,11,14
2Tim,4,13,2,13,11
2Tim,4,13,10,,
2Tim,4,13,11,13,10
2Tim,4,17,6,17,9
2Tim,4,17,9,17,15
2Tim,4,18,17,18,4
2Tim,4,18,19,18,17
2Tim,4,21,13,21,12
2Tim,4,21,14,21,12
2Tim,4,21,16,21,14
Titus,1,5,12,5,16
Titus,1,5,16,6,1
Titus,1,13,7,13,6
Titus,2,7,3,7,5
Titus,2,12,15,12,14
Titus,2,13,10,13,11
Titus,2,13,14,13,13
Titus,2,15,4,15,3
Titus,3,2,7,2,4
Titus,3,5,1,5,2
Titus,3,8,24,8,21
Titus,3,9,9,9,8
Phlm,1,2,15,2,10
Phlm,1,3,2,,
Phlm,1,3,3,3,2
Phlm,1,9,14,9,10
Phlm,1,10,7,10,8
Phlm,1,14,10,14,11
Phlm,1,14,11,14,18
Phlm,1,14,17,14,9
Phlm,1,14,18,14,17
Phlm,1,16,1,16,2
Phlm,1,16,7,16,5
Phlm,1,16,19,16,18
Heb,1,2,10,2,12
Heb,1,3,1,3,25
Heb,1,4,1,4,2
Heb,1,4,5,4,2
Heb,1,7,10,7,12
Heb,1,7,7,7,8
Heb,1,7,8,7,6
Heb,1,7,13,7,8
Heb,1,11,10,11,6
Heb,1,13,16,13,18
Heb,2,3,19,3,6
Heb,2,4,1,3,19
Heb,2,4,10,4,8
Heb,2,4,11,4,8
Heb,2,4,14,4,11
Heb,2,6,7,6,12
Heb,2,6,9,6,6
Heb,2,6,13,6,12
Heb,2,6,15,6,13
Heb,2,9,3,9,7
Heb,2,9,4,9,3
Heb,2,9,9,9,18
Heb,2,10,4,10,9
Heb,2,10,7,10,4
Heb,2,10,9,10,8
Heb,2,10,12,10,9
Heb,2,11,5,11,8
Heb,2,11,12,11,11
Heb,2,11,13,11,12
Heb,2,11,17,11,16
Heb,2,13,3,13,4
Heb,2,14,12,14,15
Heb,2,16,1,16,5
Heb,3,2,4,2,1
Heb,3,2,8,2,9
Heb,3,2,9,2,6
Heb,3,3,14,3,10
Heb,3,6,1,6,3
Heb,3,6,3,5,4
Heb,3,7,1,,
Heb,3,7,2,7,1
Heb,3,11,2,11,1
Heb,3,11,7,11,2
Heb,3,14,8,14,13
Heb,3,19,2,19,1
Heb,3,19,3,19,2
Heb,4,2,5,2,3
Heb,4,2,16,2,14
Heb,4,3,10,3,9
Heb,4,3,21,3,8
Heb,4,3,27,3,21
Heb,4,5,2,5,1
Heb,4,5,4,5,2
Heb,4,5,5,5,2
Heb,4,12,16,12,10
Heb,4,12,27,12,26
Heb,5,2,10,2,7
Heb,5,4,2,4,3
Heb,5,4,3,4,8
Heb,5,4,5,4,1
Heb,5,4,8,4,5
Heb,5,4,13,4,9
Heb,5,4,15,4,13
Heb,5,5,12,5,10
Heb,5,5,17,5,12
Heb,5,7,1,7,25
Heb,5,7,25,5,14
Heb,5,14,12,14,13
Heb,6,4,12,6,4
Heb,6,4,14,4,12
Heb,6,5,1,4,12
Heb,6,6,1,5,1
Heb,6,9,10,9,7
Heb,6,12,5,12,3
Heb,6,13,4,13,13
Heb,6,13,6,13,13
Heb,6,13,14,13,13
Heb,6,14,1,13,13
Heb,6,14,2,14,1
Heb,6,19,9,19,3
Heb,6,19,11,19,9
Heb,7,1,15,1,14
Heb,7,3,9,3,7
Heb,7,14,11,14,10
Heb,7,14,12,14,11
Heb,7,16,2,16,3
Heb,7,19,6,18,1
Heb,7,20,7,20,12
Heb,7,21,16,21,10
Heb,7,23,2,23,5
Heb,7,23,4,23,5
Heb,7,26,17,26,15
Heb,7,27,20,27,14
Heb,7,28,4,28,6
Heb,7,28,7,28,4
Heb,7,28,10,28,18
Heb,7,28,18,28,5
Heb,7,28,22,28,18
Heb,8,8,7,8,10
Heb,8,8,8,8,4
Heb,8,8,10,8,8
Heb,8,8,11,8,10
Heb,8,9,2,8,21
Heb,8,9,31,9,33
Heb,8,10,2,10,23
Heb,8,10,14,10,1
Heb,8,10,16,10,6
Heb,8,10,23,10,14
Heb,8,10,29,10,23
Heb,9,7,1,6,12
Heb,9,7,5,7,1
Heb,9,7,7,7,5
Heb,9,7,10,7,1
Heb,9,9,5,9,10
Heb,9,10,9,9,12
Heb,9,11,8,11,3
Heb,9,12,1,11,3
Heb,9,17,5,17,6
Heb,9,17,6,,
Heb,9,17,7,17,8
Heb,9,17,8,17,6
Heb,9,22,6,22,1
Heb,9,24,1,24,3
Heb,9,25,1,25,2
Heb,9,25,4,25,6
Heb,9,26,1,,
Heb,10,1,19,1,29
Heb,10,8,10,8,9
Heb,10,8,12,8,13
Heb,10,10,2,10,1
Heb,10,10,3,10,2
Heb,10,16,14,16,5
Heb,10,16,20,16,12
Heb,10,16,25,16,20
Heb,10,19,1,22,1
Heb,10,19,4,21,1
Heb,10,21,1,19,1
Heb,10,23,3,23,6
Heb,10,25,1,25,2
Heb,10,25,12,25,13
Heb,10,27,6,26,16
Heb,10,29,14,29,17
Heb,10,39,3,39,4
Heb,11,4,7,4,22
Heb,11,4,12,4,3
Heb,11,4,15,4,12
Heb,11,4,22,,
Heb,11,12,19,12,17
Heb,11,12,27,12,19
Heb,11,13,6,13,7
Heb,11,14,5,,
Heb,11,14,6,14,5
Heb,11,17,1,17,7
Heb,11,18,3,17,3
Heb,11,18,4,18,3
Heb,11,25,3,25,2
Heb,11,25,8,25,1
Heb,11,26,6,26,1
Heb,11,26,8,26,2
Heb,11,38,1,38,4
Heb,11,38,16,38,14
Heb,12,9,7,9,9
Heb,12,9,13,9,14
Heb,12,9,14,9,15
Heb,12,11,8,11,10
Heb,12,11,10,11,12
Heb,12,11,11,11,9
Heb,12,11,12,11,11
Heb,12,16,4,15,12
Heb,12,18,4,18,5
Heb,12,18,5,18,3
Heb,12,18,7,18,5
Heb,12,18,8,18,5
Heb,12,18,9,18,8
Heb,12,18,10,18,8
Heb,12,18,11,18,10
Heb,12,18,12,18,10
Heb,12,18,13,18,12
Heb,12,19,5,19,4
Heb,12,22,3,22,5
Heb,12,22,5,22,2
Heb,12,22,6,22,5
Heb,12,22,11,22,5
Heb,12,22,12,22,11
Heb,12,23,1,22,11
Heb,12,23,2,23,1
Heb,12,23,7,22,11
Heb,12,23,8,23,7
Heb,12,23,11,23,7
Heb,12,23,12,23,11
Heb,12,24,7,24,6
Heb,12,25,16,25,17
Heb,12,25,17,25,18
Heb,12,26,16,26,17
Heb,13,7,12,7,17
Heb,13,8,7,,
Heb,13,8,8,8,4
Heb,13,9,14,9,9
Heb,13,11,1,11,6
Heb,13,11,3,11,4
Heb,13,11,4,11,15
Heb,13,11,18,,
Heb,13,12,4,12,1
Heb,13,12,15,12,4
Heb,13,14,1,14,3
Heb,13,17,18,17,22
Heb,13,17,21,17,17
Heb,13,17,22,17,21
Heb,13,17,25,17,21
Heb,13,21,22,21,20
Heb,13,21,24,21,22
Heb,13,23,7,23,12
Heb,13,23,13,23,12
Jas,1,2,2,2,3
Jas,1,3,1,2,3
Jas,1,5,10,5,14
Jas,1,5,12,5,10
Jas,1,8,1,7,8
Jas,1,8,3,8,1
Jas,1,10,3,10,4
Jas,1,10,4,9,1
Jas,1,11,16,11,12
Jas,1,13,5,13,3
Jas,1,13,13,13,11
Jas,1,19,13,19,9
Jas,1,19,17,19,13
Jas,1,22,1,23,1
Jas,1,22,3,22,5
Jas,1,22,5,22,1
Jas,1,23,4,23,7
Jas,1,23,6,23,2
Jas,1,23,7,23,6
Jas,1,25,12,25,13
Jas,1,26,6,26,7
Jas,2,15,5,15,7
Jas,2,15,6,15,1
Jas,2,15,7,15,6
Jas,2,22,1,,
Jas,2,22,2,22,1
Jas,2,22,9,22,2
Jas,2,23,2,23,1
Jas,2,23,17,23,12
Jas,2,24,3,24,7
Jas,2,24,5,24,2
Jas,2,24,7,24,5
Jas,2,24,8,24,9
Jas,2,24,9,24,7
Jas,3,6,6,6,11
Jas,3,6,21,6,10
Jas,3,7,8,7,10
Jas,3,8,8,8,9
Jas,3,8,9,8,3
Jas,3,12,9,12,10
Jas,3,12,10,12,8
Jas,3,15,1,15,7
Jas,3,15,2,,
Jas,3,15,7,15,8
Jas,3,15,8,15,2
Jas,3,17,10,17,7
Jas,3,17,12,17,11
Jas,4,4,21,4,24
Jas,4,9,14,9,15
Jas,4,9,15,9,12
Jas,4,11,22,11,24
Jas,4,13,4,13,1
Jas,4,13,14,13,13
Jas,5,4,1,4,15
Jas,5,10,10,10,1
Jas,5,11,9,,
Jas,5,11,14,11,9
Jas,5,12,13,12,11
Jas,5,12,14,12,11
Jas,5,12,16,12,14
Jas,5,15,6,15,1
Jas,5,17,8,17,6
Jas,5,18,3,18,1
Jas,5,18,8,18,4
1Pet,1,1,1,1,6
1Pet,1,1,6,,
1Pet,1,6,7,7,1
1Pet,1,10,2,10,1
1Pet,1,10,3,10,2
1Pet,1,12,2,,
1Pet,1,12,3,12,2
1Pet,1,12,5,12,8
1Pet,1,12,6,12,5
1Pet,1,14,4,14,5
1Pet,1,17,7,17,3
1Pet,1,18,3,18,4
1Pet,1,18,8,18,2
1Pet,1,19,1,18,8
1Pet,1,21,12,21,16
1Pet,1,21,13,21,15
1Pet,1,21,14,21,15
1Pet,1,21,15,21,12
1Pet,1,21,16,21,6
1Pet,1,23,2,23,5
1Pet,1,23,3,23,1
1Pet,1,23,5,23,6
1Pet,1,23,6,23,4
1Pet,2,1,11,1,10
1Pet,2,1,12,1,10
1Pet,2,1,14,1,12
1Pet,2,2,8,2,9
1Pet,2,2,9,3,1
1Pet,2,3,2,3,1
1Pet,2,3,3,3,2
1Pet,2,7,1,,
1Pet,2,7,4,7,1
1Pet,2,7,15,,
1Pet,2,7,17,8,1
1Pet,2,8,1,7,16
1Pet,2,8,2,8,1
1Pet,2,12,2,12,8
1Pet,2,13,8,13,4
1Pet,2,13,9,13,8
1Pet,2,14,1,13,8
1Pet,2,16,4,16,5
1Pet,2,16,11,16,6
1Pet,2,18,9,18,10
1Pet,3,3,1,3,14
1Pet,3,3,3,3,14
1Pet,3,3,12,3,11
1Pet,3,4,5,4,3
1Pet,3,6,7,6,6
1Pet,3,9,1,9,6
1Pet,3,9,12,9,6
1Pet,3,15,5,,
1Pet,3,16,1,15,5
1Pet,3,17,1,17,4
1Pet,3,17,3,17,10
1Pet,3,17,10,17,11
1Pet,3,17,11,17,1
1Pet,3,18,8,18,3
1Pet,3,21,8,21,10
1Pet,4,2,3,2,5
1Pet,4,10,5,10,8
1Pet,4,10,7,10,8
1Pet,4,10,8,10,9
1Pet,4,11,1,11,17
1Pet,4,12,2,12,3
1Pet,4,12,3,12,12
1Pet,4,12,11,12,7
1Pet,4,12,12,13,1
1Pet,4,13,2,13,9
1Pet,4,13,8,13,2
1Pet,4,14,11,14,15
1Pet,4,14,15,14,18
1Pet,4,16,6,16,1
1Pet,4,16,7,16,6
1Pet,5,2,9,2,10
1Pet,5,2,15,2,17
1Pet,5,2,17,2,11
1Pet,5,3,1,3,2
1Pet,5,3,2,3,6
1Pet,5,3,6,2,17
1Pet,5,3,8,3,6
1Pet,5,11,1,10,19
1Pet,5,11,3,11,1
1Pet,5,12,14,12,13
1Pet,5,12,16,12,14
1Pet,5,14,6,14,7
1Pet,5,14,7,,
2Pet,1,1,1,1,11
2Pet,1,1,11,,
2Pet,1,1,10,1,9
2Pet,1,6,6,5,20
2Pet,1,6,12,6,6
2Pet,1,6,18,6,12
2Pet,1,7,6,6,18
2Pet,1,7,12,7,6
2Pet,1,8,7,8,8
2Pet,1,15,3,15,4
2Pet,1,15,4,15,1
2Pet,1,16,1,16,5
2Pet,1,16,5,16,17
2Pet,1,16,6,,
2Pet,1,16,17,16,6
2Pet,1,18,4,18,9
2Pet,1,19,6,19,3
2Pet,1,21,1,21,5
2Pet,2,5,1,4,1
2Pet,2,5,7,5,8
2Pet,2,5,8,5,11
2Pet,2,6,1,5,1
2Pet,2,6,8,6,1
2Pet,2,7,2,7,3
2Pet,2,7,3,7,12
2Pet,2,13,9,13,4
2Pet,2,14,11,14,12
2Pet,2,14,12,14,14
2Pet,2,14,16,14,14
2Pet,2,20,27,20,25
2Pet,2,21,3,,
2Pet,2,21,4,21,1
2Pet,2,21,11,21,1
2Pet,2,22,7,22,6
2Pet,2,22,8,22,7
2Pet,3,4,2,4,1
2Pet,3,4,4,4,2
2Pet,3,5,1,,
2Pet,3,5,5,5,3
2Pet,3,5,6,5,1
2Pet,3,5,7,5,10
2Pet,3,5,8,5,6
2Pet,3,5,10,5,8
2Pet,3,5,11,5,10
2Pet,3,5,17,5,8
2Pet,3,7,5,7,12
2Pet,3,8,5,,
2Pet,3,8,8,8,5
2Pet,3,9,1,9,2
2Pet,3,9,2,9,6
2Pet,3,9,6,9,10
2Pet,3,9,14,9,17
2Pet,3,14,2,14,5
2Pet,3,14,5,14,1
2Pet,3,15,6,15,7
2Pet,3,16,3,16,1
2Pet,3,16,14,16,6
2Pet,3,18,14,,
2Pet,3,18,16,18,14
2Pet,3,18,20,18,19
1John,1,2,4,2,1
1John,1,2,10,2,9
1John,1,4,7,4,9
1John,1,5,2,5,1
1John,1,5,13,5,3
1John,2,2,9,2,10
1John,2,6,2,6,5
1John,2,7,2,7,3
1John,2,8,4,8,14
1John,2,8,7,8,2
1John,2,8,14,,
1John,2,9,2,9,7
1John,2,9,6,9,2
1John,2,16,21,16,22
1John,2,18,1,18,4
1John,2,18,11,18,12
1John,2,18,12,18,15
1John,2,20,4,20,1
1John,2,21,1,21,4
1John,2,21,10,21,13
1John,2,21,13,21,9
1John,2,21,14,21,13
1John,2,27,2,27,9
1John,2,27,9,27,1
1John,2,27,21,27,20
1John,2,27,31,27,29
1John,2,27,36,27,32
1John,2,27,37,27,36
1John,2,27,40,27,21
1John,2,28,4,28,7
1John,2,28,7,28,1
1John,2,28,8,28,7
1John,2,28,10,28,12
1John,2,28,12,28,8
1John,3,2,16,2,15
1John,3,5,5,5,6
1John,3,5,6,5,10
1John,3,10,17,10,24
1John,3,10,20,11,1
1John,3,10,24,10,20
1John,3,18,2,18,4
1John,3,20,1,20,7
1John,3,20,2,20,1
1John,3,20,13,20,8
1John,3,21,1,21,2
1John,3,24,11,24,12
1John,3,24,12,24,10
1John,4,1,2,1,5
1John,4,1,7,1,6
1John,4,1,10,1,7
1John,4,3,20,3,23
1John,4,3,22,3,21
1John,4,3,21,3,19
1John,4,4,6,4,5
1John,4,4,12,4,10
1John,4,4,14,4,16
1John,4,4,16,4,12
1John,4,10,7,10,12
1John,4,10,12,10,2
1John,4,10,13,10,12
1John,4,10,20,10,22
1John,4,12,15,12,20
1John,4,13,9,13,10
1John,4,13,10,13,8
1John,4,14,2,14,4
1John,4,14,4,14,1
1John,4,14,6,14,4
1John,4,14,11,14,12
1John,4,15,3,15,2
1John,4,15,4,15,3
1John,4,15,17,15,18
1John,4,15,18,15,16
1John,4,16,27,16,18
1John,4,17,3,17,8
1John,4,17,8,17,16
1John,4,21,5,21,8
1John,4,21,8,21,1
1John,5,4,21,4,15
1John,5,6,9,6,1
1John,5,6,11,6,12
1John,5,6,12,6,16
1John,5,6,15,6,14
1John,5,8,3,7,2
1John,5,9,15,9,13
1John,5,9,20,9,14
1John,5,11,3,11,1
1John,5,11,6,11,2
1John,5,14,3,14,1
1John,5,14,10,14,2
1John,5,16,1,,
1John,5,16,12,16,13
1John,5,16,13,16,1
1John,5,16,18,16,7
1John,5,20,10,20,13
1John,5,20,13,20,9
2John,1,1,2,1,4
2John,1,1,4,2,8
2John,1,1,11,1,14
2John,1,1,14,1,7
2John,1,1,15,1,16
2John,1,5,6,5,8
2John,1,5,8,5,10
2John,1,5,9,5,7
2John,1,5,12,5,8
2John,1,6,16,6,20
2John,1,6,20,,
2John,1,8,4,8,5
2John,1,12,23,12,26
3John,1,2,4,,
3John,1,2,7,2,9
3John,1,2,9,2,4
3John,1,4,2,4,1
3John,1,5,11,5,12
3John,1,5,12,5,10
3John,1,6,14,6,12
3John,1,10,1,10,5
3John,1,10,8,10,5
3John,1,10,28,10,29
3John,1,10,29,10,25
3John,1,10,33,10,29
3John,1,11,2,11,5
3John,1,11,3,,
3John,1,11,5,11,6
3John,1,11,6,11,3
3John,1,15,1,15,2
3John,1,15,2,,
Jude,1,1,1,1,17
Jude,1,1,17,,
Jude,1,7,12,7,20
Jude,1,7,13,7,11
Jude,1,9,15,9,16
Jude,1,11,1,11,2
Jude,1,11,2,11,3
Jude,1,12,13,12,9
Jude,1,25,23,25,22
Rev,1,3,6,3,4
Rev,1,4,10,,
Rev,1,4,11,4,10
Rev,1,4,13,4,22
Rev,1,4,22,4,11
Rev,1,4,23,4,22
Rev,1,5,1,4,22
Rev,1,5,23,6,11
Rev,1,6,1,5,23
Rev,1,6,3,6,4
Rev,1,6,11,,
Rev,1,6,14,6,11
Rev,1,7,7,7,6
Rev,1,11,21,11,20
Rev,1,11,23,11,20
Rev,1,11,24,11,23
Rev,1,11,26,11,23
Rev,1,11,27,11,26
Rev,1,11,29,11,26
Rev,1,11,30,11,29
Rev,1,12,12,12,10
Rev,1,14,10,14,9
Rev,1,14,11,14,10
Rev,1,14,18,14,14
Rev,1,15,5,15,1
Rev,1,15,13,15,15
Rev,1,15,15,15,11
Rev,1,16,15,16,10
Rev,1,16,18,16,15
Rev,1,16,21,16,23
Rev,1,16,23,16,19
Rev,1,17,26,17,23
Rev,1,18,1,17,26
Rev,1,18,5,18,4
Rev,1,18,8,18,9
Rev,1,18,10,18,7
Rev,2,2,1,,
Rev,2,2,12,2,8
Rev,2,2,13,2,12
Rev,2,2,19,2,18
Rev,2,2,22,2,23
Rev,2,2,26,2,24
Rev,2,3,3,3,1
Rev,2,3,5,3,4
Rev,2,4,2,4,1
Rev,2,4,5,4,2
Rev,2,6,3,6,1
Rev,2,6,4,6,2
Rev,2,9,13,9,11
Rev,2,9,20,9,13
Rev,2,9,21,9,22
Rev,2,10,6,10,7
Rev,2,14,2,14,1
Rev,2,14,6,14,5
Rev,2,17,12,17,13
Rev,2,19,5,19,1
Rev,2,19,16,19,14
Rev,2,20,2,20,1
Rev,2,20,5,20,2
Rev,2,20,15,20,14
Rev,2,21,2,21,1
Rev,2,22,8,22,6
Rev,2,23,9,23,8
Rev,2,26,4,26,12
Rev,2,26,12,26,1
Rev,3,1,28,1,31
Rev,3,1,29,1,27
Rev,3,2,1,2,3
Rev,3,2,2,2,1
Rev,3,3,8,3,7
Rev,3,4,2,4,1
Rev,3,8,5,8,6
Rev,3,8,6,8,4
Rev,3,9,1,9,2
Rev,3,9,2,,
Rev,3,9,9,9,13
Rev,3,9,13,9,5
Rev,3,9,14,9,15
Rev,3,9,19,,
Rev,3,9,29,9,23
Rev,3,12,2,12,3
Rev,3,10,10,10,9
Rev,3,15,10,15,9
Rev,3,16,1,16,10
Rev,3,16,3,16,5
Rev,3,16,4,16,2
Rev,3,16,5,16,4
Rev,3,16,9,16,8
Rev,3,17,25,17,24
Rev,3,17,26,17,24
Rev,3,17,27,17,26
Rev,3,18,3,18,10
Rev,3,18,10,18,12
Rev,3,18,13,18,15
Rev,3,18,15,18,12
Rev,3,18,26,18,31
Rev,3,18,31,18,25
Rev,3,20,27,20,28
Rev,3,20,28,20,26
Rev,4,1,13,1,11
Rev,4,1,18,1,13
Rev,4,1,20,1,19
Rev,4,2,6,2,8
Rev,4,2,8,2,5
Rev,4,2,16,2,12
Rev,4,3,4,3,1
Rev,4,4,2,4,1
Rev,4,5,15,5,11
Rev,4,5,20,5,13
Rev,4,7,6,7,1
Rev,4,7,27,7,23
Rev,4,10,13,10,12
Rev,5,7,2,7,1
Rev,5,9,18,9,16
Rev,5,9,34,9,33
Rev,5,11,2,11,1
Rev,5,11,4,11,3
Rev,5,12,18,12,17
Rev,5,12,19,12,17
Rev,5,12,20,12,19
Rev,5,12,21,12,19
Rev,5,12,22,12,21
Rev,5,12,23,12,21
Rev,5,12,24,12,23
Rev,5,13,17,13,16
Rev,5,13,32,13,26
Rev,5,13,37,13,32
Rev,5,13,45,13,43
Rev,5,14,10,14,7
Rev,6,1,2,1,1
Rev,6,1,3,1,2
Rev,6,2,5,2,3
Rev,6,2,15,2,14
Rev,6,2,19,2,18
Rev,6,4,11,4,6
Rev,6,4,13,4,19
Rev,6,4,19,4,11
Rev,6,4,2,4,1
Rev,6,5,15,5,14
Rev,6,5,18,5,16
Rev,6,6,14,6,10
Rev,6,8,2,8,1
Rev,6,8,5,8,3
Rev,6,8,12,8,7
Rev,6,8,38,8,37
Rev,6,8,40,8,37
Rev,6,8,41,8,40
Rev,6,11,2,11,1
Rev,6,12,2,12,1
Rev,6,12,3,12,2
Rev,6,12,12,12,9
Rev,6,12,16,12,13
Rev,6,12,25,12,21
Rev,6,14,6,14,5
Rev,6,14,7,14,6
Rev,6,15,14,15,12
Rev,6,15,15,15,12
Rev,6,15,17,15,15
Rev,6,15,18,15,15
Rev,6,15,21,15,18
Rev,7,1,31,1,30
Rev,7,2,2,2,1
Rev,7,3,11,3,9
Rev,7,5,11,5,5
Rev,7,5,16,5,11
Rev,7,6,5,5,16
Rev,7,6,10,6,5
Rev,7,6,15,6,10
Rev,7,7,5,6,15
Rev,7,7,10,7,5
Rev,7,7,15,7,10
Rev,7,8,5,7,15
Rev,7,8,10,8,5
Rev,7,9,5,9,6
Rev,7,9,6,9,4
Rev,7,9,21,9,20
Rev,7,9,22,9,6
Rev,7,9,30,9,6
Rev,7,10,7,10,16
Rev,7,10,16,10,5
Rev,7,11,5,11,1
Rev,7,11,17,11,16
Rev,7,12,5,12,24
Rev,7,12,13,12,11
Rev,7,12,14,12,11
Rev,7,12,16,12,14
Rev,7,12,17,12,14
Rev,7,12,19,12,17
Rev,7,12,20,12,17
Rev,7,12,22,12,20
Rev,7,12,24,12,2
Rev,7,14,12,14,9
Rev,7,14,21,14,20
Rev,7,17,11,17,1
Rev,8,2,2,2,1
Rev,8,3,4,3,1
Rev,8,3,6,3,5
Rev,8,5,2,5,1
Rev,8,5,28,5,27
Rev,8,7,6,7,5
Rev,8,7,23,7,18
Rev,8,8,17,8,16
Rev,8,10,7,10,6
Rev,8,11,10,11,9
Rev,8,12,7,12,22
Rev,8,12,22,12,6
Rev,8,12,23,12,27
Rev,8,12,27,12,22
Rev,8,13,2,13,1
Rev,8,13,13,13,17
Rev,8,13,17,13,10
Rev,9,1,7,1,6
Rev,9,2,2,2,1
Rev,9,3,5,3,1
Rev,9,5,4,5,8
Rev,9,5,5,5,6
Rev,9,5,6,5,4
Rev,9,5,8,5,2
Rev,9,6,11,6,1
Rev,9,7,6,7,1
Rev,9,7,12,7,11
Rev,9,7,24,7,20
Rev,9,8,2,8,1
Rev,9,10,2,10,1
Rev,9,15,16,15,15
Rev,9,17,3,17,1
Rev,9,17,14,17,2
Rev,9,17,26,17,21
Rev,9,20,13,20,1
Rev,9,20,14,20,13
Rev,9,20,39,20,37
Rev,9,20,40,20,37
Rev,9,20,42,20,40
Rev,9,20,48,20,47
Rev,9,20,49,20,47
Rev,9,20,50,20,49
Rev,9,21,14,21,13
Rev,9,21,18,21,13
Rev,9,21,19,21,18
Rev,10,1,2,1,1
Rev,10,1,15,1,12
Rev,10,2,10,2,9
Rev,10,5,14,5,1
Rev,10,7,2,7,14
Rev,10,7,10,7,12
Rev,10,7,11,7,4
Rev,10,7,16,7,14
Rev,10,9,16,9,13
Rev,10,10,2,10,1
Rev,10,10,10,10,1
Rev,10,11,15,11,14
Rev,11,2,8,2,1
Rev,11,2,14,2,10
Rev,11,3,2,3,1
Rev,11,6,27,6,19
Rev,11,7,19,7,18
Rev,11,9,2,9,1
Rev,11,9,11,9,10
Rev,11,10,7,10,1
Rev,11,10,10,10,1
Rev,11,10,16,10,12
Rev,11,11,13,11,1
Rev,11,12,13,12,12
Rev,11,13,6,13,1
Rev,11,13,14,13,9
Rev,11,13,16,13,15
Rev,11,13,28,13,24
Rev,11,16,15,16,1
Rev,11,18,4,18,1
Rev,11,18,6,18,5
Rev,11,18,8,18,10
Rev,11,18,10,18,6
Rev,11,18,14,18,15
Rev,11,19,2,19,1
Rev,11,19,30,19,29
Rev,11,19,31,19,29
Rev,11,19,32,19,31
Rev,12,1,8,1,2
Rev,12,1,9,1,8
Rev,12,1,12,1,2
Rev,12,2,1,1,19
Rev,12,3,2,3,1
Rev,12,3,9,3,10
Rev,12,3,10,3,8
Rev,12,3,13,3,10
Rev,12,4,5,4,1
Rev,12,7,9,7,14
Rev,12,7,14,7,2
Rev,12,7,21,7,18
Rev,12,10,24,10,22
Rev,12,11,3,11,1
Rev,12,14,28,14,27
Rev,12,16,2,16,1
Rev,12,16,8,16,7
Rev,12,17,2,17,1
Rev,13,1,2,1,1
Rev,13,1,7,1,14
Rev,13,1,14,1,2
Rev,13,1,15,1,14
Rev,13,2,8,2,7
Rev,13,2,13,2,9
Rev,13,3,2,3,7
Rev,13,3,7,3,1
Rev,13,3,16,3,13
Rev,13,3,19,3,18
Rev,13,5,2,5,1
Rev,13,7,2,7,1
Rev,13,7,24,7,23
Rev,13,8,10,8,14
Rev,13,10,2,10,3
Rev,13,10,3,10,1
Rev,13,11,2,11,1
Rev,13,11,10,11,9
Rev,13,12,26,12,29
Rev,13,12,32,12,29
Rev,14,1,7,1,3
Rev,14,2,2,2,1
Rev,14,2,22,2,21
Rev,14,2,23,2,22
Rev,14,6,27,6,26
Rev,14,7,12,7,1
Rev,14,7,31,7,30
Rev,14,11,10,11,1
Rev,14,14,4,14,5
Rev,14,14,5,14,3
Rev,14,16,2,16,1
Rev,14,18,3,18,1
Rev,14,19,2,19,1
Rev,14,19,12,19,11
Rev,14,20,2,20,1
Rev,15,1,11,1,4
Rev,15,1,13,1,11
Rev,15,2,3,2,2
Rev,15,2,6,2,4
Rev,15,2,20,2,19
Rev,15,4,13,4,11
Rev,15,5,4,5,1
Rev,15,5,6,5,5
Rev,15,8,2,8,1
Rev,16,2,2,2,1
Rev,16,3,12,3,11
Rev,16,9,2,9,1
Rev,16,9,8,9,7
Rev,16,10,14,10,13
Rev,16,10,20,10,19
Rev,16,13,15,13,14
Rev,16,18,2,18,1
Rev,16,18,23,18,14
Rev,16,18,25,18,23
Rev,16,19,2,19,1
Rev,16,20,4,20,1
Rev,17,1,2,1,1
Rev,17,4,16,4,15
Rev,17,4,17,4,4
Rev,17,8,6,,
Rev,17,8,9,8,6
Rev,17,8,10,8,9
Rev,17,8,39,8,20
Rev,17,8,42,8,39
Rev,17,11,13,11,1
Rev,17,11,18,11,13
Rev,17,14,14,14,11
Rev,17,15,19,15,18
Rev,17,16,7,16,11
Rev,17,16,11,16,1
Rev,17,16,16,16,14
Rev,17,16,24,16,20
Rev,18,2,7,2,6
Rev,18,2,27,2,26
Rev,18,4,9,4,15
Rev,18,4,21,5,1
Rev,18,7,24,7,21
Rev,18,12,9,12,8
Rev,18,12,10,12,8
Rev,18,12,11,12,10
Rev,18,12,12,12,10
Rev,18,12,13,12,12
Rev,18,12,14,12,12
Rev,18,12,15,12,14
Rev,18,12,16,12,14
Rev,18,12,17,12,16
Rev,18,12,18,11,13
Rev,18,12,22,12,18
Rev,18,12,37,12,36
Rev,18,13,1,12,26
Rev,18,13,2,13,1
Rev,18,13,8,13,7
Rev,18,13,9,13,7
Rev,18,13,10,13,9
Rev,18,13,12,13,11
Rev,18,13,18,13,17
Rev,18,13,20,13,19
Rev,18,13,26,13,25
Rev,18,13,27,13,25
Rev,18,13,28,13,27
Rev,18,13,29,13,27
Rev,18,13,30,13,29
Rev,18,14,4,14,8
Rev,18,14,9,14,1
Rev,18,17,23,17,19
Rev,18,17,26,17,8
Rev,18,19,2,19,1
Rev,18,20,7,20,5
Rev,18,21,2,21,1
Rev,18,21,18,21,15
Rev,18,22,9,22,8
Rev,18,22,12,22,1
Rev,18,22,23,22,16
Rev,19,1,4,1,3
Rev,19,1,12,1,7
Rev,19,3,4,3,3
Rev,19,4,2,4,1
Rev,19,7,2,7,9
Rev,19,7,4,7,2
Rev,19,11,2,11,1
Rev,19,11,8,11,6
Rev,19,11,16,11,10
Rev,19,15,6,15,9
Rev,19,15,9,15,1
Rev,19,17,5,17,2
Rev,19,18,12,18,11
Rev,19,18,19,18,11
Rev,19,18,20,18,19
Rev,19,21,4,21,1
Rev,20,2,2,2,1
Rev,20,3,2,3,1
Rev,20,3,8,3,7
Rev,20,4,2,4,1
Rev,20,4,5,4,4
Rev,20,4,12,4,2
Rev,20,4,14,4,27
Rev,20,4,27,4,12
Rev,20,4,51,4,50
Rev,20,8,26,8,5
Rev,20,9,2,9,1
Rev,20,9,20,9,19
Rev,20,10,7,10,1
Rev,20,11,15,11,8
Rev,20,12,2,12,1
Rev,20,13,2,13,1
Rev,21,3,9,3,14
Rev,21,3,17,3,8
Rev,21,3,25,3,21
Rev,21,4,2,4,1
Rev,21,4,13,4,9
Rev,21,4,15,4,22
Rev,21,4,16,4,15
Rev,21,4,20,4,19
Rev,21,4,22,4,13
Rev,21,7,6,7,5
Rev,21,8,9,8,8
Rev,21,8,10,8,8
Rev,21,8,11,8,10
Rev,21,8,12,8,10
Rev,21,8,13,8,12
Rev,21,8,14,8,12
Rev,21,8,15,8,14
Rev,21,8,16,8,14
Rev,21,8,19,8,16
Rev,21,9,2,9,1
Rev,21,10,2,10,1
Rev,21,12,6,12,1
Rev,21,12,7,12,9
Rev,21,12,9,12,6
Rev,21,12,10,12,9
Rev,21,13,16,13,15
Rev,21,14,6,14,1
Rev,21,16,5,16,1
Rev,21,16,8,16,10
Rev,21,16,10,16,6
Rev,21,16,31,16,25
Rev,21,18,7,18,1
Rev,21,19,21,19,18
Rev,21,19,24,19,21
Rev,21,20,3,19,24
Rev,21,20,6,20,3
Rev,21,20,9,20,6
Rev,21,20,12,20,9
Rev,21,20,15,20,12
Rev,21,20,18,20,15
Rev,21,20,21,20,18
Rev,21,20,24,20,21
Rev,22,2,1,2,6
Rev,22,2,4,2,2
Rev,22,2,6,,
Rev,22,2,8,2,10
Rev,22,2,10,2,12
Rev,22,2,12,2,6
Rev,22,2,24,2,6
Rev,22,3,17,3,7
Rev,22,3,22,3,18
Rev,22,5,4,5,1
Rev,22,6,8,6,2
Rev,22,11,5,,
Rev,22,11,10,11,5
Rev,22,11,14,11,10
Rev,22,15,12,15,10
Rev,22,15,13,15,10
Rev,22,15,15,15,13
Rev,22,15,16,15,13
Rev,22,15,19,15,15
