lemma,declension,fem,fem_other,neut,neut_other
maka/rios,1/2,makari/a,,maka/rion,
e(pta/,3,e(pta/,e(pta/,e(pta/,e(pta/
pisto/s,1/2,pisth/,,pisto/n,
prwto/tokos,1/2,,,prwto/tokon,prwto/toka
nekro/s,1/2,nekra/,,nekro/n,
pa=s,3,pa=sa,,pa=n,
kuriako/s,1/2,kuriakh/,kuriakh=|,kuriako/n,kuriako/n
me/gas,3,mega/lh,,me/ga,
xrusou=s,1/2,xrush=,,xrusou=n,"xrusou=n, xrusou=, xrusa="
me/sos,1/2,NEEDED,me/shs,me/son,
o(/moios,1/2,o(moi/a,,o(/moion,
podh/rhs,3,,,,
leuko/s,1/2,leukh/,,leuko/n,
polu/s,3,pollh/,,polu/,
decio/s,1/2,decia/,,decio/n,
di/stomos,1/2,di/stomos,,,
o)cu/s,3,o)cei=a,,o)cu/,o)cu/
prw=tos,1/2,prw/th,,prw=ton,
e)/sxatos,1/2,e)sxa/th,,e)/sxaton,"e)/sxata, e)/sxaton, e)sxa/tou"
kako/s,1/2,kakh/,"kakai/, kakh/n",kako/n,
yeudh/s,3,,,,
plou/sios,1/2,,,,
*)ioudai=os,1/2,*)ioudai/a,"*)ioudai/an, *)ioudai/as, *)ioudai/a|",,
mhdei/s,3,mhdemi/a,mhdemi/an,mhde/n,
dia/bolos,1/2,dia/bolos,diabo/lous,,
de/ka,3,de/ka,de/ka,de/ka,de/ka
deu/teros,1/2,deute/ra,,deu/teron,
o)li/gos,1/2,o)li/gh,"o)li/gas, o)li/ghs, o)li/gai, o)li/ghn",o)li/gon,
ei)dwlo/qutos,1/2,,,ei)dwlo/quton,
kaino/s,1/2,kainh/,,kaino/n,
ou)dei/s,3,ou)demi/a,,ou)de/n,
e)mo/s,1/2,e)mh/,,e)mo/n,
e(/kastos,1/2,e(ka/sth,,e(/kaston,
loipo/s,1/2,loiph\,,loipo\n,
baqu/s,3,,,baqu/,
a)/llos,1/2,a)/llh,,a)/llo,
sidhrou=s,1/2,sidhra=,"sidhra=|, sidhra=n",,
keramiko/s,1/2,,,keramiko/n,keramika/
prwi+no/s,1/2,,,,
poi=os,1/2,poi/a,,poi=on,
a)/cios,1/2,a)ci/a,,a)/cion,
a(/gios,1/2,a(gi/a,,a(/gion,
a)lhqino/s,1/2,a)lhqinh/,,a)lhqino/n,
mikro/s,1/2,mikra/,,mikro/n,
o(/los,1/2,o(/lh,,o(/lon,
yuxro/s,1/2,,,yuxro\n,
zesto/s,1/2,,,,
xliaro/s,1/2,,,,
talai/pwros,1/2,,,,
e)leeino/s,1/2,,,,
ptwxo/s,1/2,ptwxh/,,ptwxo\n,
tuflo/s,1/2,,,,
gumno/s,1/2,gumnh\,,gumno\n,
smara/gdinos,1/2,,,,
ei)/kosi(n),3,ei)/kosi(n),ei)/kosi(n),,
te/ssares,3,te/ssares,"te/ssaras, te/ssares, te/ssarsi(n)",te/ssara,"te/ssara, tessa/rwn, te/ssarsi(n)"
presbu/teros,1/2,presbute/rh,presbute/ras,,
u(a/linos,1/2,u(ali/nh,,,
tri/tos,1/2,tri/th,,tri/ton,
te/tartos,1/2,teta/rth,"teta/rthn, teta/rths, teta/rth|",te/tarton,
ei(=s,3,mi/a,,e(/n,
e(/c,3,e(/c,e(/c,e(/c,e(/c
i)sxuro/s,1/2,i)sxura/,,i)sxuro/teron,
purro/s,1/2,,,,
me/las,3,me/laina,me/lainan,,
trei=s,3,trei=s,"trei=s, triw=n, trisi/(n)",tri/a,tri/a
xlwro/s,1/2,,,xlwro\n,
pe/mptos,1/2,pe/mpth,pe/mpthn,,
e(/ktos,1/2,e(/kth,,,
tri/xinos,1/2,,,,
e)leu/qeros,1/2,e)leuqe/ra,,,
e(kato/n,3,e(kato/n,e(kato/n,e(kato/n,e(kato/n
tessera/konta,3,tessera/konta,tessera/konta,tessera/konta,tessera/konta
dw/deka,3,dw/deka,dw/deka,dw/deka,dw/deka
e(/bdomos,1/2,e(bdo/mh,"e(bdo/mhn, e(bdo/mhs, e(bdo/mh|",,
pe/nte,3,pe/nte,pe/nte,pe/nte,pe/nte
*(ellhniko/s,1/2,*(ellhnikh/,*(ellhnikh=|,,
du/o,3,du/o,"du/o, dusi/(n)",du/o,du/o
i(ppiko/s,1/2,,,i(ppiko/n,i(ppikou=
pu/rinos,1/2,,,,
u(aki/nqinos,1/2,,,,
qeiw/dhs,3,,,,
a)rgurou=s,1/2,,,a)rgurou=n,a)rgura=
xalkou=s,1/2,,,xalkou=n,xalka=
li/qinos,1/2,liqi/nh,"li/qinai, liqi/nais",li/qinon,li/qina
cu/linos,1/2,,,cu/linon,
eu)w/numos,1/2,eu)w/numos,eu)w/numon,eu)w/numon,eu)wnu/mwn
gluku/s,3,,,gluku/,
xi/lioi,1/2,xi/liai,xili/as,xi/lia,xi/lia
diako/sioi,1/2,diako/siai,"diakosi/as, diako/siai",diako/sia,diakosi/wn
e(ch/konta,3,e(ch/konta,e(ch/konta,e(ch/konta,e(ch/konta
e)xqro/s,1/2,,,,
platu/s,3,platei=a,,,
h(/misus,3,,,h(/misu,"h(/misu, h(mi/sia, h(mi/sous"
de/katos,1/2,deka/th,,de/katon,
e)/mfobos,1/2,e)/mfobos,e)mfo/bwn,,
a)/rshn,3,,,a)/rsen,
e)/rhmos,1/2,e)/rhmos,,,
a)rxai=os,1/2,a)rxai/a,a)rxai/wn,a)rxai=on,
*dia/bolos,1/2,,,,
potamofo/rhtos,1/2,potamofo/rhtos,potamofo/rhton,,
e(cako/sioi,1/2,,,,
a)/mwmos,1/2,a)/mwmos,,a)/mwmon,a)/mwma
ai)w/nios,1/2,ai)w/nios,,ai)w/nion,
a)/kratos,1/2,,,,
qaumasto/s,1/2,qaumasth/,,qaumasto/n,
di/kaios,1/2,dikai/a,,di/kaion,
mo/nos,1/2,mo/nh,"mo/nas, mo/nhn",mo/non,"mo/non, mo/na"
o(/sios,1/2,o(/sios,o(si/ous,o(/sion,o(/sia
kaqaro/s,1/2,kaqara/,,kaqaro/n,
lampro/s,1/2,lampra/,"lampra/n, lampra=|",lampro\n,
ponhro/s,1/2,ponhra/,,ponhro/n,
a)ka/qartos,1/2,,,a)ka/qarton,
talantiai=os,1/2,talantiai/a,,,
ko/kkinos,1/2,kokki/nh,kokki/nhn,ko/kkinon,
porfurou=s,1/2,,,porfurou=n,porfurou=n
ti/mios,1/2,timi/a,timi/an,ti/mion,
o)/gdoos,1/2,o)gdo/h,o)gdo/h|,,
klhto/s,1/2,,,,
e)klekto/s,1/2,e)klekth/,"e)klekth=|, e)klekth=s",e)klekto/n,
diplou=s,1/2,diplh=,diplh=s,diplou=n,"dipla=, diplou=n"
bu/ssinos,1/2,,,bu/ssinon,
siriko/s,1/2,,,siriko/n,sirikou=
qu/i+nos,1/2,,,qu/i+non,qu/i+non
e)lefa/ntinos,1/2,,,e)lefa/ntinon,
liparo/s,1/2,,,liparo\n,
mu/linos,1/2,,,,
mousiko/s,1/2,,,,
deilo/s,1/2,,,,
a)/pistos,1/2,a)/pistos,,a)/piston,
u(yhlo/s,1/2,,,u(yhlo/n,
tetra/gwnos,1/2,tetra/gwnos,,,
i)/sos,1/2,i)/sh,,i)/son,
e)/natos,1/2,e)na/th,"e)na/ths, e)na/thn, e)na/th|",,
e(nde/katos,1/2,e(ndeka/th,e(ndeka/thn,,
dwde/katos,1/2,,,,
diaugh/s,3,,,,
koino/s,1/2,koinh/,"koinai=s, koinh/n, koinh=s",koino/n,
r(uparo/s,1/2,r(upara/,r(upara=|,,
taxu/s,3,,,taxu/,"taxu/, ta/xion, ta/xista"
kra/tistos,1/2,,,,
a)mfo/teroi,1/2,,,a)mfo/tera,a)mfo/tera
a)/memptos,1/2,a)/memptos,,,
stei=ros,1/2,stei=ra,,,
a)peiqh/s,3,,,,
kwfo/s,1/2,,,kwfo/n,
u(/yistos,1/2,,,u(/yista,u(yi/stois
o)reino/s,1/2,o)reinh\,,,
dunato/s,1/2,,,dunato/n,
u(perh/fanos,1/2,,,,
tapeino/s,1/2,,,,
a)gaqo/s,1/2,a)gaqh/,,a)gaqo/n,
keno/s,1/2,kenh/,,keno/n,
peri/oikos,1/2,,,,
suggenh/s,3,,,,
eu)loghto/s,1/2,,,,
e)/gkuos,1/2,e)/gkuos,e)gku/w|,,
au)to/s,1/2,au)th/,,au)to/,
ou)ra/nios,1/2,ou)ra/nios,"ou)rani/ou, ou)rani/w|",,
o)ktw/,3,o)ktw/,o)ktw/,o)ktw/,o)ktw/
eu)labh/s,3,,,,
i(ero/s,1/2,,,i(ero/n,"i(ero/n, i(erou=, i(erw=|, i(era/"
swth/rios,1/2,swth/rios,,swth/rion,
o)gdoh/konta,3,,,o)gdoh/konta,o)gdoh/konta
gnwsto/s,1/2,,,gnwsto/n,
pentekaide/katos,1/2,,,pentekaide/katon,pentekaideka/tw|
*)itourai=os,1/2,*)itourai/a,*)itourai/as,,
*traxwni=tis,3,*traxwni=tis,*traxwni/tidos,,
peri/xwros,1/2,peri/xwros,,,
eu)qu/s,3,eu)qei=a,,,
skolio/s,1/2,skolia/,skolia=s,skolio/n,
traxu/s,3,traxei=a,traxei=ai,,
lei=os,1/2,lei/a,lei/as,,
kalo/s,1/2,kalh/,"kalh=|, kalh=s, kalh/n",kalo/n,
i(kano/s,1/2,i(kanh/,,i(kano/n,
a)/sbestos,1/2,,,a)/sbeston,"a)sbe/stw|, a)/sbeston"
e(/teros,1/2,e(te/ra,,e(/teron,
a(/pas,3,a(/pasa,a(/pasan,a(/pan,
swmatiko/s,1/2,swmatikh/,,swmatiko/n,swmatikw=|
a)gaphto/s,1/2,a)gaphth/,,a)gaphto/n,
tria/konta,3,,,tria/konta,tria/konta
plh/rhs,3,plh/rhs,,,
dekto/s,1/2,dekth/,,,
*sidw/nios,1/2,*sidwni/a,*sidwni/as,,
lepro/s,1/2,,,,
*nazarhno/s,1/2,,,,
poiki/los,1/2,poiki/lh,,,
me/toxos,1/2,,,,
a(martwlo/s,1/2,a(martwlo/s,,,
eu)kopw/teros,1/2,,,eu)kopw/teron,
para/docos,1/2,,,para/docon,para/doca
so/s,1/2,sh/,"sh=|, sh/n, sh=s",so/n,
palaio/s,1/2,palaia/,,palaio/n,
ne/os,1/2,ne/a,"ne/as, newte/ras",ne/on,
blhte/os,1/2,,,blhte/on,
xrhsto/s,1/2,,,xrhsto/n,
spo/rimos,1/2,,,spo/rimon,
chro/s,1/2,chra/,,chro/n,
pedino/s,1/2,,,,
para/lios,1/2,para/lios,parali/ou,,
u(me/teros,1/2,u(mete/ra,,u(me/teron,"u(me/teron, u(mete/rw|"
a)xa/ristos,1/2,,,,
oi)kti/rmwn,3,,,,
i)/dios,1/2,i)di/a,"i)di/an, i)di/ais, i)di/a|, i)di/as, i)di/wn",i)/dion,"i)/dion, i)/dia, i)di/ou, i)di/ois, i)di/w|, i)di/wn"
sapro/s,1/2,,,sapro/n,
e)/ntimos,1/2,,,,
fi/los,1/2,fi/lh,,,
monogenh/s,3,monogenh/s,,,
xwlo/s,1/2,,,xwlo/n,
malako/s,1/2,,,malako/n,"malakoi=s, malaka/"
e)/ndocos,1/2,e)/ndocos,e)/ndocon,e)/ndocon,e)ndo/cois
basi/leios,1/2,,,basi/leion,
perisso/teros,1/2,perissote/ra,"perissote/ran, perissote/ra|",perisso/teron,
gennhto/s,1/2,,,,
nomiko/s,1/2,nomikh/,nomika/s,,
pentako/sioi,1/2,,,pentako/sia,pentako/sia
penth/konta,3,,,penth/konta,penth/konta
peteino/s,1/2,,,peteino/n,"peteina/, peteinw=n"
e(katontaplasi/wn,3,,,e(katontaplasi/ona,e(katontaplasi/ona
krupto/s,1/2,,,krupto/n,
fanero/s,1/2,fanera/,,fanero/n,
a)po/krufos,1/2,,,a)po/krufon,
*gerashno/s,1/2,,,,
a)sqenh/s,3,a)sqenh/s,,a)sqene/s,
pentakisxi/lioi,1/2,,,,
eu)/qetos,1/2,eu)/qetos,eu)/qeton,eu)/qeton,
e(bdomh/konta,3,e(bdomh/konta,e(bdomh/konta,,
a)nekto/s,1/2,,,a)nekto/n,
sofo/s,1/2,,,sofo/n,
suneto/s,1/2,,,,
nh/pios,1/2,,,,
h(miqanh/s,3,,,,
e)piou/sios,1/2,,,,
po/sos,1/2,NEEDED,"po/sai, po/swn, po/sas, po/shn",po/son,
a)/nudros,1/2,a)/nudros,a)/nudroi,,
xei/rwn,3,xei/rwn,,xei=ron,
a(plou=s,3,,,,
fwteino/s,1/2,fwteinh/,,fwteino/n,
skoteino/s,1/2,,,skoteino/n,
a)/frwn,3,,,,
a)/dhlos,1/2,a)/dhlos,a)/dhlon,a)/dhlon,a)/dhla
dusba/staktos,1/2,,,dusba/stakton,dusba/stakta
e)la/xistos,1/2,e)laxi/sth,,e)la/xiston,"e)la/xiston, e)laxi/stw|, e)laxi/stwn, e)laxi/stou"
o)ligo/pistos,1/2,,,,
a)ne/kleiptos,1/2,,,,
e(/toimos,1/2,e(toi/mh,,e(/toimon,
fro/nimos,1/2,froni/mh,,,
lepto/s,1/2,,,lepto/n,
*galilai=os,1/2,,,,
dekaoktw/,3,,,dekaoktw/,dekaoktw/
pantelh/s,3,,,pantele/s,pantele/s
steno/s,1/2,stenh/,,,
u(drwpiko/s,1/2,,,,
a)nw/teron,3,,,NEEDED,a)nw/teron
a)na/phros,1/2,,,,
e)nenh/konta,3,,,e)nenh/konta,e)nenh/konta
e)nne/a,3,,,e)nne/a,e)nne/a
makro/s,1/2,makra/,makra/n,makro/n,
mi/sqios,1/2,,,,
siteuto/s,1/2,,,,
a)/dikos,1/2,,,,
a)llo/trios,1/2,a)llotri/a,"a)llotri/a|, a)llotri/ais, a)llotri/an",a)llo/trion,a)llotri/w|
fila/rguros,1/2,,,,
a)ne/ndektos,1/2,,,a)ne/ndekton,
muliko/s,1/2,,,,
a)xrei=os,1/2,,,,
a)llogenh/s,3,,,,
a(/rpac,3,,,,
peri/lupos,1/2,peri/lupos,,,
a)du/natos,1/2,,,a)du/naton,
pollaplasi/wn,3,,,pollaplasi/on,pollaplasi/ona
tetraplou=s,1/2,,,tetraplou=n,tetraplou=n
eu)genh/s,3,,,,
au)sthro/s,1/2,,,,
e)gka/qetos,1/2,,,,
a)/teknos,1/2,,,,
u(/steros,1/2,,,u(/steron,u(/steron
i)sa/ggelos,1/2,,,,
penixro/s,1/2,penixra/,penixra/n,,
biwtiko/s,1/2,biwtikh/,biwtikai=s,biwtiko/n,biwtika/
ai)fni/dios,1/2,ai)fni/dios,,,
a)/zumos,1/2,,,a)/zumon,"a)zu/mwn, a)zu/mois, a)/zuma"
a)/nomos,1/2,,,a)/nomon,a)no/mois
e)ktene/steron,3,,,NEEDED,e)ktene/steron
braxu/s,3,,,braxu/,braxu/
ai)/tios,1/2,,,ai)/tion,
u(gro/s,1/2,,,u(gro/n,u(grw=|
kakou=rgos,1/2,,,,
a)ristero/s,1/2,a)ristera/,,a)ristero\n,
a)/topos,1/2,,,a)/topon,
laceuto/s,1/2,,,laceuto/n,laceutw=|
e(/ndeka,3,,,,
skuqrwpo/s,1/2,,,,
o)rqrino/s,1/2,o)rqrinh/,o)rqrinai/,,
a)no/htos,1/2,a)no/htos,a)noh/tous,,
bradu/s,3,,,,
a)/fantos,1/2,,,,
brw/simos,1/2,,,brw/simon,
o)pto/s,1/2,,,,
a)ne/gklhtos,1/2,,,,
mwro/s,1/2,mwra/,"mwra/s, mwrai/",mwro/n,
a)genh/s,3,,,a)gene/s,a)genh=
peiqo/s,1/2,,,,
te/leios,1/2,telei/a,,te/leion,
didakto/s,1/2,,,,
a)nqrw/pinos,1/2,a)nqrwpi/nh,,a)nqrw/pinon,a)nqrw/pinon
pneumatiko/s,1/2,pneumatikh/,"pneumatikh=s, pneumatikh=|, pneumatikai=s, pneumatika/s",pneumatiko/n,
yuxiko/s,1/2,yuxikh/,,yuxiko/n,
sa/rkinos,1/2,sarki/nh,"sarki/nhs, sarki/nais",,
sarkiko/s,1/2,sarkikh/,"sarkikw=n, sarkikh=|",sarkiko/n,"sarkika/, sarkikoi=s"
sunergo/s,1/2,,,,
ma/taios,1/2,matai/a,,ma/taion,
e)piqana/tios,1/2,,,,
a)/timos,1/2,,,a)/timon,a)timo/tera
mu/rioi,1/2,,,mu/ria,muri/wn
a)na/cios,1/2,,,,
su/mfwnos,1/2,,,su/mfwnon,sumfw/nou
krei/ttwn,3,krei/ttwn,"krei/ttonos, krei/ttosi(n), krei/ttona",krei=tton,
a)peleu/qeros,1/2,,,,
a)me/rimnos,1/2,,,,
su/mforos,1/2,,,su/mforon,su/mforon
eu)sxh/mwn,3,eu)sxh/mwn,"eu)sxh/monas, eu)sxhmo/nwn",eu)/sxhmon,"eu)/sxhmon, eu)sxh/mona"
eu)pa/redros,1/2,,,eu)pa/redron,eu)pa/redron
u(pe/rakmos,1/2,u(pe/rakmos,,,
e(drai=os,1/2,,,,
e(kw/n,3,e(kou=sa,,,
a)/kwn,3,,,,
a)da/panos,1/2,,,a)da/panon,a)da/panon
e)/nnomos,1/2,e)/nnomos,e)nno/mw|,,
fqarto/s,1/2,fqarth/,fqarth=s,fqarto/n,
a)/fqartos,1/2,a)/fqartos,"a)/fqarton, a)fqa/rtou",a)/fqarton,a)/fqarton
a)do/kimos,1/2,a)do/kimos,,,
i(ero/qutos,1/2,,,i(ero/quton,
a)pro/skopos,1/2,a)pro/skopos,a)pro/skopon,,
a)kataka/luptos,1/2,a)kataka/luptos,"a)katakalu/ptw|, a)kataka/lupton",,
ai)sxro/s,1/2,,,ai)sxro/n,
filo/neikos,1/2,,,,
h(/sswn,3,,,h(=sson,h(=sson
do/kimos,1/2,,,,
e)/noxos,1/2,,,,
a)/rrwstos,1/2,,,,
a)/fwnos,1/2,,,a)/fwnon,
a)nagkai=os,1/2,a)nagkai/a,a)nagkai/as,a)nagkai=on,
a)sxh/mwn,3,,,a)sxh/mon,a)sxh/mona
a)/yuxos,1/2,,,a)/yuxon,a)/yuxa
eu)/shmos,1/2,,,,
ba/rbaros,1/2,,,,
a)/karpos,1/2,,,a)/karpon,"a)ka/rpois, a)/karpa"
e(tero/glwssos,1/2,,,,
dh=los,1/2,,,dh=lon,
pthno/n,3,,,NEEDED,pthnw=n
e)poura/nios,1/2,e)poura/nios,"e)poura/nion, e)pourani/ou, e)pourani/w|",e)poura/nion,"e)poura/nia, e)pourani/wn, e)pourani/ois"
e)pi/geios,1/2,e)pi/geios,,e)pi/geion,"e)pi/geia, e)pigei/wn"
xoi+ko/s,1/2,,,,
a)/tomos,1/2,,,a)/tomon,a)to/mw|
qnhto/s,1/2,qnhth/,qnhth=|,qnhto/n,
a)metaki/nhtos,1/2,,,,
e)nergh/s,3,e)nergh/s,,,
o(lo/klhros,1/2,,,o(lo/klhron,
di/yuxos,1/2,,,,
a)kata/statos,1/2,,,a)kata/staton,
a)pei/rastos,1/2,,,,
e)/mfutos,1/2,,,,
qrhsko/s,1/2,,,,
a)mi/antos,1/2,a)mi/antos,,,
o)rfano/s,1/2,,,,
a)/spilos,1/2,a)/spilos,a)/spilon,,
xrusodaktu/lios,1/2,,,,
basiliko/s,1/2,basilikh/,"basilikh=s, basilikh/n",,
a)ne/leos,1/2,a)ne/leos,,,
e)fh/meros,1/2,e)fh/meros,e)fhme/rou,,
e)pith/deios,1/2,,,e)pith/deion,e)pith/deia
a)rgo/s,1/2,a)rgh/,,a)rgo/n,a)rgo/n
sklhro/s,1/2,,,sklhro/n,
e)na/lion,3,,,NEEDED,e)nali/wn
mesto/s,1/2,mesth/,,mesto/n,
qanathfo/ros,1/2,,,,
pikro/s,1/2,,,pikro/n,
a(luko/s,1/2,,,a(luko/n,
e)pisth/mwn,3,,,,
daimoniw/dhs,3,daimoniw/dhs,,,
fau=los,1/2,,,fau=lon,
a(gno/s,1/2,a(gnh/,,a(gno/n,
ei)rhniko/s,1/2,ei)rhnikh/,,,
e)pieikh/s,3,e)pieikh/s,,e)pieike/s,
eu)peiqh/s,3,eu)peiqh/s,,,
a)dia/kritos,1/2,a)dia/kritos,,,
a)nupo/kritos,1/2,a)nupo/kritos,,,
moixali/s,3,moixali/s,,,
shto/brwtos,1/2,,,shto/brwton,shto/brwta
pro/i+mos,1/2,,,,
o)/yimos,1/2,,,,
polu/splagxnos,1/2,,,,
o(moiopaqh/s,3,,,,
h)/pios,1/2,,,,
e)nanti/os,1/2,e)nanti/a,e)nanti/as,e)nanti/on,"e)nanti/a, e)nanti/on"
e)/kdikos,1/2,,,,
qeodi/daktos,1/2,,,,
a)/taktos,1/2,,,,
o)ligo/yuxos,1/2,,,,
o(lotelh/s,3,,,,
e)la/sswn,3,,,e)/latton,
a)lhqh/s,3,a)lhqh/s,,a)lhqe/s,
tetra/mhnos,1/2,,,,
komyo/s,1/2,,,komyo/n,komyo/teron
probatiko/s,1/2,probatikh/,probatikh=|,,
u(gih/s,3,u(gih/s,,,
kri/qinos,1/2,,,,
o)/yios,1/2,o)yi/a,,,
pro/teros,1/2,prote/ra,prote/ran,pro/teron,pro/teron
e)pa/ratos,1/2,,,,
a)resto/s,1/2,,,a)resto/n,
a)posuna/gwgos,1/2,,,,
qeosebh/s,3,,,,
perisso/s,1/2,,,perisso/n,
misqwto/s,1/2,,,,
dekape/nte,3,dekape/nte,dekape/nte,,
tetartai=os,1/2,,,,
*(rwmai=os,1/2,,,,
pistiko/s,1/2,pistikh/,pistikh=s,,
polu/timos,1/2,polu/timos,poluti/mou,polu/timon,
triako/sioi,1/2,,,trioko/sia,triakosi/wn
a)ka/nqinos,1/2,,,,
liqo/strwtos,1/2,,,,
a)/rafos,1/2,,,,
u(fanto/s,1/2,,,,
pro/qumos,1/2,,,pro/qumon,
a)o/ratos,1/2,,,a)o/raton,a)o/rata
a)i/+dios,1/2,a)i/+dios,,,
a)napolo/ghtos,1/2,,,,
a)su/netos,1/2,a)su/netos,,a)su/neton,a)sune/tw|
tetra/pous,1/2,,,tetra/poun,"tetrapo/dwn, tetra/poda"
qh=lus,3,qh/leia,"qh/leiai, qhlei/as",qh=lu,
fusiko/s,1/2,fusikh/,fusikh/n,fusiko/n,fusika/
kata/lalos,1/2,,,,
qeostugh/s,3,,,,
a)su/nqetos,1/2,,,,
a)/storgos,1/2,,,,
a)neleh/mwn,3,,,,
a)metano/htos,1/2,a)metano/htos,a)metano/hton,,
grapto/s,1/2,,,grapto/n,grapto/n
e)/ndikos,1/2,e)/ndikos,e)/ndikon,e)/ndikon,
u(po/dikos,1/2,,,,
a)sebh/s,3,,,,
be/baios,1/2,bebai/a,,,
e(katontaeth/s,3,,,,
su/mfutos,1/2,,,,
dou=los,1/2,,,NEEDED,dou=la
u(/pandros,1/2,u(/pandros,,,
sugklhrono/mos,1/2,,,sugklhrono/mon,sugklhrono/ma
a)la/lhtos,1/2,,,,
su/mmorfos,1/2,,,su/mmorfon,su/mmorfon
a)dia/leiptos,1/2,a)dia/leiptos,,,
w(rai=os,1/2,w(rai/a,"w(rai/an, w(rai/a|",,
e)mfanh/s,3,,,,
e(ptakisxi/lioi,1/2,,,,
a)metame/lhtos,1/2,a)metame/lhtos,a)metame/lhton,a)metame/lhton,a)metame/lhta
a)necerau/nhtos,1/2,,,a)necerau/nhton,a)necerau/nhta
a)necixni/astos,1/2,a)necixni/astos,a)necixni/astoi,a)necixni/aston,a)necixni/aston
eu)a/restos,1/2,eu)a/restos,eu)a/reston,eu)a/reston,
logiko/s,1/2,logikh/,logikh/n,logiko/n,logiko/n
dia/foros,1/2,dia/foros,diaforwte/ras,dia/foron,"dia/fora, diaforw/teron"
filo/storgos,1/2,,,,
o)knhro/s,1/2,,,o)knhro/n,
h(me/teros,1/2,h(mete/ra,,,
eu)pro/sdektos,1/2,eu)pro/sdektos,,,
e)pi/shmos,1/2,,,,
a)/kakos,1/2,,,,
a)ke/raios,1/2,,,,
ce/nos,1/2,ce/nh,,ce/non,
ei)likrinh/s,3,ei)likrinh/s,ei)likrinh=,,
su/myuxos,1/2,,,,
u(ph/koos,1/2,,,,
kataxqo/nios,1/2,,,,
i)so/yuxos,1/2,,,,
paraplh/sios,1/2,,,paraplh/sion,paraplh/sion
a)lupo/teros,1/2,,,,
a)sfalh/s,3,a)sfalh/s,a)sfalh=,a)sfale/s,
o)ktah/meros,1/2,,,,
e)pipo/qhtos,1/2,,,,
gnh/sios,1/2,,,gnh/sion,
su/zugos,1/2,,,,
semno/s,1/2,semnh\,,semno\n,
prosfilh/s,3,,,prosfile/s,prosfilh=
eu)/fhmos,1/2,,,eu)/fhmon,eu)/fhma
au)ta/rkhs,3,,,,
a)/xrhstos,1/2,,,,
eu)/xrhstos,1/2,,,eu)/xrhston,
e(kou/sios,1/2,,,e(kou/sion,e(kou/sion
prhnh/s,3,,,,
bi/aios,1/2,biai/a,biai/as,,
megalei=os,1/2,,,megalei=on,
e)pifanh/s,3,e)pifanh/s,e)pifanh=,,
e)/kdotos,1/2,,,,
trisxi/lioi,1/2,trisxi/liai,trisxi/liai,,
e)/kqambos,1/2,,,,
a)rxieratiko/s,1/2,,,a)rxieratiko/n,a)rxieratikou=
a)gra/mmatos,1/2,,,,
e)ndeh/s,3,,,,
dhmo/sios,1/2,dhmosi/a,dhmosi/a|,,
tetrako/sioi,1/2,,,tetrako/sia,"tetrako/sia, tetrakosi/ois"
qeoma/xos,1/2,,,,
kaqhmerino/s,1/2,kaqhmerinh/,kaqhmerinh=|,,
bla/sfhmos,1/2,bla/sfhmos,bla/sfhmon,bla/sfhmon,bla/sfhma
pa/roikos,1/2,,,pa/roikon,
e)/kqetos,1/2,,,e)/kqeton,e)/kqeta
a)stei=os,1/2,,,a)stei=on,
*ai)gu/ptios,1/2,,,,
tesserakontaeth/s,3,,,,
e)/ntromos,1/2,,,,
*)eruqro/s,1/2,*)eruqra/,*)eruqra=|,,
xeiropoi/htos,1/2,xeiropoi/htos,xeiropoih/tou,xeiropoi/hton,xeiropoi/hta
sklhrotra/xhlos,1/2,,,,
a)peri/tmhtos,1/2,,,,
e)ne/os,1/2,,,,
*)italiko/s,1/2,*)italikh/,*)italikh=s,,
eu)sebh/s,3,,,,
pro/speinos,1/2,,,,
a)qe/mitos,1/2,a)qe/mitos,a)qemi/tois,a)qe/miton,
a)llo/fulos,1/2,,,,
au)to/matos,1/2,au)toma/th,,,
takto/s,1/2,takth/,takth=|,,
skwlhko/brwtos,1/2,,,,
su/ntrofos,1/2,,,,
*pisidi/a,3,NEEDED,*pisidi/an,,
o)rqo/s,1/2,o)rqh\,,,
a)ma/rturos,1/2,,,,
karpofo/ros,1/2,,,,
kata/loipos,1/2,,,,
pnikto/s,1/2,,,pnikto/n,"pniktou=, pniktw=n, pnikto/n"
*galatiko/s,1/2,*galatikh/,*galatikh/n,,
*ne/a,3,NEEDED,*ne/an,,
e)sw/teros,1/2,e)swte/ra,e)swte/ran,e)sw/teron,e)sw/teron
e)/cupnos,1/2,,,,
a)kata/kritos,1/2,,,,
a)gorai=os,1/2,a)gorai/a,a)gorai=oi,,
katei/dwlos,1/2,katei/dwlos,katei/dwlon,,
*stoi+ko/s,1/2,,,,
spermolo/gos,1/2,,,,
*)/areios,1/2,,,,
*)aqhnai=os,1/2,,,,
deisidai/mwn,3,,,,
a)/gnwstos,1/2,,,,
qei=os,1/2,qei/a,qei/as,qei=on,qei=on
*pontiko/s,1/2,,,,
o(mo/texnos,1/2,,,,
lo/gios,1/2,,,,
a)kribe/steron,3,,,NEEDED,a)kribe/steron
a)nwteriko/s,1/2,,,a)nwteriko/n,a)nwterika/
peri/ergos,1/2,peri/ergos,peri/ergoi,peri/ergon,peri/erga
*)efe/sios,1/2,,,,
diopeth/s,3,,,diopete/s,diopetou=s
a)nanti/rrhtos,1/2,,,a)nanti/rrhton,a)nantirrh/twn
propeth/s,3,,,propete/s,propete/s
i(ero/sulos,1/2,,,,
*beroiai=os,1/2,,,,
*derbai=os,1/2,,,,
baru/s,3,barei/a,barei=ai,baru/,"bare/a, baru/tera"
e)nto/pios,1/2,,,,
tetrakisxi/lioi,1/2,,,,
a)/shmos,1/2,a)/shmos,a)sh/mou,,
*(ebrai/+s,3,*(ebrai/+s,*(ebrai/+di,,
patrw=|os,1/2,,,patrw=|on,
loimo/s,1/2,,,,
pukno/s,1/2,puknh/,pukna/s,pukno/n,pukno/teron
*sebasto/s,1/2,*sebasth/,*sebasth=s,,
a)/logos,1/2,,,a)/logon,
a)kribh/s,3,NEEDED,a)kribesta/thn,,
paqhto/s,1/2,,,,
*)adramutthno/s,1/2,,,*)adramutthno/n,*)adramutthnw=|
*)alecandri=nos,1/2,,,*)alecandri=non,"*)alecandri=non, *)alecandri/nw|"
*kalo/s,1/2,,,,
e)pisfalh/s,3,,,,
a)neu/qetos,1/2,,,,
tufwniko/s,1/2,,,,
perikrath/s,3,,,,
au)to/xeir,3,,,,
tessareskaide/katos,1/2,tessareskaideka/th,,,
a)/sitos,1/2,,,,
eu)/qumos,1/2,,,,
diqa/lassos,1/2,,,,
a)sa/leutos,1/2,a)sa/leutos,,,
para/shmos,1/2,,,para/shmon,parash/mw|
deuterai=os,1/2,,,,
*trei=s,3,*trei=s,*triw=n,,
a)su/mfwnos,1/2,,,,
derma/tinos,1/2,dermati/nh,dermati/nhn,,
a)/grios,1/2,,,a)/grion,
e)/nnuxa,3,,,e)/nnuxa,e)/nnuxa
paralutiko/s,1/2,,,,
a)/gnafos,1/2,,,a)/gnafon,a)gna/fou
petrw=des,3,,,NEEDED,"petrw=des, petrw/dh"
pro/skairos,1/2,pro/skairos,pro/skairon,pro/skairon,pro/skaira
disxi/lioi,1/2,,,,
eu)/kairos,1/2,eu)/kairos,"eu)kai/rou, eu)/kairon",,
a)/niptos,1/2,a)/niptos,a)ni/ptois,,
paro/moios,1/2,,,paro/moion,paro/moia
mogila/los,1/2,,,,
a)/lalos,1/2,,,a)/lalon,
nh=stis,3,,,,
e)/kfobos,1/2,,,,
o)niko/s,1/2,,,,
kullo/s,1/2,,,,
mono/fqalmos,1/2,,,,
a)/nalos,1/2,,,a)/nalon,
du/skolos,1/2,,,du/skolon,
a(palo/s,1/2,,,,
a)po/dhmos,1/2,,,,
polutelh/s,3,polutelh/s,polutelou=s,polutele/s,
a)xeiropoi/htos,1/2,a)xeiropoi/htos,"a)xeiropoih/tw|, a)xeiropoi/hton",,
qana/simos,1/2,,,qana/simon,qana/simon
patriko/s,1/2,patrikh\,,,
dekate/ssares,3,dekate/ssares,dekate/ssares,dekate/ssares,dekatessa/rwn
parei/saktos,1/2,,,,
e)pikata/ratos,1/2,,,,
keno/docos,1/2,,,,
oi)kei=os,1/2,,,,
a)/qeos,1/2,,,,
a)krogwniai=os,1/2,,,,
su/sswmos,1/2,,,su/sswmon,su/sswma
summe/toxos,1/2,,,summe/toxon,summe/toxa
polupoi/kilos,1/2,polupoi/kilos,,,
katw/teros,1/2,,,katw/teron,katw/tera
eu)/splagxnos,1/2,,,,
a)/sofos,1/2,,,,
makroxro/nios,1/2,,,,
a)nqrwpa/reskos,1/2,,,,
parepi/dhmos,1/2,,,,
a)ma/rantos,1/2,a)ma/rantos,a)ma/ranton,,
a)nekla/lhtos,1/2,a)nekla/lhtos,a)neklalh/tw|,,
patropara/dotos,1/2,patropara/dotos,patroparado/tou,,
a)rtige/nnhtos,1/2,,,a)rtige/nnhton,a)rtige/nnhta
a)/dolos,1/2,,,a)/dolon,a)/dolon
prau/+s,3,,,paru/+,prae/ws
h(su/xios,1/2,,,h(su/xion,
gunaikei=os,1/2,,,gunaikei=on,
o(mo/frwn,3,,,,
sumpaqh/s,3,,,,
fila/delfos,1/2,,,,
tapeino/frwn,3,,,,
a)nti/tupos,1/2,,,a)nti/tupon,
e)pi/loipos,1/2,,,,
a)rketo/s,1/2,,,a)rketo/n,
e)ktenh/s,3,e)ktenh/s,e)ktenh=,,
filo/cenos,1/2,,,,
a)mara/ntinos,1/2,,,,
krataio/s,1/2,krataia/,krataia/n,,
stereo/s,1/2,sterea/,,,
suneklekto/s,1/2,suneklekth/,,,
pro/gonos,1/2,,,,
be/ltion,3,,,NEEDED,be/ltion
xrh/simon,3,,,NEEDED,xrh/simon
a)nepai/sxuntos,1/2,,,,
be/bhlos,1/2,be/bhlos,bebh/lous,,
xru/seos,1/2,,,xru/seon,xrusa=
o)stra/kinos,1/2,,,o)stra/kinon,
newteriko/s,1/2,newterika/,newterika/s,,
a)pai/deutos,1/2,a)pai/deutos,a)paideu/tous,,
didaktiko/s,1/2,,,,
a)neci/kakos,1/2,,,,
xalepo/s,1/2,,,,
fi/lautos,1/2,,,,
a)no/sios,1/2,,,,
a)/spondos,1/2,,,,
a)krath/s,3,,,,
a)nh/meros,1/2,,,,
a)fila/gaqos,1/2,,,,
filh/donos,1/2,,,,
filo/qeos,1/2,,,,
e)/kdhlos,1/2,e)/kdhlos,,,
qeo/pneustos,1/2,qeo/pneustos,,,
w)fe/limos,1/2,w)fe/limos,,w)fe/limon,w)fe/lima
a)/rtios,1/2,,,,
a)yeudh/s,3,,,,
a)nupo/taktos,1/2,,,a)nupo/takton,"a)nupo/takta, a)nupo/takton"
au)qa/dhs,3,,,,
o)rgi/los,1/2,,,,
pa/roinos,1/2,,,,
ai)sxrokerdh/s,3,,,,
fila/gaqos,1/2,,,,
sw/frwn,3,sw/frwn,sw/fronas,,
e)gkrath/s,3,,,,
mataiolo/gos,1/2,,,,
*)ioudai+ko/s,1/2,,,,
bdelukto/s,1/2,,,,
nhfa/lios,1/2,nhfa/lios,nhfali/ous,,
i(eropreph/s,3,i(eropreph/s,i(eroprepei=s,,
kalodida/skalos,1/2,kalodida/skalos,kalodidaska/lous,,
fi/landros,1/2,fi/landros,fila/ndrous,,
filo/teknos,1/2,filo/teknos,filote/knous,,
oi)kourgo/s,1/2,oi)kourgo/s,oi)kourgou/s,,
a)kata/gnwstos,1/2,,,,
kosmiko/s,1/2,kosmikh/,kosmika/s,kosmiko/n,kosmiko/n
periou/sios,1/2,,,,
a)/maxos,1/2,,,,
stughto/s,1/2,,,,
a)nwfelh/s,3,a)nwfelh/s,a)nwfelei=s,a)nwfele/s,a)nwfele/s
ai(retiko/s,1/2,,,,
au)tokata/kritos,1/2,,,,
fqinopwrino/s,1/2,,,fqinopwrino/n,fqinopwrina/
planh/ths,3,,,,
memyi/moiros,1/2,,,,
u(pe/rogkos,1/2,,,u(pe/rogkon,u(pe/rogka
a)/ptaistos,1/2,,,,
meizo/teros,1/2,meizote/ra,meizote/ran,,
e)qniko/s,1/2,,,,
pla/nos,1/2,,,pla/non,pla/nois
a)pe/rantos,1/2,a)pe/ranton,a)pera/ntois,,
e)pi/orkos,1/2,,,,
h)/remos,1/2,,,,
a)po/dektos,1/2,,,a)po/dekton,
ko/smios,1/2,ko/smios,kosmi/w|,,
a)nepi/lhmptos,1/2,a)nepi/lhmptos,a)nepi/lhmpton,,
a)fila/rguros,1/2,,,,
neo/futos,1/2,,,,
di/logos,1/2,,,,
yeudolo/gos,1/2,,,,
a)po/blhtos,1/2,,,a)po/blhton,
graw/dhs,3,,,,
e)/kgonos,1/2,,,e)/kgonon,e)/kgona
flu/aros,1/2,flu/aros,flu/aroi,,
pro/dhlos,1/2,pro/dhlos,pro/dhloi,pro/dhlon,
blabero/s,1/2,blabera/,blabera/s,,
a)pro/sitos,1/2,,,a)pro/siton,a)pro/siton
eu)meta/dotos,1/2,,,,
koinwniko/s,1/2,,,,
yeudw/numos,1/2,yeudw/numos,yeudwnu/mou,,
dieth/s,3,,,,
paraqala/ssios,1/2,paraqalassi/a,paraqalassi/an,,
e)leh/mwn,3,,,,
ei)rhnopoio/s,1/2,,,,
krufai=os,1/2,,,krufai=on,krufai/w|
eu)ru/xwros,1/2,eu)ru/xwros,,,
e)cw/teros,1/2,,,e)cw/teron,e)cw/teron
*gadarhno/s,1/2,,,,
e)lafro/s,1/2,,,e)lafro/n,
a)nai/tios,1/2,,,,
*xananai=os,1/2,*xananai/a,,,
i(/lews,3,,,,
qauma/sios,1/2,,,qauma/sion,
sitisto/s,1/2,,,sitisto/n,sitista/
baru/timos,1/2,,,baru/timon,baruti/mou
a)qw=|os,1/2,,,a)qw=|on,a)qw=|on
i)so/timos,1/2,i)so/timos,i)so/timon,,
me/gistos,1/2,,,me/giston,me/gista
taxino/s,1/2,taxinh/,,,
megalopreph/s,3,megalopreph/s,megaloprepou=s,,
profhtiko/s,1/2,,,,
au)xmhro/s,1/2,,,,
fwsfo/ros,1/2,,,,
plasto/s,1/2,,,,
a)/qesmos,1/2,,,,
mei/zwn,3,,,,
a)kata/paustos,1/2,,,,
a)sth/riktos,1/2,a)sth/riktos,a)sthri/ktous,,
a)mw/mhtos,1/2,,,,
dusno/htos,1/2,,,dusno/hton,dusno/hta
a)maqh/s,3,,,,
leitourgiko/s,1/2,,,leitourgiko/n,leitourgika/
tomw/teros,1/2,,,,
kritiko/s,1/2,,,,
a)fanh/s,3,a)fanh/s,,,
dusermh/neutos,1/2,,,,
nwqro/s,1/2,,,,
a)/peiros,1/2,,,,
a)meta/qetos,1/2,,,a)meta/qeton,"a)meta/qeton, a)metaqe/twn"
pro/dromos,1/2,,,,
dekato/s,1/2,deka/th,"deka/thn, deka/tas",,
a)pa/twr,3,,,,
a)mh/twr,3,,,,
a)genealo/ghtos,1/2,,,,
dihnekh/s,3,,,dihneke/s,dihneke/s
*leuitiko/s,1/2,*leuitikh/,*leuitikh=s,,
kata/dhlos,1/2,,,kata/dhlon,
a)kata/lutos,1/2,a)kata/lutos,a)katalu/tou,,
e)/gguos,1/2,,,,
a)para/batos,1/2,a)para/batos,a)para/baton,,
a)nw/teros,1/2,,,a)nw/teron,a)nw/teron
pro/sfatos,1/2,pro/sfatos,pro/sfaton,,
a)klinh/s,3,a)klinh/s,a)klinh=,,
fobero/s,1/2,fobera/,,fobero/n,
u(penanti/os,1/2,,,u(penanti/on,
a)nari/qmhtos,1/2,a)nari/qmhtos,,,
tri/mhnos,1/2,,,tri/mhnon,tri/mhnon
e)ruqro/s,1/2,e)ruqra/,e)ruqra/n,,
ai)/geios,1/2,,,ai)/geion,ai)gei/ois
eu)peri/statos,1/2,eu)peri/statos,eu)peri/staton,,
no/qos,1/2,,,,
bohqo/s,1/2,,,,
a)lusitelh/s,3,,,a)lusitele/s,
o(rato/s,1/2,,,o(rato/n,
eu)xa/ristos,1/2,,,,
sustatiko/s,1/2,sustatikh/,sustatikw=n,,
au)qai/retos,1/2,,,,
spoudai=os,1/2,,,,
a)paraskeu/astos,1/2,,,,
i(laro/s,1/2,,,,
pe/nhs,3,,,,
a)nekdih/ghtos,1/2,a)nekdih/ghtos,a)nekdihgh/tw|,,
a)/metros,1/2,,,a)/metron,a)/metra
a)barh/s,3,,,,
do/lios,1/2,,,,
*damaskhno/s,1/2,,,,
a)/rrhtos,1/2,,,a)/rrhton,a)/rrhta
panou=rgos,1/2,,,,
