verse,wordform,lemma,pos,book,chapter,word_order,person,tense,voice,mood,case,number,gender,degree
1,kai\,kai/,conjunction,Susanna Th,1,1,,,,indicative,,,,
1,h)=n,ei)mi/[1],verb,Susanna Th,1,2,,,,,,,,
1,a)nh\r,a)nh/r,noun,Susanna Th,1,3,,,,,vocative,singular,,
1,oi)kw=n,oi)=kos,noun,Susanna Th,1,4,,,,,,,,
1,e)n,e)n,preposition,Susanna Th,1,5,,,,indicative,,,,
1,*babulw=ni,*babulw/n,noun,Susanna Th,1,6,,,,,dative,singular,masculine,
1,kai\,kai/,conjunction,Susanna Th,1,7,,,,indicative,,,,
1,o)/noma,o)/noma[t],noun,Susanna Th,1,8,,,,,nominative,singular,neuter,
1,au)tw=|,au)to/s,pronoun,Susanna Th,1,9,,,,,dative,singular,masculine,
2,kai\,kai/,conjunction,Susanna Th,1,1,,,,indicative,,,,
2,e)/laben,lamba/nw,verb,Susanna Th,1,2,2.0,,,,,,,
2,gunai=ka,gunh/,noun,Susanna Th,1,3,,,,,vocative,singular,,
2,h(=|,o(/s,pronoun,Susanna Th,1,4,,,,,dative,singular,feminine,
2,o)/noma,o)/noma[t],noun,Susanna Th,1,5,,,,,nominative,singular,neuter,
2,*sousanna,*sousa/nna,noun,Susanna Th,1,6,,,,,nominative,singular,feminine,
2,quga/thr,quga/thr,noun,Susanna Th,1,7,,,,,vocative,singular,,
2,kalh\,kalo/s,adjective,Susanna Th,1,8,,,,,,,,
2,sfo/dra,sfo/dra,adverb,Susanna Th,1,9,,,,indicative,,,,
2,kai\,kai/,conjunction,Susanna Th,1,10,,,,indicative,,,,
2,foboume/nh,fobe/w,verb,Susanna Th,1,11,,present,middle,participle,nominative,singular,feminine,
2,to\n,o(,article,Susanna Th,1,12,,,,,accusative,singular,masculine,
2,ku/rion,ku/rios[2],noun,Susanna Th,1,13,,,,,vocative,plural,,
3,kai\,kai/,conjunction,Susanna Th,1,1,,,,indicative,,,,
3,oi(,o(,article,Susanna Th,1,2,,,,,nominative,plural,masculine,
3,gonei=s,goneu/s,noun,Susanna Th,1,3,,,,,nominative,plural,masculine,
3,au)th=s,au)to/s,pronoun,Susanna Th,1,4,,,,,genitive,singular,feminine,
3,di/kaioi,di/kaios,adjective,Susanna Th,1,5,,,,,nominative,plural,masculine,
3,kai\,kai/,conjunction,Susanna Th,1,6,,,,indicative,,,,
3,e)di/dacan,dida/skw,verb,Susanna Th,1,7,3.0,aorist,active,indicative,,plural,,
3,th\n,o(,article,Susanna Th,1,8,,,,,accusative,singular,feminine,
3,qugate/ra,quga/thr,noun,Susanna Th,1,9,,,,,vocative,singular,,
3,au)tw=n,au)to/s,pronoun,Susanna Th,1,10,,,,,genitive,plural,feminine,
3,kata\,kata/,preposition,Susanna Th,1,11,,,,indicative,,,,
3,to\n,o(,article,Susanna Th,1,12,,,,,accusative,singular,masculine,
3,no/mon,no/mos,noun,Susanna Th,1,13,,,,,accusative,singular,masculine,
3,*mwush=,*mwu+sh=s,noun,Susanna Th,1,14,,,,,,,,
4,kai\,kai/,conjunction,Susanna Th,1,1,,,,indicative,,,,
4,h)=n,ei)mi/[1],verb,Susanna Th,1,2,,,,,,,,
4,plou/sios,plou/sios,adjective,Susanna Th,1,3,,,,,nominative,singular,masculine,
4,sfo/dra,sfo/dra,adverb,Susanna Th,1,4,,,,indicative,,,,
4,kai\,kai/,conjunction,Susanna Th,1,5,,,,indicative,,,,
4,h)=n,ei)mi/[1],verb,Susanna Th,1,6,,,,,,,,
4,au)tw=|,au)to/s,pronoun,Susanna Th,1,7,,,,,dative,singular,masculine,
4,para/deisos,para/deisos,noun,Susanna Th,1,8,,,,,nominative,singular,masculine,
4,tw=|,o(,article,Susanna Th,1,9,,,,,dative,singular,neuter,
4,oi)/kw|,oi)=kos,noun,Susanna Th,1,10,,,,,,,,
4,au)tou=,au)to/s,pronoun,Susanna Th,1,11,,,,,genitive,singular,masculine,
4,kai\,kai/,conjunction,Susanna Th,1,12,,,,indicative,,,,
4,pro\s,pro/s,preposition,Susanna Th,1,13,,,,indicative,,,,
4,au)to\n,au)to/s,pronoun,Susanna Th,1,14,,,,,accusative,singular,masculine,
4,prosh/gonto,pros·a/gw,verb,Susanna Th,1,15,2.0,,,,,,,
4,oi(,o(,article,Susanna Th,1,16,,,,,nominative,plural,masculine,
4,*ioudai=oi,*)ioudai=os,adjective,Susanna Th,1,17,,,,,nominative,plural,masculine,
4,dia\,dia/,preposition,Susanna Th,1,18,,,,indicative,,,,
4,to\,o(,article,Susanna Th,1,19,,,,,nominative,singular,neuter,
4,ei)=nai,ei)mi/[1],verb,Susanna Th,1,20,,,,,,,,
4,au)to\n,au)to/s,pronoun,Susanna Th,1,21,,,,,accusative,singular,masculine,
4,e)ndoco/teron,e)n·doco/·teros,adjective,Susanna Th,1,22,,,,,,,,
4,pa/ntwn,pa=[nt]s,quantifier,Susanna Th,1,23,,,,,genitive,singular,,
5,kai\,kai/,conjunction,Susanna Th,1,1,,,,indicative,,,,
5,du/o,du/o,quantifier,Susanna Th,1,2,,,,,genitive,,,
5,presbu/teroi,presbu/·teros,adjective,Susanna Th,1,3,,,middle,,,,,comparative
5,e)k,e)k,preposition,Susanna Th,1,4,,,,indicative,,,,
5,tou=,o(,article,Susanna Th,1,5,,,,,genitive,singular,neuter,
5,laou=,lao/s,noun,Susanna Th,1,6,,,,,genitive,singular,masculine,
5,kritai\,krith/s,noun,Susanna Th,1,7,,,,,nominative,plural,masculine,
5,e)n,e)n,preposition,Susanna Th,1,8,,,,indicative,,,,
5,tw=|,o(,article,Susanna Th,1,9,,,,,dative,singular,neuter,
5,e)niautw=|,e)niauto/s,noun,Susanna Th,1,10,,,,,dative,singular,masculine,
5,e)kei/nw|,e)kei=nos,determiner,Susanna Th,1,11,,,,,dative,singular,neuter,
5,peri\,peri/,preposition,Susanna Th,1,12,,,,indicative,,,,
5,w(=n,o(/s,pronoun,Susanna Th,1,13,,,,,genitive,plural,neuter,
5,e)la/lhsen,lale/w,verb,Susanna Th,1,14,3.0,aorist,active,indicative,,singular,,
5,o(,o(,article,Susanna Th,1,15,,,,,nominative,singular,masculine,
5,despo/ths,despo/ths,noun,Susanna Th,1,16,,,,,nominative,singular,masculine,
5,o(/ti,o(/ti,conjunction,Susanna Th,1,17,,,,indicative,,,,
5,e)ch=lqen,e)c·e/rxomai,verb,Susanna Th,1,18,2.0,,,,,,,
5,a)nomi/a,a)·nomi/a,noun,Susanna Th,1,19,,,,,nominative,singular,feminine,
5,e)k,e)k,preposition,Susanna Th,1,20,,,,indicative,,,,
5,*babulw=nos,*babulw/n,noun,Susanna Th,1,21,,,,,genitive,singular,masculine,
5,e)k,e)k,preposition,Susanna Th,1,22,,,,indicative,,,,
5,presbute/rwn,presbu/·teros,adjective,Susanna Th,1,23,,,middle,,,,,comparative
5,kritw=n,krith/s,noun,Susanna Th,1,24,,,,,genitive,plural,masculine,
5,oi(\,o(/s,pronoun,Susanna Th,1,25,,,,,nominative,plural,masculine,
5,e)do/koun,doke/w,verb,Susanna Th,1,26,1.0,imperfect,middle,imperative,,singular,,
5,to\n,o(,article,Susanna Th,1,27,,,,,accusative,singular,masculine,
5,lao/n,lao/s,noun,Susanna Th,1,28,,,,,accusative,singular,masculine,
6,ou(=toi,ou(=tos,determiner,Susanna Th,1,1,,,,,nominative,plural,masculine,
6,prosekarte/roun,pros·kartere/w,verb,Susanna Th,1,2,1.0,imperfect,middle,imperative,,singular,,
6,e)n,e)n,preposition,Susanna Th,1,3,,,,indicative,,,,
6,th=|,o(,article,Susanna Th,1,4,,,,,dative,singular,feminine,
6,oi)ki/a|,oi)ki/a,noun,Susanna Th,1,5,,,,,,,,
6,kai\,kai/,conjunction,Susanna Th,1,6,,,,indicative,,,,
6,h)/rxonto,e)/rxomai,verb;,Susanna Th,1,7,2.0,,,,,,,
6,pro\s,pro/s,preposition,Susanna Th,1,8,,,,indicative,,,,
6,au)tou\s,au)to/s,pronoun,Susanna Th,1,9,,,,,accusative,plural,masculine,
6,pa/ntes,pa=[nt]s,quantifier,Susanna Th,1,10,,,,,genitive,singular,,
6,oi(,o(,article,Susanna Th,1,11,,,,,nominative,plural,masculine,
6,krino/menoi,kri/nw,verb,Susanna Th,1,12,,present,middle,participle,nominative,plural,masculine,
7,kai\,kai/,conjunction,Susanna Th,1,1,,,,indicative,,,,
7,e)ge/neto,gi/nomai/gi/gn-,verb,Susanna Th,1,2,2.0,,,,,,,
7,h(ni/ka,h(ni/ka,adverb,Susanna Th,1,3,,,,indicative,,,,
7,o(,o(,article,Susanna Th,1,4,,,,,nominative,singular,masculine,
7,lao\s,lao/s,noun,Susanna Th,1,5,,,,,nominative,singular,masculine,
7,me/son,me/sos,adjective,Susanna Th,1,6,,,,,nominative,singular,neuter,
7,h(me/ras,h(me/ra,noun,Susanna Th,1,7,,,,,genitive,singular,feminine,
7,ei)seporeu/eto,ei)s·poreu/omai,verb,Susanna Th,1,8,3.0,imperfect,middle,imperative,,singular,,
7,*sousanna,*sousa/nna,noun,Susanna Th,1,9,,,,,nominative,singular,feminine,
7,kai\,kai/,conjunction,Susanna Th,1,10,,,,indicative,,,,
7,periepa/tei,peri·pate/w,verb,Susanna Th,1,11,3.0,imperfect,middle,imperative,,singular,,
7,e)n,e)n,preposition,Susanna Th,1,12,,,,indicative,,,,
7,tw=|,o(,article,Susanna Th,1,13,,,,,dative,singular,neuter,
7,paradei/sw|,para/deisos,noun,Susanna Th,1,14,,,,,dative,singular,masculine,
7,tou=,o(,article,Susanna Th,1,15,,,,,genitive,singular,neuter,
7,a)ndro\s,a)nh/r,noun,Susanna Th,1,16,,,,,vocative,singular,,
7,au)th=s,au)to/s,pronoun,Susanna Th,1,17,,,,,genitive,singular,feminine,
8,kai\,kai/,conjunction,Susanna Th,1,1,,,,indicative,,,,
8,e)qew/roun,qewre/w,verb,Susanna Th,1,2,1.0,imperfect,middle,imperative,,singular,,
8,au)th\n,au)to/s,pronoun,Susanna Th,1,3,,,,,accusative,singular,feminine,
8,oi(,o(,article,Susanna Th,1,4,,,,,nominative,plural,masculine,
8,du/o,du/o,quantifier,Susanna Th,1,5,,,,,genitive,,,
8,presbu/teroi,presbu/·teros,adjective,Susanna Th,1,6,,,middle,,,,,comparative
8,kaq’,kata/,preposition,Susanna Th,1,7,,,,indicative,,,,
8,h(me/ran,h(me/ra,noun,Susanna Th,1,8,,,,,accusative,singular,feminine,
8,ei)sporeuome/nhn,ei)s·poreu/omai,verb,Susanna Th,1,9,,present,middle,participle,accusative,singular,feminine,
8,kai\,kai/,conjunction,Susanna Th,1,10,,,,indicative,,,,
8,peripatou=san,peri·pate/w,verb,Susanna Th,1,11,,present,active,participle,accusative,singular,feminine,
8,kai\,kai/,conjunction,Susanna Th,1,12,,,,indicative,,,,
8,e)ge/nonto,gi/nomai/gi/gn-,verb,Susanna Th,1,13,2.0,,,,,,,
8,e)n,e)n,preposition,Susanna Th,1,14,,,,indicative,,,,
8,e)piqumi/a|,e)pi·qumi/a,noun,Susanna Th,1,15,,,,,dative,singular,feminine,
8,au)th=s,au)to/s,pronoun,Susanna Th,1,16,,,,,genitive,singular,feminine,
9,kai\,kai/,conjunction,Susanna Th,1,1,,,,indicative,,,,
9,die/streyan,dia·stre/fw,verb,Susanna Th,1,2,3.0,aorist,active,indicative,,plural,,
9,to\n,o(,article,Susanna Th,1,3,,,,,accusative,singular,masculine,
9,e(autw=n,e(·autou=/au(tou=[2],pronoun,Susanna Th,1,4,,,,,genitive,plural,neuter,
9,nou=n,noun,hebrew,Susanna Th,1,5,,,,,,,,
9,kai\,kai/,conjunction,Susanna Th,1,6,,,,indicative,,,,
9,e)ce/klinan,e)k·kli/nw,verb,Susanna Th,1,7,3.0,aorist,active,indicative,,plural,,
9,tou\s,o(,article,Susanna Th,1,8,,,,,accusative,plural,masculine,
9,o)fqalmou\s,o)fqalmo/s,noun,Susanna Th,1,9,,,,,accusative,plural,masculine,
9,au)tw=n,au)to/s,pronoun,Susanna Th,1,10,,,,,genitive,plural,feminine,
9,tou=,o(,article,Susanna Th,1,11,,,,,genitive,singular,neuter,
9,mh\,mh/,particle,Susanna Th,1,12,,,,indicative,,,,
9,ble/pein,ble/pw,verb,Susanna Th,1,13,,present,active,infinitive,,,,
9,ei)s,ei)s[1],preposition,Susanna Th,1,14,,,,indicative,,,,
9,to\n,o(,article,Susanna Th,1,15,,,,,accusative,singular,masculine,
9,ou)rano\n,ou)rano/s,noun,Susanna Th,1,16,,,,,vocative,plural,,
9,mhde\,mhde/,particle;,Susanna Th,1,17,,,,indicative,,,,
9,mnhmoneu/ein,mnhmoneu/w,verb,Susanna Th,1,18,,present,active,infinitive,,,,
9,krima/twn,kri/ma[t],noun,Susanna Th,1,19,,,,,genitive,plural,neuter,
9,dikai/wn,di/kaios,adjective,Susanna Th,1,20,,,,,genitive,plural,neuter,
10,kai\,kai/,conjunction,Susanna Th,1,1,,,,indicative,,,,
10,h)=san,ei)mi/[1],verb,Susanna Th,1,2,,,,,,,,
10,a)mfo/teroi,a)mfo/teroi,quantifier,Susanna Th,1,3,,,,,nominative,plural,masculine,
10,katanenugme/noi,kata·nu/ssomai,verb,Susanna Th,1,4,,perfect,middle,participle,nominative,plural,masculine,
10,peri\,peri/,preposition,Susanna Th,1,5,,,,indicative,,,,
10,au)th=s,au)to/s,pronoun,Susanna Th,1,6,,,,,genitive,singular,feminine,
10,kai\,kai/,conjunction,Susanna Th,1,7,,,,indicative,,,,
10,ou)k,ou)[2]/ou)k/ou)x,particle,Susanna Th,1,8,,,,indicative,,,,
10,a)nh/ggeilan,a)n·agge/llw,verb,Susanna Th,1,9,3.0,aorist,active,indicative,,plural,,
10,a)llh/lois,a)llh/lwn,pronoun,Susanna Th,1,10,,,,,genitive,plural,,
10,th\n,o(,article,Susanna Th,1,11,,,,,accusative,singular,feminine,
10,o)du/nhn,o)du/nh,noun,Susanna Th,1,12,,,,,accusative,singular,feminine,
10,au)tw=n,au)to/s,pronoun,Susanna Th,1,13,,,,,genitive,plural,feminine,
11,o(/ti,o(/ti,conjunction,Susanna Th,1,1,,,,indicative,,,,
11,h)|sxu/nonto,ai)sxu/nw,verb,Susanna Th,1,2,3.0,imperfect,middle,imperative,,plural,,
11,a)naggei=lai,a)n·agge/llw,verb,Susanna Th,1,3,,aorist,active,infinitive,,,,
11,th\n,o(,article,Susanna Th,1,4,,,,,accusative,singular,feminine,
11,e)piqumi/an,e)pi·qumi/a,noun,Susanna Th,1,5,,,,,accusative,singular,feminine,
11,au)tw=n,au)to/s,pronoun,Susanna Th,1,6,,,,,genitive,plural,feminine,
11,o(/ti,o(/ti,conjunction,Susanna Th,1,7,,,,indicative,,,,
11,h)/qelon,qe/lw,verb,Susanna Th,1,8,1.0,imperfect,middle,imperative,,singular,,
11,suggene/sqai,sug·gi/nomai,verb,Susanna Th,1,9,,,,,,,,
11,au)th=|,au)to/s,pronoun,Susanna Th,1,10,,,,,dative,singular,feminine,
12,kai\,kai/,conjunction,Susanna Th,1,1,,,,indicative,,,,
12,parethrou=san,para·thre/w,verb,Susanna Th,1,2,3.0,imperfect,middle,imperative,,plural,,
12,kaq’,kata/,preposition,Susanna Th,1,3,,,,indicative,,,,
12,h(me/ran,h(me/ra,noun,Susanna Th,1,4,,,,,accusative,singular,feminine,
12,o(ra=n,o(ra/w,verb,Susanna Th,1,5,,,,,,,,
12,au)th/n,au)to/s,pronoun,Susanna Th,1,6,,,,,accusative,singular,feminine,
13,kai\,kai/,conjunction,Susanna Th,1,1,,,,indicative,,,,
13,ei)=pan,le/gw,verb,Susanna Th,1,2,2.0,,,,,,,
13,e(/teros,e(/teros,determiner,Susanna Th,1,3,,,,,,,,
13,tw=|,o(,article,Susanna Th,1,4,,,,,dative,singular,neuter,
13,e(te/rw|,e(/teros,determiner,Susanna Th,1,5,,,,,,,,
13,poreuqw=men,poreu/w,verb,Susanna Th,1,6,1.0,aorist,passive,subjunctive,,plural,,
13,dh\,dh/,particle,Susanna Th,1,7,,,,indicative,,,,
13,ei)s,ei)s[1],preposition,Susanna Th,1,8,,,,indicative,,,,
13,oi)=kon,oi)=kos,noun,Susanna Th,1,9,,,,,,,,
13,o(/ti,o(/ti,conjunction,Susanna Th,1,10,,,,indicative,,,,
13,a)ri/stou,a)/riston,noun,Susanna Th,1,11,,,,,,,,
13,w(/ra,w(/ra,noun,Susanna Th,1,12,,,,,nominative,singular,feminine,
13,e)sti/n,ei)mi/[1],verb,Susanna Th,1,13,,,,,,,,
13,kai\,kai/,conjunction,Susanna Th,1,14,,,,indicative,,,,
13,e)celqo/ntes,e)c·e/rxomai,verb,Susanna Th,1,15,2.0,,,,,,,
13,diexwri/sqhsan,dia·xwri/zw,verb,Susanna Th,1,16,3.0,aorist,passive,indicative,,plural,,
13,a)p’,a)po/,preposition,Susanna Th,1,17,,,,indicative,,,,
13,a)llh/lwn,a)llh/lwn,pronoun,Susanna Th,1,18,,,,,genitive,plural,,
14,kai\,kai/,conjunction,Susanna Th,1,1,,,,indicative,,,,
14,a)naka/myantes,a)na·ka/mptw,verb,Susanna Th,1,2,,aorist,active,participle,nominative,plural,masculine,
14,h)=lqon,e)/rxomai,verb,Susanna Th,1,3,2.0,,,,,,,
14,e)pi\,e)pi/,preposition,Susanna Th,1,4,,,,indicative,,,,
14,to\,o(,article,Susanna Th,1,5,,,,,nominative,singular,neuter,
14,au)to\,au)to/s,pronoun,Susanna Th,1,6,,,,,nominative,singular,neuter,
14,kai\,kai/,conjunction,Susanna Th,1,7,,,,indicative,,,,
14,a)neta/zontes,a)n·eta/zw,verb,Susanna Th,1,8,,present,active,participle,nominative,plural,masculine,
14,a)llh/lous,a)llh/lwn,pronoun,Susanna Th,1,9,,,,,genitive,plural,,
14,th\n,o(,article,Susanna Th,1,10,,,,,accusative,singular,feminine,
14,ai)ti/an,ai)ti/a,noun,Susanna Th,1,11,,,,,accusative,singular,feminine,
14,w(molo/ghsan,o(mo·loge/w,verb,Susanna Th,1,12,3.0,aorist,active,indicative,,plural,,
14,th\n,o(,article,Susanna Th,1,13,,,,,accusative,singular,feminine,
14,e)piqumi/an,e)pi·qumi/a,noun,Susanna Th,1,14,,,,,accusative,singular,feminine,
14,au)tw=n,au)to/s,pronoun,Susanna Th,1,15,,,,,genitive,plural,feminine,
14,kai\,kai/,conjunction,Susanna Th,1,16,,,,indicative,,,,
14,to/te,to/te,adverb,Susanna Th,1,17,,,,indicative,,,,
14,koinh=|,koino/s,adjective,Susanna Th,1,18,,,,,dative,singular,feminine,
14,suneta/canto,sun·ta/ssw,verb,Susanna Th,1,19,3.0,aorist,middle,indicative,,plural,,
14,kairo\n,kairo/s,noun,Susanna Th,1,20,,,,,,,,
14,o(/te,o(/te,particle,Susanna Th,1,21,,,,indicative,,,,
14,au)th\n,au)to/s,pronoun,Susanna Th,1,22,,,,,accusative,singular,feminine,
14,dunh/sontai,du/na·mai,verb,Susanna Th,1,23,,,,,,,,
14,eu(rei=n,eu(ri/skw,verb,Susanna Th,1,24,2.0,,,,,,,
14,mo/nhn,monh/,noun,Susanna Th,1,25,,,,,accusative,singular,feminine,
15,kai\,kai/,conjunction,Susanna Th,1,1,,,,indicative,,,,
15,e)ge/neto,gi/nomai/gi/gn-,verb,Susanna Th,1,2,2.0,,,,,,,
15,e)n,e)n,preposition,Susanna Th,1,3,,,,indicative,,,,
15,tw=|,o(,article,Susanna Th,1,4,,,,,dative,singular,neuter,
15,parathrei=n,para·thre/w,verb,Susanna Th,1,5,,present,active,infinitive,,,,
15,au)tou\s,au)to/s,pronoun,Susanna Th,1,6,,,,,accusative,plural,masculine,
15,h(me/ran,h(me/ra,noun,Susanna Th,1,7,,,,,accusative,singular,feminine,
15,eu)/qeton,eu)/·qetos,adjective,Susanna Th,1,8,,,,,nominative,singular,neuter,
15,ei)sh=lqe/n,ei)s·e/rxomai,verb,Susanna Th,1,9,2.0,,,,,,,
15,pote,pote/[2],particle,Susanna Th,1,10,,,,indicative,,,,
15,kaqw\s,kaq·w/s,adverb,Susanna Th,1,11,,,,indicative,,,,
15,e)xqe\s,e)xqe/s,adverb,Susanna Th,1,12,,,,,,,,
15,kai\,kai/,conjunction,Susanna Th,1,13,,,,indicative,,,,
15,tri/ths,tri/tos,quantifier,Susanna Th,1,14,,,,,genitive,singular,feminine,
15,h(me/ras,h(me/ra,noun,Susanna Th,1,15,,,,,genitive,singular,feminine,
15,meta\,meta/,preposition,Susanna Th,1,16,,,,indicative,,,,
15,du/o,du/o,quantifier,Susanna Th,1,17,,,,,genitive,,,
15,mo/nwn,monh/,noun,Susanna Th,1,18,,,,,genitive,plural,feminine,
15,korasi/wn,kora/sion,noun,Susanna Th,1,19,,,,,genitive,plural,neuter,
15,kai\,kai/,conjunction,Susanna Th,1,20,,,,indicative,,,,
15,e)pequ/mhse,e)pi·qume/w,verb,Susanna Th,1,21,3.0,aorist,active,indicative,,singular,,
15,lou/sasqai,lou/w,verb,Susanna Th,1,22,,aorist,middle,infinitive,,,,
15,e)n,e)n,preposition,Susanna Th,1,23,,,,indicative,,,,
15,tw=|,o(,article,Susanna Th,1,24,,,,,dative,singular,neuter,
15,paradei/sw|,para/deisos,noun,Susanna Th,1,25,,,,,dative,singular,masculine,
15,o(/ti,o(/ti,conjunction,Susanna Th,1,26,,,,indicative,,,,
15,kau=ma,kau=ma[t],noun,Susanna Th,1,27,,,,,nominative,singular,neuter,
15,h)=n,ei)mi/[1],verb,Susanna Th,1,28,,,,,,,,
16,kai\,kai/,conjunction,Susanna Th,1,1,,,,indicative,,,,
16,ou)k,ou)[2]/ou)k/ou)x,particle,Susanna Th,1,2,,,,indicative,,,,
16,h)=n,ei)mi/[1],verb,Susanna Th,1,3,,,,,,,,
16,ou)dei\s,ou)d·ei/s,quantifier,Susanna Th,1,4,,,,,,,,
16,e)kei=,e)kei=,adverb,Susanna Th,1,5,,,,indicative,,,,
16,plh\n,plh/n,adverb,Susanna Th,1,6,,,,indicative,,,,
16,oi(,o(,article,Susanna Th,1,7,,,,,nominative,plural,masculine,
16,du/o,du/o,quantifier,Susanna Th,1,8,,,,,genitive,,,
16,presbu/teroi,presbu/·teros,adjective,Susanna Th,1,9,,,middle,,,,,comparative
16,kekrumme/noi,kru/ptw/kru/bw,verb,Susanna Th,1,10,,perfect,middle,participle,nominative,plural,masculine,
16,kai\,kai/,conjunction,Susanna Th,1,11,,,,indicative,,,,
16,parathrou=ntes,para·thre/w,verb,Susanna Th,1,12,,present,active,participle,nominative,plural,masculine,
16,au)th/n,au)to/s,pronoun,Susanna Th,1,13,,,,,accusative,singular,feminine,
17,kai\,kai/,conjunction,Susanna Th,1,1,,,,indicative,,,,
17,ei)=pen,le/gw,verb,Susanna Th,1,2,2.0,,,,,,,
17,toi=s,o(,article,Susanna Th,1,3,,,,,dative,plural,neuter,
17,korasi/ois,kora/sion,noun,Susanna Th,1,4,,,,,dative,plural,neuter,
17,e)ne/gkate,fe/rw,verb,Susanna Th,1,5,2.0,,,,,,,
17,dh/,dh/,particle,Susanna Th,1,6,,,,indicative,,,,
17,moi,e)gw/,pronoun,Susanna Th,1,7,,,,,dative,singular,,
17,e)/laion,e)/laion,noun,Susanna Th,1,8,,,,,nominative,singular,neuter,
17,kai\,kai/,conjunction,Susanna Th,1,9,,,,indicative,,,,
17,kai\,kai/,conjunction,Susanna Th,1,10,,,,indicative,,,,
17,ta\s,o(,article,Susanna Th,1,11,,,,,accusative,plural,feminine,
17,qu/ras,qu/ra,noun,Susanna Th,1,12,,,,,genitive,singular,feminine,
17,tou=,o(,article,Susanna Th,1,13,,,,,genitive,singular,neuter,
17,paradei/sou,para/deisos,noun,Susanna Th,1,14,,,,,genitive,singular,masculine,
17,klei/sate,klei/w,verb,Susanna Th,1,15,2.0,aorist,active,imperative,,plural,,
17,o(/pws,o(/pws,adverb,Susanna Th,1,16,,,,indicative,,,,
17,lou/swmai,lou/w,verb,Susanna Th,1,17,1.0,aorist,middle,subjunctive,,singular,,
18,kai\,kai/,conjunction,Susanna Th,1,1,,,,indicative,,,,
18,e)poi/hsan,poie/w,verb,Susanna Th,1,2,3.0,aorist,active,indicative,,plural,,
18,kaqw\s,kaq·w/s,adverb,Susanna Th,1,3,,,,indicative,,,,
18,ei)=pen,le/gw,verb,Susanna Th,1,4,2.0,,,,,,,
18,kai\,kai/,conjunction,Susanna Th,1,5,,,,indicative,,,,
18,a)pe/kleisan,a)po·klei/w,verb,Susanna Th,1,6,3.0,aorist,active,indicative,,plural,,
18,ta\s,o(,article,Susanna Th,1,7,,,,,accusative,plural,feminine,
18,qu/ras,qu/ra,noun,Susanna Th,1,8,,,,,genitive,singular,feminine,
18,tou=,o(,article,Susanna Th,1,9,,,,,genitive,singular,neuter,
18,paradei/sou,para/deisos,noun,Susanna Th,1,10,,,,,genitive,singular,masculine,
18,kai\,kai/,conjunction,Susanna Th,1,11,,,,indicative,,,,
18,e)ch=lqan,e)c·e/rxomai,verb,Susanna Th,1,12,2.0,,,,,,,
18,kata\,kata/,preposition,Susanna Th,1,13,,,,indicative,,,,
18,ta\s,o(,article,Susanna Th,1,14,,,,,accusative,plural,feminine,
18,qu/ras,qu/ra,noun,Susanna Th,1,15,,,,,genitive,singular,feminine,
18,e)ne/gkai,fe/rw,verb,Susanna Th,1,16,2.0,,,,,,,
18,ta\,o(,article,Susanna Th,1,17,,,,,nominative,plural,neuter,
18,prostetagme/na,pros·ta/ssw/-ta/ttw,verb,Susanna Th,1,18,,perfect,middle,participle,nominative,plural,neuter,
18,au)tai=s,au)to/s,pronoun,Susanna Th,1,19,,,,,dative,plural,feminine,
18,kai\,kai/,conjunction,Susanna Th,1,20,,,,indicative,,,,
18,ou)k,ou)[2]/ou)k/ou)x,particle,Susanna Th,1,21,,,,indicative,,,,
18,ei)/dosan,o(ra/w,verb,Susanna Th,1,22,,,,,,,,
18,tou\s,o(,article,Susanna Th,1,23,,,,,accusative,plural,masculine,
18,presbute/rous,presbu/·teros,adjective,Susanna Th,1,24,,,middle,,,,,comparative
18,o(/ti,o(/ti,conjunction,Susanna Th,1,25,,,,indicative,,,,
18,h)=san,ei)mi/[1],verb,Susanna Th,1,26,,,,,,,,
18,kekrumme/noi,kru/ptw/kru/bw,verb,Susanna Th,1,27,,perfect,middle,participle,nominative,plural,masculine,
19,kai\,kai/,conjunction,Susanna Th,1,1,,,,indicative,,,,
19,e)ge/neto,gi/nomai/gi/gn-,verb,Susanna Th,1,2,2.0,,,,,,,
19,w(s,w(s,adverb,Susanna Th,1,3,,,,indicative,,,,
19,e)ch/lqosan,e)c·e/rxomai,verb,Susanna Th,1,4,2.0,,,,,,,
19,ta\,o(,article,Susanna Th,1,5,,,,,nominative,plural,neuter,
19,kora/sia,kora/sion,noun,Susanna Th,1,6,,,,,nominative,plural,neuter,
19,kai\,kai/,conjunction,Susanna Th,1,7,,,,indicative,,,,
19,a)ne/sthsan,a)n·i/sthmi,verb,Susanna Th,1,8,,,,,,,,
19,oi(,o(,article,Susanna Th,1,9,,,,,nominative,plural,masculine,
19,du/o,du/o,quantifier,Susanna Th,1,10,,,,,genitive,,,
19,presbu=tai,presbu/ths,noun,Susanna Th,1,11,,,,,nominative,plural,masculine,
19,kai\,kai/,conjunction,Susanna Th,1,12,,,,indicative,,,,
19,au)th=|,au)to/s,pronoun,Susanna Th,1,13,,,,,dative,singular,feminine,
20,kai\,kai/,conjunction,Susanna Th,1,1,,,,indicative,,,,
20,ei)=pon,le/gw,verb,Susanna Th,1,2,2.0,,,,,,,
20,i)dou\,o(ra/w,verb,Susanna Th,1,3,,,,,,,,
20,ai(,o(,article,Susanna Th,1,4,,,,,nominative,plural,feminine,
20,qu/rai,qu/ra,noun,Susanna Th,1,5,,,,,nominative,plural,feminine,
20,tou=,o(,article,Susanna Th,1,6,,,,,genitive,singular,neuter,
20,paradei/sou,para/deisos,noun,Susanna Th,1,7,,,,,genitive,singular,masculine,
20,ke/kleintai,klei/w,verb,Susanna Th,1,8,,,,,,,,
20,kai\,kai/,conjunction,Susanna Th,1,9,,,,indicative,,,,
20,ou)dei\s,ou)d·ei/s,quantifier,Susanna Th,1,10,,,,,,,,
20,qewrei=,qewre/w,verb,Susanna Th,1,11,3.0,present,active,indicative,,singular,,
20,h(ma=s,e)gw/,pronoun,Susanna Th,1,12,,,,,accusative,plural,,
20,kai\,kai/,conjunction,Susanna Th,1,13,,,,indicative,,,,
20,e)n,e)n,preposition,Susanna Th,1,14,,,,indicative,,,,
20,e)piqumi/a|,e)pi·qumi/a,noun,Susanna Th,1,15,,,,,dative,singular,feminine,
20,sou/,su/,pronoun,Susanna Th,1,16,,,,,genitive,singular,,
20,e)smen,ei)mi/[1],verb,Susanna Th,1,17,,,,,,,,
20,dio\,dio/,conjunction,Susanna Th,1,18,,,,indicative,,,,
20,sugkata/qou,sug·kata·ti/qhmi,verb,Susanna Th,1,19,2.0,,,,,,,
20,h(mi=n,e)gw/,pronoun,Susanna Th,1,20,,,,,dative,plural,,
20,kai\,kai/,conjunction,Susanna Th,1,21,,,,indicative,,,,
20,genou=,gi/nomai/gi/gn-,verb,Susanna Th,1,22,2.0,,,,,,,
20,meq’,meta/,preposition,Susanna Th,1,23,,,,indicative,,,,
20,h(mw=n,e)gw/,pronoun,Susanna Th,1,24,,,,,genitive,plural,,
21,ei),ei),particle,Susanna Th,1,1,,,,indicative,,,,
21,de\,de/,particle,Susanna Th,1,2,,,,indicative,,,,
21,mh/,mh/,particle,Susanna Th,1,3,,,,indicative,,,,
21,katamarturh/some/n,kata·marture/w,verb,Susanna Th,1,4,1.0,future,active,indicative,,plural,,
21,sou,su/,pronoun,Susanna Th,1,5,,,,,genitive,singular,,
21,o(/ti,o(/ti,conjunction,Susanna Th,1,6,,,,indicative,,,,
21,h)=n,ei)mi/[1],verb,Susanna Th,1,7,,,,,,,,
21,meta\,meta/,preposition,Susanna Th,1,8,,,,indicative,,,,
21,sou=,su/,pronoun,Susanna Th,1,9,,,,,genitive,singular,,
21,neani/skos,neani/skos,noun,Susanna Th,1,10,,,,,vocative,plural,,
21,kai\,kai/,conjunction,Susanna Th,1,11,,,,indicative,,,,
21,dia\,dia/,preposition,Susanna Th,1,12,,,,indicative,,,,
21,tou=to,ou(=tos,determiner,Susanna Th,1,13,,,,,nominative,singular,neuter,
21,e)cape/steilas,e)c·apo·ste/llw,verb,Susanna Th,1,14,2.0,aorist,active,indicative,,singular,,
21,ta\,o(,article,Susanna Th,1,15,,,,,nominative,plural,neuter,
21,kora/sia,kora/sion,noun,Susanna Th,1,16,,,,,nominative,plural,neuter,
21,a)po\,a)po/,preposition,Susanna Th,1,17,,,,indicative,,,,
21,sou=,su/,pronoun,Susanna Th,1,18,,,,,genitive,singular,,
22,kai\,kai/,conjunction,Susanna Th,1,1,,,,indicative,,,,
22,a)neste/nacen,a)na·stena/zw,verb,Susanna Th,1,2,3.0,aorist,active,indicative,,singular,,
22,*sousanna,*sousa/nna,noun,Susanna Th,1,3,,,,,nominative,singular,feminine,
22,kai\,kai/,conjunction,Susanna Th,1,4,,,,indicative,,,,
22,ei)=pen,le/gw,verb,Susanna Th,1,5,2.0,,,,,,,
22,stena/,steno/s,adjective,Susanna Th,1,6,,,,,nominative,plural,neuter,
22,moi,e)gw/,pronoun,Susanna Th,1,7,,,,,dative,singular,,
22,pa/ntoqen,pa/nto·qen,adverb,Susanna Th,1,8,,,,indicative,,,,
22,e)a/n,e)a/n,particle,Susanna Th,1,9,,,,indicative,,,,
22,te,te/,particle,Susanna Th,1,10,,,,indicative,,,,
22,ga\r,ga/r,conjunction,Susanna Th,1,11,,,,indicative,,,,
22,tou=to,ou(=tos,determiner,Susanna Th,1,12,,,,,nominative,singular,neuter,
22,pra/cw,pra/ssw/pra/ttw,verb,Susanna Th,1,13,1.0,future,active,indicative,,singular,,
22,qa/nato/s,qa/natos,noun,Susanna Th,1,14,,,,,nominative,singular,masculine,
22,moi/,e)gw/,pronoun,Susanna Th,1,15,,,,,dative,singular,,
22,e)stin,ei)mi/[1],verb,Susanna Th,1,16,,,,,,,,
22,e)a/n,e)a/n,particle,Susanna Th,1,17,,,,indicative,,,,
22,te,te/,particle,Susanna Th,1,18,,,,indicative,,,,
22,mh\,mh/,particle,Susanna Th,1,19,,,,indicative,,,,
22,pra/cw,pra/ssw/pra/ttw,verb,Susanna Th,1,20,1.0,future,active,indicative,,singular,,
22,ou)k,ou)[2]/ou)k/ou)x,particle,Susanna Th,1,21,,,,indicative,,,,
22,e)kfeu/comai,e)k·feu/gw,verb,Susanna Th,1,22,2.0,,,,,,,
22,ta\s,o(,article,Susanna Th,1,23,,,,,accusative,plural,feminine,
22,xei=ras,xei/r,noun,Susanna Th,1,24,,,,,dative,plural,,
22,u(mw=n,su/,pronoun,Susanna Th,1,25,,,,,genitive,plural,,
23,moi/,e)gw/,pronoun,Susanna Th,1,1,,,,,dative,singular,,
23,e)stin,ei)mi/[1],verb,Susanna Th,1,2,,,,,,,,
23,mh\,mh/,particle,Susanna Th,1,3,,,,indicative,,,,
23,pra/casan,pra/ssw/pra/ttw,verb,Susanna Th,1,4,,aorist,active,participle,accusative,singular,feminine,
23,e)mpesei=n,e)m·pi/ptw,verb,Susanna Th,1,5,2.0,,,,,,,
23,ei)s,ei)s[1],preposition,Susanna Th,1,6,,,,indicative,,,,
23,ta\s,o(,article,Susanna Th,1,7,,,,,accusative,plural,feminine,
23,xei=ras,xei/r,noun,Susanna Th,1,8,,,,,dative,plural,,
23,u(mw=n,su/,pronoun,Susanna Th,1,9,,,,,genitive,plural,,
23,h)\,h)/[1],particle,Susanna Th,1,10,,,,indicative,,,,
23,a(martei=n,a(·marta/nw,verb,Susanna Th,1,11,2.0,,,,,,,
23,e)nw/pion,e)n·w/pion,preposition;,Susanna Th,1,12,,,,,,,,
23,kuri/ou,ku/rios[2],noun,Susanna Th,1,13,,,,,vocative,plural,,
24,kai\,kai/,conjunction,Susanna Th,1,1,,,,indicative,,,,
24,a)nebo/hsen,a)na·boa/w,verb,Susanna Th,1,2,3.0,aorist,active,indicative,,singular,,
24,fwnh=|,fwnh/,noun,Susanna Th,1,3,,,,,dative,singular,feminine,
24,mega/lh|,me/g[al]as,adjective,Susanna Th,1,4,,,,,dative,singular,feminine,
24,*sousanna,*sousa/nna,noun,Susanna Th,1,5,,,,,nominative,singular,feminine,
24,e)bo/hsan,boa/w,verb,Susanna Th,1,6,3.0,aorist,active,indicative,,plural,,
24,de\,de/,particle,Susanna Th,1,7,,,,indicative,,,,
24,kai\,kai/,conjunction,Susanna Th,1,8,,,,indicative,,,,
24,oi(,o(,article,Susanna Th,1,9,,,,,nominative,plural,masculine,
24,du/o,du/o,quantifier,Susanna Th,1,10,,,,,genitive,,,
24,presbu=tai,presbu/ths,noun,Susanna Th,1,11,,,,,nominative,plural,masculine,
24,kate/nanti,kat·e/n·anti,preposition,Susanna Th,1,12,,,,indicative,,,,
24,au)th=s,au)to/s,pronoun,Susanna Th,1,13,,,,,genitive,singular,feminine,
25,kai\,kai/,conjunction,Susanna Th,1,1,,,,indicative,,,,
25,dramw\n,tre/xw,verb,Susanna Th,1,2,2.0,,,,,,,
25,o(,o(,article,Susanna Th,1,3,,,,,nominative,singular,masculine,
25,ei(=s,ei(=s[2],quantifier,Susanna Th,1,4,,,,,genitive,singular,,
25,h)/noicen,a)n·oi/gw,verb,Susanna Th,1,5,3.0,aorist,active,indicative,,singular,,
25,ta\s,o(,article,Susanna Th,1,6,,,,,accusative,plural,feminine,
25,qu/ras,qu/ra,noun,Susanna Th,1,7,,,,,genitive,singular,feminine,
25,tou=,o(,article,Susanna Th,1,8,,,,,genitive,singular,neuter,
25,paradei/sou,para/deisos,noun,Susanna Th,1,9,,,,,genitive,singular,masculine,
26,w(s,w(s,adverb,Susanna Th,1,1,,,,indicative,,,,
26,de\,de/,particle,Susanna Th,1,2,,,,indicative,,,,
26,h)/kousan,h(/kw,verb;,Susanna Th,1,3,,present,active,participle,accusative,singular,feminine,
26,th\n,o(,article,Susanna Th,1,4,,,,,accusative,singular,feminine,
26,kraugh\n,kraugh/,noun,Susanna Th,1,5,,,,,accusative,singular,feminine,
26,e)n,e)n,preposition,Susanna Th,1,6,,,,indicative,,,,
26,tw=|,o(,article,Susanna Th,1,7,,,,,dative,singular,neuter,
26,paradei/sw|,para/deisos,noun,Susanna Th,1,8,,,,,dative,singular,masculine,
26,oi(,o(,article,Susanna Th,1,9,,,,,nominative,plural,masculine,
26,e)k,e)k,preposition,Susanna Th,1,10,,,,indicative,,,,
26,th=s,o(,article,Susanna Th,1,11,,,,,genitive,singular,feminine,
26,oi)ki/as,oi)ki/a,noun,Susanna Th,1,12,,,,,,,,
26,ei)seph/dhsan,ei)s·phda/w,verb,Susanna Th,1,13,3.0,aorist,active,indicative,,plural,,
26,dia\,dia/,preposition,Susanna Th,1,14,,,,indicative,,,,
26,th=s,o(,article,Susanna Th,1,15,,,,,genitive,singular,feminine,
26,qu/ras,qu/ra,noun,Susanna Th,1,16,,,,,genitive,singular,feminine,
26,i)dei=n,o(ra/w,verb,Susanna Th,1,17,,,,,,,,
26,to\,o(,article,Susanna Th,1,18,,,,,nominative,singular,neuter,
26,sumbebhko\s,sum·bai/nw,verb,Susanna Th,1,19,2.0,,,,,,,
26,au)th=|,au)to/s,pronoun,Susanna Th,1,20,,,,,dative,singular,feminine,
27,h(ni/ka,h(ni/ka,adverb,Susanna Th,1,1,,,,indicative,,,,
27,de\,de/,particle,Susanna Th,1,2,,,,indicative,,,,
27,ei)=pan,le/gw,verb,Susanna Th,1,3,2.0,,,,,,,
27,oi(,o(,article,Susanna Th,1,4,,,,,nominative,plural,masculine,
27,presbu=tai,presbu/ths,noun,Susanna Th,1,5,,,,,nominative,plural,masculine,
27,tou\s,o(,article,Susanna Th,1,6,,,,,accusative,plural,masculine,
27,lo/gous,lo/gos,noun,Susanna Th,1,7,,,,,accusative,plural,masculine,
27,au)tw=n,au)to/s,pronoun,Susanna Th,1,8,,,,,genitive,plural,feminine,
27,kath|sxu/nqhsan,kat·aisxu/nw,verb,Susanna Th,1,9,,,,,,,,
27,oi(,o(,article,Susanna Th,1,10,,,,,nominative,plural,masculine,
27,dou=loi,dou=los[2],noun,Susanna Th,1,11,,,,,nominative,plural,masculine,
27,sfo/dra,sfo/dra,adverb,Susanna Th,1,12,,,,indicative,,,,
27,o(/ti,o(/ti,conjunction,Susanna Th,1,13,,,,indicative,,,,
27,pw/pote,pw/pote,adverb,Susanna Th,1,14,,,,indicative,,,,
27,ou)k,ou)[2]/ou)k/ou)x,particle,Susanna Th,1,15,,,,indicative,,,,
27,e)rre/qh,le/gw,verb,Susanna Th,1,16,2.0,,,,,,,
27,lo/gos,lo/gos,noun,Susanna Th,1,17,,,,,nominative,singular,masculine,
27,toiou=tos,toi·ou=tos,determiner,Susanna Th,1,18,,,,,nominative,singular,masculine,
27,peri\,peri/,preposition,Susanna Th,1,19,,,,indicative,,,,
27,*sousannhs,*sousa/nna,noun,Susanna Th,1,20,,,,,genitive,singular,feminine,
28,kai\,kai/,conjunction,Susanna Th,1,1,,,,indicative,,,,
28,e)ge/neto,gi/nomai/gi/gn-,verb,Susanna Th,1,2,2.0,,,,,,,
28,th=|,o(,article,Susanna Th,1,3,,,,,dative,singular,feminine,
28,e)pau/rion,e)p·au/rion,adverb,Susanna Th,1,4,,,,indicative,,,,
28,w(s,w(s,adverb,Susanna Th,1,5,,,,indicative,,,,
28,sunh=lqen,sun·e/rxomai,verb,Susanna Th,1,6,2.0,,,,,,,
28,o(,o(,article,Susanna Th,1,7,,,,,nominative,singular,masculine,
28,lao\s,lao/s,noun,Susanna Th,1,8,,,,,nominative,singular,masculine,
28,pro\s,pro/s,preposition,Susanna Th,1,9,,,,indicative,,,,
28,to\n,o(,article,Susanna Th,1,10,,,,,accusative,singular,masculine,
28,a)/ndra,a)nh/r,noun,Susanna Th,1,11,,,,,vocative,singular,,
28,au)th=s,au)to/s,pronoun,Susanna Th,1,12,,,,,genitive,singular,feminine,
28,h)=lqon,e)/rxomai,verb,Susanna Th,1,13,2.0,,,,,,,
28,oi(,o(,article,Susanna Th,1,14,,,,,nominative,plural,masculine,
28,du/o,du/o,quantifier,Susanna Th,1,15,,,,,genitive,,,
28,presbu=tai,presbu/ths,noun,Susanna Th,1,16,,,,,nominative,plural,masculine,
28,plh/reis,plh/rhs,adjective,Susanna Th,1,17,,,,,nominative,plural,masculine,
28,th=s,o(,article,Susanna Th,1,18,,,,,genitive,singular,feminine,
28,a)no/mou,a)/·nomos,adjective,Susanna Th,1,19,,,,,genitive,singular,neuter,
28,e)nnoi/as,e)/n·noia,noun,Susanna Th,1,20,,,,,genitive,singular,feminine,
28,kata\,kata/,preposition,Susanna Th,1,21,,,,indicative,,,,
28,*sousannhs,*sousa/nna,noun,Susanna Th,1,22,,,,,genitive,singular,feminine,
28,tou=,o(,article,Susanna Th,1,23,,,,,genitive,singular,neuter,
28,qanatw=sai,qanato/w,verb,Susanna Th,1,24,,aorist,active,infinitive,,,,
28,au)th\n,au)to/s,pronoun,Susanna Th,1,25,,,,,accusative,singular,feminine,
29,kai\,kai/,conjunction,Susanna Th,1,1,,,,indicative,,,,
29,ei)=pan,le/gw,verb,Susanna Th,1,2,2.0,,,,,,,
29,e)/mprosqen,e)/m·pros·qen/-qe,adverb,Susanna Th,1,3,,,,indicative,,,,
29,tou=,o(,article,Susanna Th,1,4,,,,,genitive,singular,neuter,
29,laou=,lao/s,noun,Susanna Th,1,5,,,,,genitive,singular,masculine,
29,a)postei/late,a)po·ste/llw,verb,Susanna Th,1,6,2.0,aorist,active,imperative,,plural,,
29,e)pi\,e)pi/,preposition,Susanna Th,1,7,,,,indicative,,,,
29,*sousannan,*sousa/nna,noun,Susanna Th,1,8,,,,,accusative,singular,feminine,
29,qugate/ra,quga/thr,noun,Susanna Th,1,9,,,,,vocative,singular,,
29,h(/,o(/s,pronoun,Susanna Th,1,10,,,,,nominative,singular,feminine,
29,e)stin,ei)mi/[1],verb,Susanna Th,1,11,,,,,,,,
29,gunh\,gunh/,noun,Susanna Th,1,12,,,,,vocative,singular,,
29,oi(,o(,article,Susanna Th,1,13,,,,,nominative,plural,masculine,
29,de\,de/,particle,Susanna Th,1,14,,,,indicative,,,,
29,a)pe/steilan,a)po·ste/llw,verb,Susanna Th,1,15,3.0,aorist,active,indicative,,plural,,
30,kai\,kai/,conjunction,Susanna Th,1,1,,,,indicative,,,,
30,h)=lqen,e)/rxomai,verb,Susanna Th,1,2,2.0,,,,,,,
30,au)th\,au)to/s,pronoun,Susanna Th,1,3,,,,,nominative,singular,feminine,
30,kai\,kai/,conjunction,Susanna Th,1,4,,,,indicative,,,,
30,oi(,o(,article,Susanna Th,1,5,,,,,nominative,plural,masculine,
30,gonei=s,goneu/s,noun,Susanna Th,1,6,,,,,nominative,plural,masculine,
30,au)th=s,au)to/s,pronoun,Susanna Th,1,7,,,,,genitive,singular,feminine,
30,kai\,kai/,conjunction,Susanna Th,1,8,,,,indicative,,,,
30,ta\,o(,article,Susanna Th,1,9,,,,,nominative,plural,neuter,
30,te/kna,te/knon,noun,Susanna Th,1,10,,,,,vocative,singular,,
30,au)th=s,au)to/s,pronoun,Susanna Th,1,11,,,,,genitive,singular,feminine,
30,kai\,kai/,conjunction,Susanna Th,1,12,,,,indicative,,,,
30,pa/ntes,pa=[nt]s,quantifier,Susanna Th,1,13,,,,,genitive,singular,,
30,oi(,o(,article,Susanna Th,1,14,,,,,nominative,plural,masculine,
30,suggenei=s,sug·genh/s,adjective,Susanna Th,1,15,,,,,dative,plural,,
30,au)th=s,au)to/s,pronoun,Susanna Th,1,16,,,,,genitive,singular,feminine,
31,h(,o(,article,Susanna Th,1,1,,,,,nominative,singular,feminine,
31,de\,de/,particle,Susanna Th,1,2,,,,indicative,,,,
31,*sousanna,*sousa/nna,noun,Susanna Th,1,3,,,,,nominative,singular,feminine,
31,h)=n,ei)mi/[1],verb,Susanna Th,1,4,,,,,,,,
31,sfo/dra,sfo/dra,adverb,Susanna Th,1,5,,,,indicative,,,,
31,kai\,kai/,conjunction,Susanna Th,1,6,,,,indicative,,,,
31,kalh\,kalo/s,adjective,Susanna Th,1,7,,,,,,,,
31,tw=|,o(,article,Susanna Th,1,8,,,,,dative,singular,neuter,
31,ei)/dei,ei)=do·s,noun,Susanna Th,1,9,,,,,dative,singular,neuter,
32,oi(,o(,article,Susanna Th,1,1,,,,,nominative,plural,masculine,
32,de\,de/,particle,Susanna Th,1,2,,,,indicative,,,,
32,para/nomoi,para·nome/w/par·a·nome/w,verb,Susanna Th,1,3,3.0,present,active,optative,,singular,,
32,e)ke/leusan,keleu/w,verb,Susanna Th,1,4,3.0,aorist,active,indicative,,plural,,
32,a)pokalufqh=nai,a)po·kalu/ptw,verb,Susanna Th,1,5,,aorist,passive,infinitive,,,,
32,au)th/n,au)to/s,pronoun,Susanna Th,1,6,,,,,accusative,singular,feminine,
32,h)=n,ei)mi/[1],verb,Susanna Th,1,7,,,,,,,,
32,ga\r,ga/r,conjunction,Susanna Th,1,8,,,,indicative,,,,
32,katakekalumme/nh,kata·kalu/ptw,verb,Susanna Th,1,9,,perfect,middle,participle,nominative,singular,feminine,
32,o(/pws,o(/pws,adverb,Susanna Th,1,10,,,,indicative,,,,
32,e)mplhsqw=sin,e)m·pi/mplhmi/-pi/p-,verb,Susanna Th,1,11,,,,,,,,
32,tou=,o(,article,Susanna Th,1,12,,,,,genitive,singular,neuter,
32,au)th=s,au)to/s,pronoun,Susanna Th,1,13,,,,,genitive,singular,feminine,
33,e)/klaion,klai/w,verb,Susanna Th,1,1,1.0,imperfect,middle,imperative,,singular,,
33,de\,de/,particle,Susanna Th,1,2,,,,indicative,,,,
33,oi(,o(,article,Susanna Th,1,3,,,,,nominative,plural,masculine,
33,par’,para/,preposition,Susanna Th,1,4,,,,indicative,,,,
33,au)th=s,au)to/s,pronoun,Susanna Th,1,5,,,,,genitive,singular,feminine,
33,kai\,kai/,conjunction,Susanna Th,1,6,,,,indicative,,,,
33,pa/ntes,pa=[nt]s,quantifier,Susanna Th,1,7,,,,,genitive,singular,,
33,oi(,o(,article,Susanna Th,1,8,,,,,nominative,plural,masculine,
33,i)do/ntes,o(ra/w,verb,Susanna Th,1,9,,,,,,,,
33,au)th/n,au)to/s,pronoun,Susanna Th,1,10,,,,,accusative,singular,feminine,
34,a)nasta/ntes,a)n·i/sthmi,verb,Susanna Th,1,1,,,,,,,,
34,de\,de/,particle,Susanna Th,1,2,,,,indicative,,,,
34,oi(,o(,article,Susanna Th,1,3,,,,,nominative,plural,masculine,
34,du/o,du/o,quantifier,Susanna Th,1,4,,,,,genitive,,,
34,presbu=tai,presbu/ths,noun,Susanna Th,1,5,,,,,nominative,plural,masculine,
34,e)n,e)n,preposition,Susanna Th,1,6,,,,indicative,,,,
34,me/sw|,me/sos,adjective,Susanna Th,1,7,,,,,dative,singular,neuter,
34,tw=|,o(,article,Susanna Th,1,8,,,,,dative,singular,neuter,
34,law=|,lao/s,noun,Susanna Th,1,9,,,,,dative,singular,masculine,
34,e)/qhkan,ti/qhmi,verb,Susanna Th,1,10,,,,,,,,
34,ta\s,o(,article,Susanna Th,1,11,,,,,accusative,plural,feminine,
34,xei=ras,xei/r,noun,Susanna Th,1,12,,,,,dative,plural,,
34,e)pi\,e)pi/,preposition,Susanna Th,1,13,,,,indicative,,,,
34,th\n,o(,article,Susanna Th,1,14,,,,,accusative,singular,feminine,
34,kefalh\n,kefalh/,noun,Susanna Th,1,15,,,,,accusative,singular,feminine,
34,au)th=s,au)to/s,pronoun,Susanna Th,1,16,,,,,genitive,singular,feminine,
35,h(,o(,article,Susanna Th,1,1,,,,,nominative,singular,feminine,
35,de\,de/,particle,Susanna Th,1,2,,,,indicative,,,,
35,klai/ousa,klai/w,verb,Susanna Th,1,3,,present,active,participle,nominative,singular,feminine,
35,a)ne/bleyen,a)na·ble/pw,verb,Susanna Th,1,4,3.0,aorist,active,indicative,,singular,,
35,ei)s,ei)s[1],preposition,Susanna Th,1,5,,,,indicative,,,,
35,to\n,o(,article,Susanna Th,1,6,,,,,accusative,singular,masculine,
35,ou)rano/n,ou)rano/s,noun,Susanna Th,1,7,,,,,vocative,plural,,
35,o(/ti,o(/ti,conjunction,Susanna Th,1,8,,,,indicative,,,,
35,h)=n,ei)mi/[1],verb,Susanna Th,1,9,,,,,,,,
35,h(,o(,article,Susanna Th,1,10,,,,,nominative,singular,feminine,
35,kardi/a,kardi/a,noun,Susanna Th,1,11,,,,,nominative,singular,feminine,
35,au)th=s,au)to/s,pronoun,Susanna Th,1,12,,,,,genitive,singular,feminine,
35,pepoiqui=a,pei/qw,verb,Susanna Th,1,13,,perfect,active,participle,nominative,singular,feminine,
35,e)pi\,e)pi/,preposition,Susanna Th,1,14,,,,indicative,,,,
35,tw=|,o(,article,Susanna Th,1,15,,,,,dative,singular,neuter,
35,kuri/w|,ku/rios[2],noun,Susanna Th,1,16,,,,,vocative,plural,,
36,ei)=pan,le/gw,verb,Susanna Th,1,1,2.0,,,,,,,
36,de\,de/,particle,Susanna Th,1,2,,,,indicative,,,,
36,oi(,o(,article,Susanna Th,1,3,,,,,nominative,plural,masculine,
36,presbu=tai,presbu/ths,noun,Susanna Th,1,4,,,,,nominative,plural,masculine,
36,peripatou/ntwn,peri·pate/w,verb,Susanna Th,1,5,3.0,present,active,imperative,,plural,,
36,h(mw=n,e)gw/,pronoun,Susanna Th,1,6,,,,,genitive,plural,,
36,e)n,e)n,preposition,Susanna Th,1,7,,,,indicative,,,,
36,tw=|,o(,article,Susanna Th,1,8,,,,,dative,singular,neuter,
36,paradei/sw|,para/deisos,noun,Susanna Th,1,9,,,,,dative,singular,masculine,
36,mo/nwn,monh/,noun,Susanna Th,1,10,,,,,genitive,plural,feminine,
36,ei)sh=lqen,ei)s·e/rxomai,verb,Susanna Th,1,11,2.0,,,,,,,
36,au(/th,ou(=tos,determiner,Susanna Th,1,12,,,,,nominative,singular,feminine,
36,meta\,meta/,preposition,Susanna Th,1,13,,,,indicative,,,,
36,du/o,du/o,quantifier,Susanna Th,1,14,,,,,genitive,,,
36,paidiskw=n,paidi/skh,noun,Susanna Th,1,15,,,,,,,,
36,kai\,kai/,conjunction,Susanna Th,1,16,,,,indicative,,,,
36,a)pe/kleisen,a)po·klei/w,verb,Susanna Th,1,17,3.0,aorist,active,indicative,,singular,,
36,ta\s,o(,article,Susanna Th,1,18,,,,,accusative,plural,feminine,
36,qu/ras,qu/ra,noun,Susanna Th,1,19,,,,,genitive,singular,feminine,
36,tou=,o(,article,Susanna Th,1,20,,,,,genitive,singular,neuter,
36,paradei/sou,para/deisos,noun,Susanna Th,1,21,,,,,genitive,singular,masculine,
36,kai\,kai/,conjunction,Susanna Th,1,22,,,,indicative,,,,
36,a)pe/lusen,a)po·lu/w,verb,Susanna Th,1,23,3.0,aorist,active,indicative,,singular,,
36,ta\s,o(,article,Susanna Th,1,24,,,,,accusative,plural,feminine,
36,paidi/skas,paidi/skh,noun,Susanna Th,1,25,,,,,,,,
37,kai\,kai/,conjunction,Susanna Th,1,1,,,,indicative,,,,
37,h)=lqen,e)/rxomai,verb,Susanna Th,1,2,2.0,,,,,,,
37,pro\s,pro/s,preposition,Susanna Th,1,3,,,,indicative,,,,
37,au)th\n,au)to/s,pronoun,Susanna Th,1,4,,,,,accusative,singular,feminine,
37,neani/skos,neani/skos,noun,Susanna Th,1,5,,,,,vocative,plural,,
37,o(\s,o(/s,pronoun,Susanna Th,1,6,,,,,nominative,singular,masculine,
37,h)=n,ei)mi/[1],verb,Susanna Th,1,7,,,,,,,,
37,kekrumme/nos,kru/ptw/kru/bw,verb,Susanna Th,1,8,,perfect,middle,participle,nominative,singular,masculine,
37,kai\,kai/,conjunction,Susanna Th,1,9,,,,indicative,,,,
37,a)ne/pese,a)na·pi/ptw,verb,Susanna Th,1,10,2.0,,,,,,,
37,met’,meta/,preposition,Susanna Th,1,11,,,,indicative,,,,
37,au)th=s,au)to/s,pronoun,Susanna Th,1,12,,,,,genitive,singular,feminine,
38,h(mei=s,e)gw/,pronoun,Susanna Th,1,1,,,,,nominative,plural,,
38,de\,de/,particle,Susanna Th,1,2,,,,indicative,,,,
38,o)/ntes,ei)mi/[1],verb,Susanna Th,1,3,,,,,,,,
38,e)n,e)n,preposition,Susanna Th,1,4,,,,indicative,,,,
38,th=|,o(,article,Susanna Th,1,5,,,,,dative,singular,feminine,
38,gwni/a|,gwni/a,noun,Susanna Th,1,6,,,,,dative,singular,feminine,
38,tou=,o(,article,Susanna Th,1,7,,,,,genitive,singular,neuter,
38,paradei/sou,para/deisos,noun,Susanna Th,1,8,,,,,genitive,singular,masculine,
38,i)do/ntes,o(ra/w,verb,Susanna Th,1,9,,,,,,,,
38,th\n,o(,article,Susanna Th,1,10,,,,,accusative,singular,feminine,
38,a)nomi/an,a)·nomi/a,noun,Susanna Th,1,11,,,,,accusative,singular,feminine,
38,e)dra/momen,tre/xw,verb,Susanna Th,1,12,2.0,,,,,,,
38,e)p’,e)pi/,preposition,Susanna Th,1,13,,,,indicative,,,,
38,au)tou/s,au)to/s,pronoun,Susanna Th,1,14,,,,,accusative,plural,masculine,
39,kai\,kai/,conjunction,Susanna Th,1,1,,,,indicative,,,,
39,i)do/ntes,o(ra/w,verb,Susanna Th,1,2,,,,,,,,
39,sugginome/nous,sug·gi/nomai,verb,Susanna Th,1,3,,,,,,,,
39,au)tou\s,au)to/s,pronoun,Susanna Th,1,4,,,,,accusative,plural,masculine,
39,e)kei/nou,e)kei=nos,determiner,Susanna Th,1,5,,,,,genitive,singular,neuter,
39,me\n,me/n,particle,Susanna Th,1,6,,,,indicative,,,,
39,ou)k,ou)[2]/ou)k/ou)x,particle,Susanna Th,1,7,,,,indicative,,,,
39,h)dunh/qhmen,du/na·mai,verb,Susanna Th,1,8,,,,,,,,
39,e)gkratei=s,e)g·krath/s,adjective,Susanna Th,1,9,,,,,nominative,plural,masculine,
39,gene/sqai,gi/nomai/gi/gn-,verb,Susanna Th,1,10,2.0,,,,,,,
39,dia\,dia/,preposition,Susanna Th,1,11,,,,indicative,,,,
39,to\,o(,article,Susanna Th,1,12,,,,,nominative,singular,neuter,
39,i)sxu/ein,i)sxu/w,verb,Susanna Th,1,13,,present,active,infinitive,,,,
39,au)to\n,au)to/s,pronoun,Susanna Th,1,14,,,,,accusative,singular,masculine,
39,u(pe\r,u(pe/r,preposition,Susanna Th,1,15,,,,indicative,,,,
39,h(ma=s,e)gw/,pronoun,Susanna Th,1,16,,,,,accusative,plural,,
39,kai\,kai/,conjunction,Susanna Th,1,17,,,,indicative,,,,
39,a)noi/canta,a)n·oi/gw,verb,Susanna Th,1,18,,aorist,active,participle,accusative,singular,masculine,
39,ta\s,o(,article,Susanna Th,1,19,,,,,accusative,plural,feminine,
39,qu/ras,qu/ra,noun,Susanna Th,1,20,,,,,genitive,singular,feminine,
39,e)kpephdhke/nai,e)k·phda/w,verb,Susanna Th,1,21,,perfect,active,infinitive,,,,
40,tau/ths,ou(=tos,determiner,Susanna Th,1,1,,,,,genitive,singular,feminine,
40,de\,de/,particle,Susanna Th,1,2,,,,indicative,,,,
40,e)pilabo/menoi,e)pi·lamba/nomai,verb,Susanna Th,1,3,2.0,,,,,,,
40,e)phrwtw=men,e)p·erwta/w,verb,Susanna Th,1,4,1.0,imperfect,middle,imperative,,plural,,
40,ti/s,ti/[n]s[1],pronoun,Susanna Th,1,5,,,,,genitive,,,
40,h)=n,ei)mi/[1],verb,Susanna Th,1,6,,,,,,,,
40,o(,o(,article,Susanna Th,1,7,,,,,nominative,singular,masculine,
40,neani/skos,neani/skos,noun,Susanna Th,1,8,,,,,vocative,plural,,
41,kai\,kai/,conjunction,Susanna Th,1,1,,,,indicative,,,,
41,ou)k,ou)[2]/ou)k/ou)x,particle,Susanna Th,1,2,,,,indicative,,,,
41,h)qe/lhsen,qe/lw,verb,Susanna Th,1,3,3.0,aorist,active,indicative,,singular,,
41,a)naggei=lai,a)n·agge/llw,verb,Susanna Th,1,4,,aorist,active,infinitive,,,,
41,h(mi=n,e)gw/,pronoun,Susanna Th,1,5,,,,,dative,plural,,
41,tau=ta,ou(=tos,determiner,Susanna Th,1,6,,,,,nominative,plural,neuter,
41,marturou=men,marture/w,verb,Susanna Th,1,7,1.0,present,active,indicative,,plural,,
41,kai\,kai/,conjunction,Susanna Th,1,8,,,,indicative,,,,
41,e)pi/steusen,pisteu/w,verb,Susanna Th,1,9,3.0,aorist,active,indicative,,singular,,
41,au)toi=s,au)to/s,pronoun,Susanna Th,1,10,,,,,dative,plural,masculine,
41,h(,o(,article,Susanna Th,1,11,,,,,nominative,singular,feminine,
41,sunagwgh\,sun·agwgh/,noun,Susanna Th,1,12,,,,,nominative,singular,feminine,
41,w(s,w(s,adverb,Susanna Th,1,13,,,,indicative,,,,
41,presbute/rois,presbu/·teros,adjective,Susanna Th,1,14,,,middle,,,,,comparative
41,tou=,o(,article,Susanna Th,1,15,,,,,genitive,singular,neuter,
41,laou=,lao/s,noun,Susanna Th,1,16,,,,,genitive,singular,masculine,
41,kai\,kai/,conjunction,Susanna Th,1,17,,,,indicative,,,,
41,kritai=s,krith/s,noun,Susanna Th,1,18,,,,,dative,plural,masculine,
41,kai\,kai/,conjunction,Susanna Th,1,19,,,,indicative,,,,
41,kate/krinan,kata·kri/nw,verb,Susanna Th,1,20,3.0,aorist,active,indicative,,plural,,
41,au)th\n,au)to/s,pronoun,Susanna Th,1,21,,,,,accusative,singular,feminine,
41,a)poqanei=n,a)po·qnh/|skw,verb,Susanna Th,1,22,2.0,,,,,,,
42,a)nebo/hsen,a)na·boa/w,verb,Susanna Th,1,1,3.0,aorist,active,indicative,,singular,,
42,de\,de/,particle,Susanna Th,1,2,,,,indicative,,,,
42,fwnh=|,fwnh/,noun,Susanna Th,1,3,,,,,dative,singular,feminine,
42,mega/lh|,me/g[al]as,adjective,Susanna Th,1,4,,,,,dative,singular,feminine,
42,*sousanna,*sousa/nna,noun,Susanna Th,1,5,,,,,nominative,singular,feminine,
42,kai\,kai/,conjunction,Susanna Th,1,6,,,,indicative,,,,
42,ei)=pen,le/gw,verb,Susanna Th,1,7,2.0,,,,,,,
42,o(,o(,article,Susanna Th,1,8,,,,,nominative,singular,masculine,
42,qeo\s,qeo/s,noun,Susanna Th,1,9,,,,,nominative,singular,masculine,
42,o(,o(,article,Susanna Th,1,10,,,,,nominative,singular,masculine,
42,ai)w/nios,ai)w/nios,adjective,Susanna Th,1,11,,,,,nominative,singular,masculine,
42,o(,o(,article,Susanna Th,1,12,,,,,nominative,singular,masculine,
42,tw=n,o(,article,Susanna Th,1,13,,,,,genitive,plural,neuter,
42,kruptw=n,kru/pth,noun,Susanna Th,1,14,,,,,genitive,plural,feminine,
42,gnw/sths,gnw/sths,noun,Susanna Th,1,15,,,,,nominative,singular,masculine,
42,o(,o(,article,Susanna Th,1,16,,,,,nominative,singular,masculine,
42,ei)dw\s,oi)=da,verb,Susanna Th,1,17,,,,,,,,
42,ta\,o(,article,Susanna Th,1,18,,,,,nominative,plural,neuter,
42,pa/nta,pa=[nt]s,quantifier,Susanna Th,1,19,,,,,genitive,singular,,
42,pri\n,pri/n,adverb,Susanna Th,1,20,,,,indicative,,,,
42,gene/sews,ge/nesis,noun,Susanna Th,1,21,,,,,,,,
42,au)tw=n,au)to/s,pronoun,Susanna Th,1,22,,,,,genitive,plural,feminine,
43,su\,su/,pronoun,Susanna Th,1,1,,,,,nominative,singular,,
43,e)pi/stasai,e)f·i/sthmi,verb;,Susanna Th,1,2,,,,,,,,
43,o(/ti,o(/ti,conjunction,Susanna Th,1,3,,,,indicative,,,,
43,yeudh=,yeu=do·s,noun,Susanna Th,1,4,,,,,nominative,plural,neuter,
43,mou,e)gw/,pronoun,Susanna Th,1,5,,,,,genitive,singular,,
43,katemartu/rhsan,kata·marture/w,verb,Susanna Th,1,6,3.0,aorist,active,indicative,,plural,,
43,kai\,kai/,conjunction,Susanna Th,1,7,,,,indicative,,,,
43,i)dou\,o(ra/w,verb,Susanna Th,1,8,,,,,,,,
43,a)poqnh/|skw,a)po·qnh/|skw,verb,Susanna Th,1,9,2.0,,,,,,,
43,mh\,mh/,particle,Susanna Th,1,10,,,,indicative,,,,
43,poih/sasa,poie/w,verb,Susanna Th,1,11,,aorist,active,participle,nominative,singular,feminine,
43,mhde\n,mhd·ei/s,quantifier,Susanna Th,1,12,,,,,,,,
43,w(=n,o(/s,pronoun,Susanna Th,1,13,,,,,genitive,plural,neuter,
43,ou(=toi,ou(=tos,determiner,Susanna Th,1,14,,,,,nominative,plural,masculine,
43,e)ponhreu/santo,ponhreu/omai,verb,Susanna Th,1,15,,,,,,,,
43,kat’,kata/,preposition,Susanna Th,1,16,,,,indicative,,,,
43,e)mou=,e)gw/,pronoun,Susanna Th,1,17,,,,,genitive,singular,,
44,kai\,kai/,conjunction,Susanna Th,1,1,,,,indicative,,,,
44,ei)sh/kousen,ei)s·akou/w,verb,Susanna Th,1,2,3.0,aorist,active,indicative,,singular,,
44,ku/rios,ku/rios[2],noun,Susanna Th,1,3,,,,,vocative,plural,,
44,th=s,o(,article,Susanna Th,1,4,,,,,genitive,singular,feminine,
44,fwnh=s,fwnh/,noun,Susanna Th,1,5,,,,,genitive,singular,feminine,
44,au)th=s,au)to/s,pronoun,Susanna Th,1,6,,,,,genitive,singular,feminine,
45,kai\,kai/,conjunction,Susanna Th,1,1,,,,indicative,,,,
45,a)pagome/nhs,a)p·a/gw,verb,Susanna Th,1,2,2.0,,,,,,,
45,au)th=s,au)to/s,pronoun,Susanna Th,1,3,,,,,genitive,singular,feminine,
45,a)pole/sqai,a)p·o/llumi,verb,Susanna Th,1,4,,,,,,,,
45,e)ch/geiren,e)c·egei/rw,verb,Susanna Th,1,5,3.0,imperfect,middle,imperative,,singular,,
45,o(,o(,article,Susanna Th,1,6,,,,,nominative,singular,masculine,
45,qeo\s,qeo/s,noun,Susanna Th,1,7,,,,,nominative,singular,masculine,
45,to\,o(,article,Susanna Th,1,8,,,,,nominative,singular,neuter,
45,pneu=ma,pneu=ma[t],noun,Susanna Th,1,9,,,,,nominative,singular,neuter,
45,to\,o(,article,Susanna Th,1,10,,,,,nominative,singular,neuter,
45,a(/gion,a(/gios,adjective,Susanna Th,1,11,,,,,,,,
45,paidari/ou,paida/rion,noun,Susanna Th,1,12,,,,,,,,
45,newte/rou,new/·teros,adjective,Susanna Th,1,13,,,middle,,,,,comparative
45,w(=|,o(/s,pronoun,Susanna Th,1,14,,,,,dative,singular,neuter,
45,o)/noma,o)/noma[t],noun,Susanna Th,1,15,,,,,nominative,singular,neuter,
45,*danihl,*danih/l,noun,Susanna Th,1,16,,,,indicative,,,masculine,
46,kai\,kai/,conjunction,Susanna Th,1,1,,,,indicative,,,,
46,e)bo/hsen,boa/w,verb,Susanna Th,1,2,3.0,aorist,active,indicative,,singular,,
46,fwnh=|,fwnh/,noun,Susanna Th,1,3,,,,,dative,singular,feminine,
46,mega/lh|,me/g[al]as,adjective,Susanna Th,1,4,,,,,dative,singular,feminine,
46,kaqaro\s,kaqaro/s,adjective,Susanna Th,1,5,,,,,nominative,singular,masculine,
46,e)gw\,e)gw/,pronoun,Susanna Th,1,6,,,,,nominative,singular,,
46,a)po\,a)po/,preposition,Susanna Th,1,7,,,,indicative,,,,
46,tou=,o(,article,Susanna Th,1,8,,,,,genitive,singular,neuter,
46,ai(/matos,ai(=ma[t],noun,Susanna Th,1,9,,,,,genitive,singular,neuter,
46,tau/ths,ou(=tos,determiner,Susanna Th,1,10,,,,,genitive,singular,feminine,
47,e)pe/streyen,e)pi·stre/fw,verb,Susanna Th,1,1,3.0,aorist,active,indicative,,singular,,
47,de\,de/,particle,Susanna Th,1,2,,,,indicative,,,,
47,pa=s,pa=[nt]s,quantifier,Susanna Th,1,3,,,,,genitive,singular,,
47,o(,o(,article,Susanna Th,1,4,,,,,nominative,singular,masculine,
47,lao\s,lao/s,noun,Susanna Th,1,5,,,,,nominative,singular,masculine,
47,pro\s,pro/s,preposition,Susanna Th,1,6,,,,indicative,,,,
47,au)to\n,au)to/s,pronoun,Susanna Th,1,7,,,,,accusative,singular,masculine,
47,kai\,kai/,conjunction,Susanna Th,1,8,,,,indicative,,,,
47,ei)=pan,le/gw,verb,Susanna Th,1,9,2.0,,,,,,,
47,ti/s,ti/[n]s[1],pronoun,Susanna Th,1,10,,,,,genitive,,,
47,o(,o(,article,Susanna Th,1,11,,,,,nominative,singular,masculine,
47,lo/gos,lo/gos,noun,Susanna Th,1,12,,,,,nominative,singular,masculine,
47,ou(=tos,ou(=tos,determiner,Susanna Th,1,13,,,,,nominative,singular,masculine,
47,o(\n,o(/s,pronoun,Susanna Th,1,14,,,,,,,,
47,su\,su/,pronoun,Susanna Th,1,15,,,,,nominative,singular,,
47,lela/lhkas,lale/w,verb,Susanna Th,1,16,2.0,perfect,active,indicative,,singular,,
48,o(,o(,article,Susanna Th,1,1,,,,,nominative,singular,masculine,
48,de\,de/,particle,Susanna Th,1,2,,,,indicative,,,,
48,sta\s,i(/sthmi,verb,Susanna Th,1,3,,,,,,,,
48,e)n,e)n,preposition,Susanna Th,1,4,,,,indicative,,,,
48,me/sw|,me/sos,adjective,Susanna Th,1,5,,,,,dative,singular,neuter,
48,au)tw=n,au)to/s,pronoun,Susanna Th,1,6,,,,,genitive,plural,feminine,
48,ei)=pen,le/gw,verb,Susanna Th,1,7,2.0,,,,,,,
48,ou(/tws,ou(/tws/ou(/tw,adverb,Susanna Th,1,8,,,,indicative,,,,
48,mwroi/,mwro/s,adjective,Susanna Th,1,9,,,,,,,,
48,oi(,o(,article,Susanna Th,1,10,,,,,nominative,plural,masculine,
48,ui(oi\,ui(o/s,noun,Susanna Th,1,11,,,,,vocative,plural,,
48,*israhl,*)israh/l,noun,Susanna Th,1,12,,,,indicative,,,masculine,
48,ou)k,ou)[2]/ou)k/ou)x,particle,Susanna Th,1,13,,,,indicative,,,,
48,a)nakri/nantes,a)na·kri/nw,verb,Susanna Th,1,14,,aorist,active,participle,nominative,plural,masculine,
48,ou)de\,ou)de/,particle,Susanna Th,1,15,,,,indicative,,,,
48,to\,o(,article,Susanna Th,1,16,,,,,nominative,singular,neuter,
48,e)pigno/ntes,e)pi·ginw/skw,verb,Susanna Th,1,17,2.0,,,,,,,
48,katekri/nate,kata·kri/nw,verb,Susanna Th,1,18,2.0,aorist,active,indicative,,plural,,
48,qugate/ra,quga/thr,noun,Susanna Th,1,19,,,,,vocative,singular,,
48,*israhl,*)israh/l,noun,Susanna Th,1,20,,,,indicative,,,masculine,
49,a)nastre/yate,a)na·stre/fw,verb,Susanna Th,1,1,2.0,aorist,active,imperative,,plural,,
49,ei)s,ei)s[1],preposition,Susanna Th,1,2,,,,indicative,,,,
49,to\,o(,article,Susanna Th,1,3,,,,,nominative,singular,neuter,
49,krith/rion,krith/rion,noun,Susanna Th,1,4,,,,,nominative,singular,neuter,
49,yeudh=,yeu=do·s,noun,Susanna Th,1,5,,,,,nominative,plural,neuter,
49,ga\r,ga/r,conjunction,Susanna Th,1,6,,,,indicative,,,,
49,ou(=toi,ou(=tos,determiner,Susanna Th,1,7,,,,,nominative,plural,masculine,
49,katemartu/rhsan,kata·marture/w,verb,Susanna Th,1,8,3.0,aorist,active,indicative,,plural,,
49,au)th=s,au)to/s,pronoun,Susanna Th,1,9,,,,,genitive,singular,feminine,
50,kai\,kai/,conjunction,Susanna Th,1,1,,,,indicative,,,,
50,a)ne/streyen,a)na·stre/fw,verb,Susanna Th,1,2,3.0,aorist,active,indicative,,singular,,
50,pa=s,pa=[nt]s,quantifier,Susanna Th,1,3,,,,,genitive,singular,,
50,o(,o(,article,Susanna Th,1,4,,,,,nominative,singular,masculine,
50,lao\s,lao/s,noun,Susanna Th,1,5,,,,,nominative,singular,masculine,
50,meta\,meta/,preposition,Susanna Th,1,6,,,,indicative,,,,
50,spoudh=s,spoudh/,noun,Susanna Th,1,7,,,,,genitive,singular,feminine,
50,kai\,kai/,conjunction,Susanna Th,1,8,,,,indicative,,,,
50,ei)=pan,le/gw,verb,Susanna Th,1,9,2.0,,,,,,,
50,au)tw=|,au)to/s,pronoun,Susanna Th,1,10,,,,,dative,singular,masculine,
50,oi(,o(,article,Susanna Th,1,11,,,,,nominative,plural,masculine,
50,presbu/teroi,presbu/·teros,adjective,Susanna Th,1,12,,,middle,,,,,comparative
50,deu=ro,deu=ro,adverb,Susanna Th,1,13,,,,indicative,,,,
50,ka/qison,kaqi/zw,verb,Susanna Th,1,14,2.0,aorist,active,imperative,,singular,,
50,e)n,e)n,preposition,Susanna Th,1,15,,,,indicative,,,,
50,me/sw|,me/sos,adjective,Susanna Th,1,16,,,,,dative,singular,neuter,
50,h(mw=n,e)gw/,pronoun,Susanna Th,1,17,,,,,genitive,plural,,
50,kai\,kai/,conjunction,Susanna Th,1,18,,,,indicative,,,,
50,a)na/ggeilon,a)n·agge/llw,verb,Susanna Th,1,19,2.0,aorist,active,imperative,,singular,,
50,h(mi=n,e)gw/,pronoun,Susanna Th,1,20,,,,,dative,plural,,
50,o(/ti,o(/ti,conjunction,Susanna Th,1,21,,,,indicative,,,,
50,soi\,su/,pronoun,Susanna Th,1,22,,,,,,,,
50,de/dwken,di/dwmi,verb,Susanna Th,1,23,,,,,,,,
50,o(,o(,article,Susanna Th,1,24,,,,,nominative,singular,masculine,
50,qeo\s,qeo/s,noun,Susanna Th,1,25,,,,,nominative,singular,masculine,
50,to\,o(,article,Susanna Th,1,26,,,,,nominative,singular,neuter,
51,kai\,kai/,conjunction,Susanna Th,1,1,,,,indicative,,,,
51,ei)=pen,le/gw,verb,Susanna Th,1,2,2.0,,,,,,,
51,pro\s,pro/s,preposition,Susanna Th,1,3,,,,indicative,,,,
51,au)tou\s,au)to/s,pronoun,Susanna Th,1,4,,,,,accusative,plural,masculine,
51,*danihl,*danih/l,noun,Susanna Th,1,5,,,,indicative,,,masculine,
51,diaxwri/sate,dia·xwri/zw,verb,Susanna Th,1,6,2.0,aorist,active,imperative,,plural,,
51,au)tou\s,au)to/s,pronoun,Susanna Th,1,7,,,,,accusative,plural,masculine,
51,a)p’,a)po/,preposition,Susanna Th,1,8,,,,indicative,,,,
51,a)llh/lwn,a)llh/lwn,pronoun,Susanna Th,1,9,,,,,genitive,plural,,
51,makra/n,makra/n,adverb;,Susanna Th,1,10,,,,indicative,,,,
51,kai\,kai/,conjunction,Susanna Th,1,11,,,,indicative,,,,
51,a)nakrinw=,a)na·kri/nw,verb,Susanna Th,1,12,1.0,present,active,indicative,,singular,,
51,au)tou/s,au)to/s,pronoun,Susanna Th,1,13,,,,,accusative,plural,masculine,
52,w(s,w(s,adverb,Susanna Th,1,1,,,,indicative,,,,
52,de\,de/,particle,Susanna Th,1,2,,,,indicative,,,,
52,diexwri/sqhsan,dia·xwri/zw,verb,Susanna Th,1,3,3.0,aorist,passive,indicative,,plural,,
52,ei(=s,ei(=s[2],quantifier,Susanna Th,1,4,,,,,genitive,singular,,
52,a)po\,a)po/,preposition,Susanna Th,1,5,,,,indicative,,,,
52,tou=,o(,article,Susanna Th,1,6,,,,,genitive,singular,neuter,
52,e(no/s,ei(=s[2],quantifier,Susanna Th,1,7,,,,,genitive,singular,,
52,e)ka/lesen,kale/w,verb,Susanna Th,1,8,3.0,aorist,active,indicative,,singular,,
52,to\n,o(,article,Susanna Th,1,9,,,,,accusative,singular,masculine,
52,e(/na,ei(=s[2],quantifier,Susanna Th,1,10,,,,,genitive,singular,,
52,au)tw=n,au)to/s,pronoun,Susanna Th,1,11,,,,,genitive,plural,feminine,
52,kai\,kai/,conjunction,Susanna Th,1,12,,,,indicative,,,,
52,ei)=pen,le/gw,verb,Susanna Th,1,13,2.0,,,,,,,
52,pro\s,pro/s,preposition,Susanna Th,1,14,,,,indicative,,,,
52,au)to/n,au)to/s,pronoun,Susanna Th,1,15,,,,,accusative,singular,masculine,
52,pepalaiwme/ne,palaio/w,verb,Susanna Th,1,16,,perfect,middle,participle,vocative,singular,masculine,
52,h(merw=n,h(me/ra,noun,Susanna Th,1,17,,,,,genitive,plural,feminine,
52,kakw=n,kako/s,adjective,Susanna Th,1,18,,,,,,,,
52,nu=n,nu=n,adverb,Susanna Th,1,19,,,,indicative,,,,
52,h(/kasin,h(/kw,verb,Susanna Th,1,20,3.0,perfect,active,indicative,,plural,,
52,ai(,o(,article,Susanna Th,1,21,,,,,nominative,plural,feminine,
52,a(marti/ai,a(·marti/a,noun,Susanna Th,1,22,,,,,nominative,plural,feminine,
52,sou,su/,pronoun,Susanna Th,1,23,,,,,genitive,singular,,
52,a(\s,o(/s,pronoun,Susanna Th,1,24,,,,,accusative,plural,feminine,
52,e)poi/eis,poie/w,verb,Susanna Th,1,25,2.0,imperfect,middle,imperative,,singular,,
52,to\,o(,article,Susanna Th,1,26,,,,,nominative,singular,neuter,
52,pro/teron,pro/·teros,adjective,Susanna Th,1,27,,,middle,,,,,comparative
53,kri/nwn,kri/non,noun,Susanna Th,1,1,,,,,genitive,plural,neuter,
53,kri/seis,kri/sis,noun,Susanna Th,1,2,,,,,nominative,plural,feminine,
53,a)di/kous,a)/·dikos,adjective,Susanna Th,1,3,,,,,accusative,plural,masculine,
53,kai\,kai/,conjunction,Susanna Th,1,4,,,,indicative,,,,
53,tou\s,o(,article,Susanna Th,1,5,,,,,accusative,plural,masculine,
53,me\n,me/n,particle,Susanna Th,1,6,,,,indicative,,,,
53,a)qw/|ous,a)·qw=|os,adjective,Susanna Th,1,7,,,,,accusative,plural,masculine,
53,katakri/nwn,kata·kri/nw,verb,Susanna Th,1,8,,present,active,participle,nominative,singular,masculine,
53,a)polu/wn,a)po·lu/w,verb,Susanna Th,1,9,,present,active,participle,nominative,singular,masculine,
53,de\,de/,particle,Susanna Th,1,10,,,,indicative,,,,
53,tou\s,o(,article,Susanna Th,1,11,,,,,accusative,plural,masculine,
53,ai)ti/ous,ai)/tios,adjective,Susanna Th,1,12,,,,,accusative,plural,masculine,
53,le/gontos,le/gw,verb,Susanna Th,1,13,2.0,,,,,,,
53,tou=,o(,article,Susanna Th,1,14,,,,,genitive,singular,neuter,
53,kuri/ou,ku/rios[2],noun,Susanna Th,1,15,,,,,vocative,plural,,
53,a)qw=|on,a)·qw=|os,adjective,Susanna Th,1,16,,,,,nominative,singular,neuter,
53,kai\,kai/,conjunction,Susanna Th,1,17,,,,indicative,,,,
53,di/kaion,di/kaios,adjective,Susanna Th,1,18,,,,,nominative,singular,neuter,
53,ou)k,ou)[2]/ou)k/ou)x,particle,Susanna Th,1,19,,,,indicative,,,,
53,a)poktenei=s,a)po·ktei/nw,verb,Susanna Th,1,20,2.0,future,active,indicative,,singular,,
54,nu=n,nu=n,adverb,Susanna Th,1,1,,,,indicative,,,,
54,ou)=n,ou)=n,particle,Susanna Th,1,2,,,,indicative,,,,
54,tau/thn,ou(=tos,determiner,Susanna Th,1,3,,,,,accusative,singular,feminine,
54,ei)/per,ei)/·per,particle,Susanna Th,1,4,,,,indicative,,,,
54,ei)=des,o(ra/w,verb,Susanna Th,1,5,,,,,,,,
54,ei)po/n,le/gw,verb,Susanna Th,1,6,2.0,,,,,,,
54,u(po\,u(po/,preposition,Susanna Th,1,7,,,,indicative,,,,
54,ti/,ti/[n]s[1],pronoun,Susanna Th,1,8,,,,,genitive,,,
54,de/ndron,de/ndron,noun,Susanna Th,1,9,,,,,nominative,singular,neuter,
54,ei)=des,o(ra/w,verb,Susanna Th,1,10,,,,,,,,
54,au)tou\s,au)to/s,pronoun,Susanna Th,1,11,,,,,accusative,plural,masculine,
54,o(milou=ntas,o(mile/w,verb,Susanna Th,1,12,,present,active,participle,accusative,plural,masculine,
54,a)llh/lois,a)llh/lwn,pronoun,Susanna Th,1,13,,,,,genitive,plural,,
54,o(,o(,article,Susanna Th,1,14,,,,,nominative,singular,masculine,
54,de\,de/,particle,Susanna Th,1,15,,,,indicative,,,,
54,ei)=pen,le/gw,verb,Susanna Th,1,16,2.0,,,,,,,
54,u(po\,u(po/,preposition,Susanna Th,1,17,,,,indicative,,,,
55,ei)=pen,le/gw,verb,Susanna Th,1,1,2.0,,,,,,,
55,de\,de/,particle,Susanna Th,1,2,,,,indicative,,,,
55,*danihl,*danih/l,noun,Susanna Th,1,3,,,,indicative,,,masculine,
55,o)rqw=s,o)rqw=s,adverb,Susanna Th,1,4,,,,indicative,,,,
55,e)/yeusai,yeu/domai,verb,Susanna Th,1,5,2.0,perfect,middle,indicative,,singular,,
55,ei)s,ei)s[1],preposition,Susanna Th,1,6,,,,indicative,,,,
55,th\n,o(,article,Susanna Th,1,7,,,,,accusative,singular,feminine,
55,seautou=,se·autou=/s·autou=,pronoun,Susanna Th,1,8,,,,,genitive,singular,masculine,
55,kefalh/n,kefalh/,noun,Susanna Th,1,9,,,,,accusative,singular,feminine,
55,h)/dh,h)/dh,adverb,Susanna Th,1,10,,,,indicative,,,,
55,ga\r,ga/r,conjunction,Susanna Th,1,11,,,,indicative,,,,
55,a)/ggelos,a)/ggelos,noun,Susanna Th,1,12,,,,,nominative,singular,masculine,
55,tou=,o(,article,Susanna Th,1,13,,,,,genitive,singular,neuter,
55,qeou=,qeo/s,noun,Susanna Th,1,14,,,,,genitive,singular,masculine,
55,labw\n,lamba/nw,verb,Susanna Th,1,15,2.0,,,,,,,
55,fa/sin,fa/sis,noun,Susanna Th,1,16,,,,,,,,
55,para\,para/,preposition,Susanna Th,1,17,,,,indicative,,,,
55,tou=,o(,article,Susanna Th,1,18,,,,,genitive,singular,neuter,
55,qeou=,qeo/s,noun,Susanna Th,1,19,,,,,genitive,singular,masculine,
55,sxi/sei,sxi/zw,verb,Susanna Th,1,20,3.0,future,active,indicative,,singular,,
55,se,su/,pronoun,Susanna Th,1,21,,,,,accusative,singular,,
55,me/son,me/sos,adjective,Susanna Th,1,22,,,,,nominative,singular,neuter,
56,kai\,kai/,conjunction,Susanna Th,1,1,,,,indicative,,,,
56,metasth/sas,meq·i/sthmi,verb,Susanna Th,1,2,,,,,,,,
56,au)to\n,au)to/s,pronoun,Susanna Th,1,3,,,,,accusative,singular,masculine,
56,e)ke/leusen,keleu/w,verb,Susanna Th,1,4,3.0,aorist,active,indicative,,singular,,
56,prosagagei=n,pros·a/gw,verb,Susanna Th,1,5,2.0,,,,,,,
56,to\n,o(,article,Susanna Th,1,6,,,,,accusative,singular,masculine,
56,e(/teron,e(/teros,determiner,Susanna Th,1,7,,,,,,,,
56,kai\,kai/,conjunction,Susanna Th,1,8,,,,indicative,,,,
56,ei)=pen,le/gw,verb,Susanna Th,1,9,2.0,,,,,,,
56,au)tw=|,au)to/s,pronoun,Susanna Th,1,10,,,,,dative,singular,masculine,
56,spe/rma,spe/rma[t],noun,Susanna Th,1,11,,,,,nominative,singular,neuter,
56,*xanaan,*xanaa/n,noun,Susanna Th,1,12,,,,indicative,,,feminine,
56,kai\,kai/,conjunction,Susanna Th,1,13,,,,indicative,,,,
56,ou)k,ou)[2]/ou)k/ou)x,particle,Susanna Th,1,14,,,,indicative,,,,
56,*iouda,*)iou/das,noun,Susanna Th,1,15,,,,,,,,
56,to\,o(,article,Susanna Th,1,16,,,,,nominative,singular,neuter,
56,e)chpa/thse/n,e)c·apata/w,verb,Susanna Th,1,17,3.0,aorist,active,indicative,,singular,,
56,se,su/,pronoun,Susanna Th,1,18,,,,,accusative,singular,,
56,kai\,kai/,conjunction,Susanna Th,1,19,,,,indicative,,,,
56,h(,o(,article,Susanna Th,1,20,,,,,nominative,singular,feminine,
56,e)piqumi/a,e)pi·qumi/a,noun,Susanna Th,1,21,,,,,nominative,singular,feminine,
56,die/streyen,dia·stre/fw,verb,Susanna Th,1,22,3.0,aorist,active,indicative,,singular,,
56,th\n,o(,article,Susanna Th,1,23,,,,,accusative,singular,feminine,
56,kardi/an,kardi/a,noun,Susanna Th,1,24,,,,,accusative,singular,feminine,
56,sou,su/,pronoun,Susanna Th,1,25,,,,,genitive,singular,,
57,ou(/tws,ou(/tws/ou(/tw,adverb,Susanna Th,1,1,,,,indicative,,,,
57,e)poiei=te,poie/w,verb,Susanna Th,1,2,2.0,imperfect,middle,imperative,,plural,,
57,qugatra/sin,quga/thr,noun,Susanna Th,1,3,,,,,vocative,singular,,
57,*israhl,*)israh/l,noun,Susanna Th,1,4,,,,indicative,,,masculine,
57,kai\,kai/,conjunction,Susanna Th,1,5,,,,indicative,,,,
57,e)kei=nai,e)kei=nos,determiner,Susanna Th,1,6,,,,,nominative,plural,feminine,
57,fobou/menai,fobe/w,verb,Susanna Th,1,7,,present,middle,participle,nominative,plural,feminine,
57,w(mi/loun,o(mile/w,verb,Susanna Th,1,8,1.0,imperfect,middle,imperative,,singular,,
57,u(mi=n,su/,pronoun,Susanna Th,1,9,,,,,dative,plural,,
57,a)ll’,a)lla/,particle,Susanna Th,1,10,,,,indicative,,,,
57,ou),ou)[2]/ou)k/ou)x,particle,Susanna Th,1,11,,,,indicative,,,,
57,quga/thr,quga/thr,noun,Susanna Th,1,12,,,,,vocative,singular,,
57,*iouda,*)iou/das,noun,Susanna Th,1,13,,,,,,,,
57,u(pe/meinen,u(po·me/nw,verb,Susanna Th,1,14,3.0,aorist,active,indicative,,singular,,
57,th\n,o(,article,Susanna Th,1,15,,,,,accusative,singular,feminine,
57,a)nomi/an,a)·nomi/a,noun,Susanna Th,1,16,,,,,accusative,singular,feminine,
57,u(mw=n,su/,pronoun,Susanna Th,1,17,,,,,genitive,plural,,
58,nu=n,nu=n,adverb,Susanna Th,1,1,,,,indicative,,,,
58,ou)=n,ou)=n,particle,Susanna Th,1,2,,,,indicative,,,,
58,le/ge,le/gw,verb,Susanna Th,1,3,2.0,,,,,,,
58,moi,e)gw/,pronoun,Susanna Th,1,4,,,,,dative,singular,,
58,u(po\,u(po/,preposition,Susanna Th,1,5,,,,indicative,,,,
58,ti/,ti/[n]s[1],pronoun,Susanna Th,1,6,,,,,genitive,,,
58,de/ndron,de/ndron,noun,Susanna Th,1,7,,,,,nominative,singular,neuter,
58,kate/labes,kata·lamba/nw,verb,Susanna Th,1,8,2.0,,,,,,,
58,au)tou\s,au)to/s,pronoun,Susanna Th,1,9,,,,,accusative,plural,masculine,
58,o(milou=ntas,o(mile/w,verb,Susanna Th,1,10,,present,active,participle,accusative,plural,masculine,
58,a)llh/lois,a)llh/lwn,pronoun,Susanna Th,1,11,,,,,genitive,plural,,
58,o(,o(,article,Susanna Th,1,12,,,,,nominative,singular,masculine,
58,de\,de/,particle,Susanna Th,1,13,,,,indicative,,,,
58,ei)=pen,le/gw,verb,Susanna Th,1,14,2.0,,,,,,,
58,u(po\,u(po/,preposition,Susanna Th,1,15,,,,indicative,,,,
59,ei)=pen,le/gw,verb,Susanna Th,1,1,2.0,,,,,,,
59,de\,de/,particle,Susanna Th,1,2,,,,indicative,,,,
59,au)tw=|,au)to/s,pronoun,Susanna Th,1,3,,,,,dative,singular,masculine,
59,*danihl,*danih/l,noun,Susanna Th,1,4,,,,indicative,,,masculine,
59,o)rqw=s,o)rqw=s,adverb,Susanna Th,1,5,,,,indicative,,,,
59,e)/yeusai,yeu/domai,verb,Susanna Th,1,6,2.0,perfect,middle,indicative,,singular,,
59,kai\,kai/,conjunction,Susanna Th,1,7,,,,indicative,,,,
59,su\,su/,pronoun,Susanna Th,1,8,,,,,nominative,singular,,
59,ei)s,ei)s[1],preposition,Susanna Th,1,9,,,,indicative,,,,
59,th\n,o(,article,Susanna Th,1,10,,,,,accusative,singular,feminine,
59,seautou=,se·autou=/s·autou=,pronoun,Susanna Th,1,11,,,,,genitive,singular,masculine,
59,kefalh/n,kefalh/,noun,Susanna Th,1,12,,,,,accusative,singular,feminine,
59,me/nei,me/nw,verb,Susanna Th,1,13,3.0,present,active,indicative,,singular,,
59,ga\r,ga/r,conjunction,Susanna Th,1,14,,,,indicative,,,,
59,o(,o(,article,Susanna Th,1,15,,,,,nominative,singular,masculine,
59,a)/ggelos,a)/ggelos,noun,Susanna Th,1,16,,,,,nominative,singular,masculine,
59,tou=,o(,article,Susanna Th,1,17,,,,,genitive,singular,neuter,
59,qeou=,qeo/s,noun,Susanna Th,1,18,,,,,genitive,singular,masculine,
59,th\n,o(,article,Susanna Th,1,19,,,,,accusative,singular,feminine,
59,r(omfai/an,r(omfai/a,noun,Susanna Th,1,20,,,,,,,,
59,e)/xwn,e)/xw,verb,Susanna Th,1,21,2.0,,,,,,,
59,se,su/,pronoun,Susanna Th,1,22,,,,,accusative,singular,,
59,me/son,me/sos,adjective,Susanna Th,1,23,,,,,nominative,singular,neuter,
59,o(/pws,o(/pws,adverb,Susanna Th,1,24,,,,indicative,,,,
59,e)coleqreu/sh|,e)c·oleqreu/w,verb,Susanna Th,1,25,,,,,,,,
59,u(ma=s,su/,pronoun,Susanna Th,1,26,,,,,accusative,plural,,
60,kai\,kai/,conjunction,Susanna Th,1,1,,,,indicative,,,,
60,a)nebo/hsen,a)na·boa/w,verb,Susanna Th,1,2,3.0,aorist,active,indicative,,singular,,
60,pa=sa,pa=[nt]s,quantifier,Susanna Th,1,3,,,,,genitive,singular,,
60,h(,o(,article,Susanna Th,1,4,,,,,nominative,singular,feminine,
60,sunagwgh\,sun·agwgh/,noun,Susanna Th,1,5,,,,,nominative,singular,feminine,
60,fwnh=|,fwnh/,noun,Susanna Th,1,6,,,,,dative,singular,feminine,
60,mega/lh|,me/g[al]as,adjective,Susanna Th,1,7,,,,,dative,singular,feminine,
60,kai\,kai/,conjunction,Susanna Th,1,8,,,,indicative,,,,
60,eu)lo/ghsan,eu)·loge/w,verb,Susanna Th,1,9,3.0,aorist,active,indicative,,plural,,
60,tw=|,o(,article,Susanna Th,1,10,,,,,dative,singular,neuter,
60,qew=|,qeo/s,noun,Susanna Th,1,11,,,,,dative,singular,masculine,
60,tw=|,o(,article,Susanna Th,1,12,,,,,dative,singular,neuter,
60,sw/|zonti,sw/|zw,verb,Susanna Th,1,13,,present,active,participle,dative,singular,masculine,
60,tou\s,o(,article,Susanna Th,1,14,,,,,accusative,plural,masculine,
60,e)lpi/zontas,e)lpi/zw,verb,Susanna Th,1,15,,present,active,participle,accusative,plural,masculine,
60,e)p’,e)pi/,preposition,Susanna Th,1,16,,,,indicative,,,,
60,au)to/n,au)to/s,pronoun,Susanna Th,1,17,,,,,accusative,singular,masculine,
61,kai\,kai/,conjunction,Susanna Th,1,1,,,,indicative,,,,
61,a)ne/sthsan,a)n·i/sthmi,verb,Susanna Th,1,2,,,,,,,,
61,e)pi\,e)pi/,preposition,Susanna Th,1,3,,,,indicative,,,,
61,tou\s,o(,article,Susanna Th,1,4,,,,,accusative,plural,masculine,
61,du/o,du/o,quantifier,Susanna Th,1,5,,,,,genitive,,,
61,presbu/tas,presbu/ths,noun,Susanna Th,1,6,,,,,accusative,plural,masculine,
61,o(/ti,o(/ti,conjunction,Susanna Th,1,7,,,,indicative,,,,
61,sune/sthsen,sun·i/sthmi,verb,Susanna Th,1,8,,,,,,,,
61,au)tou\s,au)to/s,pronoun,Susanna Th,1,9,,,,,accusative,plural,masculine,
61,*danihl,*danih/l,noun,Susanna Th,1,10,,,,indicative,,,masculine,
61,e)k,e)k,preposition,Susanna Th,1,11,,,,indicative,,,,
61,tou=,o(,article,Susanna Th,1,12,,,,,genitive,singular,neuter,
61,sto/matos,sto/ma[t],noun,Susanna Th,1,13,,,,,genitive,singular,neuter,
61,au)tw=n,au)to/s,pronoun,Susanna Th,1,14,,,,,genitive,plural,feminine,
61,yeudomarturh/santas,yeudo·marture/w,verb,Susanna Th,1,15,,aorist,active,participle,accusative,plural,masculine,
61,kai\,kai/,conjunction,Susanna Th,1,16,,,,indicative,,,,
61,e)poi/hsan,poie/w,verb,Susanna Th,1,17,3.0,aorist,active,indicative,,plural,,
61,au)toi=s,au)to/s,pronoun,Susanna Th,1,18,,,,,dative,plural,masculine,
61,o(\n,o(/s,pronoun,Susanna Th,1,19,,,,,,,,
61,tro/pon,tro/pos,noun,Susanna Th,1,20,,,,,accusative,singular,masculine,
61,e)ponhreu/santo,ponhreu/omai,verb,Susanna Th,1,21,,,,,,,,
61,tw=|,o(,article,Susanna Th,1,22,,,,,dative,singular,neuter,
61,plhsi/on,plhsi/on,adverb;,Susanna Th,1,23,,,,,,,,
62,poih=sai,poie/w,verb,Susanna Th,1,1,,aorist,active,infinitive,,,,
62,kata\,kata/,preposition,Susanna Th,1,2,,,,indicative,,,,
62,to\n,o(,article,Susanna Th,1,3,,,,,accusative,singular,masculine,
62,no/mon,no/mos,noun,Susanna Th,1,4,,,,,accusative,singular,masculine,
62,*mwush=,*mwu+sh=s,noun,Susanna Th,1,5,,,,,,,,
62,kai\,kai/,conjunction,Susanna Th,1,6,,,,indicative,,,,
62,a)pe/kteinan,a)po·ktei/nw,verb,Susanna Th,1,7,3.0,aorist,active,indicative,,plural,,
62,au)tou/s,au)to/s,pronoun,Susanna Th,1,8,,,,,accusative,plural,masculine,
62,kai\,kai/,conjunction,Susanna Th,1,9,,,,indicative,,,,
62,e)sw/qh,sw/|zw,verb,Susanna Th,1,10,3.0,aorist,passive,indicative,,singular,,
62,ai(=ma,ai(=ma[t],noun,Susanna Th,1,11,,,,,nominative,singular,neuter,
62,a)nai/tion,a)n·ai/tios,adjective,Susanna Th,1,12,,,,,nominative,singular,neuter,
62,e)n,e)n,preposition,Susanna Th,1,13,,,,indicative,,,,
62,th=|,o(,article,Susanna Th,1,14,,,,,dative,singular,feminine,
62,h(me/ra|,h(me/ra,noun,Susanna Th,1,15,,,,,dative,singular,feminine,
62,e)kei/nh|,e)kei=nos,determiner,Susanna Th,1,16,,,,,dative,singular,feminine,
63,de\,de/,particle,Susanna Th,1,1,,,,indicative,,,,
63,kai\,kai/,conjunction,Susanna Th,1,2,,,,indicative,,,,
63,h(,o(,article,Susanna Th,1,3,,,,,nominative,singular,feminine,
63,gunh\,gunh/,noun,Susanna Th,1,4,,,,,vocative,singular,,
63,au)tou=,au)to/s,pronoun,Susanna Th,1,5,,,,,genitive,singular,masculine,
63,h)/|nesan,ai)ne/w,verb,Susanna Th,1,6,3.0,aorist,active,indicative,,plural,,
63,to\n,o(,article,Susanna Th,1,7,,,,,accusative,singular,masculine,
63,qeo\n,qeo/s,noun,Susanna Th,1,8,,,,,accusative,singular,masculine,
63,peri\,peri/,preposition,Susanna Th,1,9,,,,indicative,,,,
63,th=s,o(,article,Susanna Th,1,10,,,,,genitive,singular,feminine,
63,qugatro\s,quga/thr,noun,Susanna Th,1,11,,,,,vocative,singular,,
63,au)tw=n,au)to/s,pronoun,Susanna Th,1,12,,,,,genitive,plural,feminine,
63,meta\,meta/,preposition,Susanna Th,1,13,,,,indicative,,,,
63,tou=,o(,article,Susanna Th,1,14,,,,,genitive,singular,neuter,
63,a)ndro\s,a)nh/r,noun,Susanna Th,1,15,,,,,vocative,singular,,
63,au)th=s,au)to/s,pronoun,Susanna Th,1,16,,,,,genitive,singular,feminine,
63,kai\,kai/,conjunction,Susanna Th,1,17,,,,indicative,,,,
63,tw=n,o(,article,Susanna Th,1,18,,,,,genitive,plural,neuter,
63,suggenw=n,sug·genh/s,adjective,Susanna Th,1,19,,,,,dative,plural,,
63,pa/ntwn,pa=[nt]s,quantifier,Susanna Th,1,20,,,,,genitive,singular,,
63,o(/ti,o(/ti,conjunction,Susanna Th,1,21,,,,indicative,,,,
63,ou)x,ou)[2]/ou)k/ou)x,particle,Susanna Th,1,22,,,,indicative,,,,
63,eu(re/qh,eu(ri/skw,verb,Susanna Th,1,23,2.0,,,,,,,
63,e)n,e)n,preposition,Susanna Th,1,24,,,,indicative,,,,
63,au)th=|,au)to/s,pronoun,Susanna Th,1,25,,,,,dative,singular,feminine,
63,a)/sxhmon,a)·sxh/mwn,adjective,Susanna Th,1,26,,,,,genitive,singular,,
63,pra=gma,pra=gma[t],noun,Susanna Th,1,27,,,,,nominative,singular,neuter,
64,kai\,kai/,conjunction,Susanna Th,1,1,,,,indicative,,,,
64,*danihl,*danih/l,noun,Susanna Th,1,2,,,,indicative,,,masculine,
64,e)ge/neto,gi/nomai/gi/gn-,verb,Susanna Th,1,3,2.0,,,,,,,
64,me/gas,me/g[al]as,adjective,Susanna Th,1,4,,,,,,,,
64,e)nw/pion,e)n·w/pion,preposition;,Susanna Th,1,5,,,,,,,,
64,tou=,o(,article,Susanna Th,1,6,,,,,genitive,singular,neuter,
64,laou=,lao/s,noun,Susanna Th,1,7,,,,,genitive,singular,masculine,
64,a)po\,a)po/,preposition,Susanna Th,1,8,,,,indicative,,,,
64,th=s,o(,article,Susanna Th,1,9,,,,,genitive,singular,feminine,
64,h(me/ras,h(me/ra,noun,Susanna Th,1,10,,,,,genitive,singular,feminine,
64,e)kei/nhs,e)kei=nos,determiner,Susanna Th,1,11,,,,,genitive,singular,feminine,
64,kai\,kai/,conjunction,Susanna Th,1,12,,,,indicative,,,,
64,e)pe/keina,e)p·e/keina,adverb,Susanna Th,1,13,,,,indicative,,,,
