lemma,gender,declension,gs,gs_other
a)poka/luyis,feminine,3.0,a)pokalu/yews,
*)ihsou=s,masculine,3.0,*)ihsou=,
*xristo/s,masculine,2.0,*xristou=,
qeo/s,masculine,2.0,qeou=,
dou=los,masculine,2.0,dou/lou,
ta/xos,neuter,3.0,ta/xous,ta/xei
a)/ggelos,masculine,2.0,a)gge/lou,
*)iwa/nnhs,masculine,1.0,*)iwa/nnou,
lo/gos,masculine,2.0,lo/gou,
marturi/a,feminine,1.0,marturi/as,
profhtei/a,feminine,1.0,profhtei/as,
kairo/s,masculine,2.0,kairou=,
e)kklhsi/a,feminine,1.0,e)kklhsi/as,
*)asi/a,feminine,1.0,*)asi/as,
xa/ris,feminine,3.0,xa/ritos,
ei)rh/nh,feminine,1.0,ei)rh/nhs,
pneu=ma,neuter,3.0,pneu/matos,
qro/nos,masculine,2.0,qro/nou,
ma/rtus,masculine,3.0,ma/rturos,
a)/rxwn,masculine,3.0,a)/rxontos,
basileu/s,masculine,3.0,basile/ws,
gh=,feminine,1.0,gh=s,
a(marti/a,feminine,1.0,a(marti/as,
ai(=ma,neuter,3.0,ai(/matos,
basilei/a,feminine,1.0,basilei/as,
i(ereu/s,masculine,3.0,i(ere/ws,
path/r,masculine,3.0,patro/s,
do/ca,feminine,1.0,do/chs,
kra/tos,neuter,3.0,kra/tous,
ai)w/n,masculine,3.0,ai)w=nos,
nefe/lh,feminine,1.0,nefe/lhs,
o)fqalmo/s,masculine,2.0,o)fqalmou=,
fulh/,feminine,1.0,fulh=s,
*)/alfa,neuter,3.0,,
*)=w,neuter,3.0,,
ku/rios,masculine,2.0,kuri/ou,
pantokra/twr,masculine,3.0,pantokra/toros,
a)delfo/s,masculine,2.0,a)delfou=,
sugkoinwno/s,masculine,2.0,sugkoinwnou=,sugkoinwnou/s
qli=yis,feminine,3.0,qli/yews,
u(pomonh/,feminine,1.0,u(pomonh=s,
nh=sos,feminine,2.0,nh/sou,
*pa/tmos,feminine,2.0,*pa/tmou,*pa/tmw|
h(me/ra,feminine,1.0,h(me/ras,
fwnh/,feminine,1.0,fwnh=s,
sa/lpigc,feminine,3.0,sa/lpiggos,
bibli/on,neuter,2.0,bibli/ou,
*)/efesos,feminine,2.0,*)efe/sou,
*smu/rna,feminine,1.0,*smu/rnhs,"*smu/rnan, *smu/rnh|"
*pe/rgamos,feminine,2.0,*perga/mou,"*pe/rgamon, *perga/mw|"
*qua/teira,neuter,1.0,,"*qua/teira, *quatei/rois, *quatei/rwn"
*sa/rdeis,feminine,3.0,*sa/rdewn,"*sa/rdeis, *sa/rdesi(n)"
*filade/lfeia,feminine,1.0,*filadelfei/as,"*filade/lfeian, *filadelfei/a|"
*laodi/keia,feminine,1.0,*laodikei/as,
luxni/a,feminine,1.0,luxni/as,
ui(o/s,masculine,2.0,ui(ou=,
a)/nqrwpos,masculine,2.0,a)nqrw/pou,
masto/s,masculine,2.0,mastou=,
zw/nh,feminine,1.0,zw/nhs,
kefalh/,feminine,1.0,kefalh=s,
qri/c,feminine,3.0,trixo/s,"tri/xes, tri/xas, qrici/(n), trixw=n, tri/xa"
e)/rion,neuter,2.0,e)ri/ou,
xiw/n,feminine,3.0,,
flo/c,feminine,3.0,flogo/s,
pu=r,neuter,3.0,puro/s,
pou/s,masculine,3.0,podo/s,
xalkoli/banon,neuter,2.0,xalkoliba/nou,xalkoliba/nw|
ka/minos,feminine,2.0,kami/nou,
u(/dwr,neuter,3.0,u(/datos,
xei/r,feminine,3.0,xeiro/s,
a)sth/r,masculine,3.0,a)ste/ros,
sto/ma,neuter,3.0,sto/matos,
r(omfai/a,feminine,1.0,r(omfai/as,"r(omfai/an, r(omfai/a|"
o)/yis,feminine,3.0,o)/yews,
h(/lios,masculine,2.0,h(li/ou,
du/namis,feminine,3.0,duna/mews,
klei/s,feminine,3.0,kleido/s,"klei=s, klei=n, klei=da, klei=das"
qa/natos,masculine,2.0,qana/tou,
a(/|dhs,masculine,1.0,a(/|dou,
musth/rion,neuter,2.0,musthri/ou,
e)/rgon,neuter,2.0,e)/rgou,
ko/pos,masculine,2.0,ko/pou,
a)po/stolos,masculine,2.0,a)posto/lou,
o)/noma,neuter,3.0,o)no/matos,
a)ga/ph,feminine,1.0,a)ga/phs,
to/pos,masculine,2.0,to/pou,
*nikolai/+ths,masculine,1.0,*nikolai/+tou,*nikolai+tw=n
ou)=s,neuter,3.0,w)to\s,
cu/lon,neuter,2.0,cu/lou,
zwh/,feminine,1.0,zwh=s,
para/deisos,masculine,2.0,paradei/sou,
ptwxei/a,feminine,1.0,ptwxei/as,
blasfhmi/a,feminine,1.0,blasfhmi/as,
sunagwgh/,feminine,1.0,sunagwgh=s,
*satana=s,masculine,3.0,*satana=,
fulakh/,feminine,1.0,fulakh=s,
ste/fanos,masculine,2.0,stefa/nou,"ste/fanon, stefa/nous, ste/fanoi, ste/fanos"
pi/stis,feminine,3.0,pi/stews,
*)antipa=s,masculine,1.0,,
didaxh/,feminine,1.0,didaxh=s,
*balaa/m,masculine,3.0,*balaa/m,
*bala/k,masculine,3.0,*bala/k,*bala/k
ska/ndalon,neuter,2.0,skanda/lou,
*)israh/l,masculine,3.0,*)israh/l,
ma/nna,neuter,3.0,ma/nna,
yh=fos,feminine,2.0,yh/fou,yh=fon
diakoni/a,feminine,1.0,diakoni/as,
gunh/,feminine,3.0,gunaiko/s,
*)ieza/bel,feminine,3.0,*)ieza/bel,*)ieza/bel
profh=tis,feminine,3.0,profh/tidos,profh=tin
xro/nos,masculine,2.0,xro/nou,
pornei/a,feminine,1.0,pornei/as,
kli/nh,feminine,1.0,kli/nhs,
te/knon,neuter,2.0,te/knou,
nefro/s,masculine,2.0,nefrou=,nefrou/s
kardi/a,feminine,1.0,kardi/as,
ba/ros,neuter,3.0,ba/rous,"ba/ros, ba/rei, ba/rh"
te/los,neuter,3.0,te/lous,
e)cousi/a,feminine,1.0,e)cousi/as,
e)/qnos,neuter,3.0,e)/qnous,
r(a/bdos,feminine,2.0,r(a/bdou,
skeu=os,neuter,3.0,skeu/ous,"skeu/h, skeu=os, skeu/ei, skeu/esi(n)"
kle/pths,masculine,1.0,kle/ptou,
w(/ra,feminine,1.0,w(/ras,
i(ma/tion,neuter,2.0,i(mati/ou,
bi/blos,feminine,2.0,bi/blou,
*daui/d,masculine,3.0,*daui/d,
qu/ra,feminine,1.0,qu/ras,
peirasmo/s,masculine,2.0,peirasmou=,
oi)koume/nh,feminine,1.0,oi)koume/nhs,
stu=los,masculine,2.0,stu/lou,
nao/s,masculine,2.0,naou=,
po/lis,feminine,3.0,po/lews,
*)ierousalh/m,feminine,3.0,*)ierousalh/m,
ou)rano/s,masculine,2.0,ou)ranou=,
a)rxh/,feminine,1.0,a)rxh=s,
kti/sis,feminine,3.0,kti/sews,
xrei/a,feminine,1.0,xrei/as,
xrusi/on,neuter,2.0,xrusi/ou,
ai)sxu/nh,feminine,1.0,ai)sxu/nhs,
gumno/ths,feminine,3.0,gumno/thtos,
kollou/rion,neuter,2.0,kollouri/ou,kollou/rion
o(/rasis,feminine,3.0,o(ra/sews,
li/qos,masculine,2.0,li/qou,
i)/aspis,feminine,3.0,i)a/spidos,i)a/spidi
sa/rdion,neuter,2.0,sardi/ou,
i)=ris,feminine,3.0,,
a)straph/,feminine,1.0,a)straph=s,
bronth/,feminine,1.0,bronth=s,
lampa/s,feminine,1.0,lampa/dos,"lampa/des, lampa/dwn, lampa/das"
qa/lassa,feminine,1.0,qala/sshs,
kru/stallos,masculine,2.0,krusta/llou,
zw=|on,neuter,2.0,zw/|ou,
le/wn,masculine,3.0,le/ontos,
mo/sxos,masculine,2.0,mo/sxou,
pro/swpon,neuter,2.0,prosw/pou,
a)eto/s,masculine,2.0,a)etou=,
pte/ruc,feminine,3.0,pte/rugos,
a)na/pausis,feminine,3.0,a)napau/sews,a)na/pausin
nu/c,feminine,3.0,nukto/s,
timh/,feminine,1.0,timh=s,
eu)xaristi/a,feminine,1.0,eu)xaristi/as,
qe/lhma,neuter,3.0,qelh/matos,
sfragi/s,feminine,3.0,sfragi/dos,"sfragi=si(n), sfragi=das, sfragi/dwn, sfragi=da"
*)iou/das,masculine,3.0,*)iou/da,
r(i/za,feminine,1.0,r(i/zhs,
a)rni/on,neuter,2.0,a)rni/ou,
ke/ras,neuter,1.0,ke/ratos,"ke/rata, kera/twn, ke/ras"
kiqa/ra,feminine,1.0,kiqa/ras,
fia/lh,feminine,1.0,fia/lhs,"fia/las, fia/lhn"
qumi/ama,neuter,3.0,qumia/matos,
proseuxh/,feminine,1.0,proseuxh=s,
w)|dh/,feminine,1.0,w)|dh=s,
glw=ssa,feminine,1.0,glw/sshs,
lao/s,masculine,2.0,laou=,
a)riqmo/s,masculine,2.0,a)riqmou=,
muria/s,feminine,1.0,muria/dos,"muria/des, muria/dwn, muria/das, muria/si(n)"
xilia/s,feminine,1.0,xilia/dos,"xilia/des, xilia/dwn, xilia/si(n)"
plou=tos,masculine,2.0,plou/tou,
sofi/a,feminine,1.0,sofi/as,
i)sxu/s,feminine,3.0,i)sxu/os,
eu)logi/a,feminine,1.0,eu)logi/as,
kti/sma,neuter,1.0,kti/smatos,"kti/sma, ktisma/twn"
i(/ppos,masculine,2.0,i(/ppou,
to/con,neuter,2.0,to/cou,
ma/xaira,feminine,1.0,maxai/rhs,
zugo/s,masculine,2.0,zugou=,
xoi=nic,feminine,3.0,xoi/nikos,xoi/nikes
si=tos,masculine,2.0,si/tou,
dhna/rion,neuter,2.0,dhnari/ou,
kriqh/,feminine,1.0,kriqh=s,
e)/laion,neuter,2.0,e)lai/ou,
oi)=nos,masculine,2.0,oi)/nou,
limo/s,masculine,2.0,limou=,"limw=|, limoi/, limo/n"
qhri/on,neuter,2.0,qhri/ou,
qusiasth/rion,neuter,2.0,qusiasthri/ou,
yuxh/,feminine,1.0,yuxh=s,
despo/ths,masculine,1.0,despo/tou,
stolh/,feminine,1.0,stolh=s,
su/ndoulos,masculine,2.0,sundou/lou,
seismo/s,masculine,2.0,seismou=,
sa/kkos,masculine,2.0,sa/kkou,
selh/nh,feminine,1.0,selh/nhs,
sukh=,feminine,1.0,sukh=s,
o)/lunqos,masculine,2.0,o)lu/nqou,o)lu/nqous
a)/nemos,masculine,2.0,a)ne/mou,
o)/ros,neuter,3.0,o)/rous,
megista/n,masculine,3.0,megista=nos,"megista=nes, megista=si(n)"
xili/arxos,masculine,2.0,xilia/rxou,"xili/arxoi, xilia/rxwn, xilia/rxw|, xili/arxon, xilia/rxois"
sph/laion,neuter,2.0,sphlai/ou,
pe/tra,feminine,1.0,pe/tras,
o)rgh/,feminine,1.0,o)rgh=s,
gwni/a,feminine,1.0,gwni/as,
de/ndron,neuter,2.0,de/ndrou,
a)natolh/,feminine,1.0,a)natolh=s,
me/twpon,neuter,2.0,metw/pou,
*(roubh/n,masculine,3.0,*(roubh/n,
*ga/d,masculine,3.0,*ga/d,
*)ash/r,masculine,3.0,*)ash/r,
*nefqali/m,masculine,3.0,*nefqali/m,
*manassh=s,masculine,3.0,*manassh=,
*sumew/n,masculine,3.0,*sumew/n,
*leui/,masculine,3.0,*leui/,
*)issaxa/r,masculine,3.0,*)issaxa/r,
*zaboulw/n,masculine,3.0,*zaboulw/n,
*)iwsh/f,masculine,3.0,*)iwsh/f,
*beniami/n,masculine,3.0,*beniami/n,
o)/xlos,masculine,2.0,o)/xlou,
foi=nic,masculine,3.0,foi/nikos,"foi/nikes, foini/kwn"
swthri/a,feminine,1.0,swthri/as,
kau=ma,neuter,3.0,kau/matos,kau=ma
phgh/,feminine,1.0,phgh=s,
da/kruon,neuter,2.0,dakru/ou,"da/kruon, da/krusi(n), dakru/wn"
sigh/,feminine,1.0,sigh=s,
h(miw/rion,neuter,2.0,h(miwri/ou,h(miw/rion
libanwto/s,masculine,2.0,libanwtou=,
kapno/s,masculine,2.0,kapnou=,
xa/laza,feminine,1.0,xala/zhs,
xo/rtos,masculine,2.0,xo/rtou,
ploi=on,neuter,2.0,ploi/ou,
potamo/s,masculine,2.0,potamou=,
*)/ayinqos,masculine,2.0,,
a)/yinqos,feminine,2.0,a)yi/nqou,a)/yinqon
mesoura/nhma,neuter,3.0,mesouranh/matos,mesouranh/mati
fre/ar,neuter,3.0,fre/atos,
a)/bussos,feminine,2.0,a)bu/ssou,
a)h/r,masculine,3.0,a)e/ros,
a)kri/s,feminine,3.0,a)kri/dos,"a)kri/des, a)kri/dwn, a)kri/das"
skorpi/os,masculine,2.0,skorpi/ou,
mh/n,masculine,3.0,mhno/s,"mh=nas, mh=na, mhni/"
basanismo/s,masculine,2.0,basanismou=,
o(moi/wma,neuter,3.0,o(moiw/matos,"o(moiw/mata, o(moiw/mati"
po/lemos,masculine,2.0,pole/mou,
xruso/s,masculine,2.0,xrusou=,
o)dou/s,masculine,3.0,o)do/ntos,
qw/rac,masculine,3.0,qw/rakos,
a(/rma,neuter,3.0,a(/rmatos,
ou)ra/,feminine,1.0,ou)ra=s,
ke/ntron,neuter,2.0,ke/ntrou,
*)abaddw/n,masculine,3.0,,
*)apollu/wn,masculine,3.0,,
ou)ai/,feminine,3.0,,
*eu)fra/ths,masculine,1.0,*eu)fra/tou,
e)niauto/s,masculine,2.0,e)niautou=,
stra/teuma,neuter,3.0,strateu/matos,
dismuria/s,feminine,3.0,dismuria/dos,dismuria/des
qei=on,neuter,2.0,qei/ou,
plhgh/,feminine,1.0,plhgh=s,
o)/fis,masculine,3.0,o)/fews,
daimo/nion,neuter,2.0,daimoni/ou,
ei)/dwlon,neuter,2.0,ei)dw/lou,
fo/nos,masculine,2.0,fo/nou,
fa/rmakon,neuter,2.0,farma/kou,farma/kwn
kle/mma,neuter,3.0,kle/mmatos,klemma/twn
biblari/dion,neuter,2.0,bibliaridi/ou,biblari/dion
profh/ths,masculine,1.0,profh/tou,
koili/a,feminine,1.0,koili/as,
me/li,neuter,3.0,me/litos,me/li
ka/lamos,masculine,2.0,kala/mou,
au)lh/,feminine,1.0,au)lh=s,
e)lai/a,feminine,1.0,e)lai/as,
u(eto/s,masculine,2.0,u(etou=,
ptw=ma,neuter,3.0,ptw/matos,"ptw=ma, ptw/mata"
*so/doma,neuter,2.0,*sodo/mwn,"*so/doma, *sodo/mois, *sodo/mwn"
*ai)/guptos,feminine,2.0,*ai)gu/ptou,
mnh=ma,neuter,3.0,mnh/matos,"mnh=ma, mnh/masi(n), mnh/mati"
dw=ron,neuter,2.0,dw/rou,"dw=ra, dw=ron, dw/rw|, dw/rois"
fo/bos,masculine,2.0,fo/bou,
ko/smos,masculine,2.0,ko/smou,
misqo/s,masculine,2.0,misqou=,
kibwto/s,feminine,2.0,kibwtou=,
diaqh/kh,feminine,1.0,diaqh/khs,
shmei=on,neuter,2.0,shmei/ou,
gasth/r,feminine,3.0,gastro/s,
dra/kwn,masculine,3.0,dra/kontos,
dia/dhma,neuter,3.0,diadh/matos,diadh/mata
*mixah/l,masculine,3.0,,
kath/gwr,masculine,3.0,,
qumo/s,masculine,2.0,qumou=,
spe/rma,neuter,3.0,spe/rmatos,
e)ntolh/,feminine,1.0,e)ntolh=s,
a)/mmos,feminine,2.0,a)/mmou,
pa/rdalis,feminine,3.0,parda/lews,parda/lei
a)/rkos,feminine,2.0,a)/rkou,
skhnh/,feminine,1.0,skhnh=s,
katabolh/,feminine,1.0,katabolh=s,
ai)xmalwsi/a,feminine,1.0,ai)xmalwsi/as,ai)xmalwsi/an
ei)kw/n,feminine,3.0,ei)ko/nos,
xa/ragma,neuter,3.0,xara/gmatos,"xa/ragma, xara/gmati"
nou=s,masculine,3.0,noo/s,
*siw/n,feminine,3.0,*siw/n,
kiqarw|do/s,masculine,2.0,kiqarw|dou=,kiqarw|dw=n
parqe/nos,masculine,2.0,parqe/nou,
a)parxh/,feminine,1.0,a)parxh=s,a)parxh/n
yeu=dos,neuter,3.0,yeu/dous,
eu)agge/lion,neuter,2.0,eu)aggeli/ou,
kri/sis,feminine,3.0,kri/sews,
*babulw/n,feminine,3.0,*babulw=nos,
poth/rion,neuter,2.0,pothri/ou,
dre/panon,neuter,2.0,drepa/nou,dre/panon
qerismo/s,masculine,2.0,qerismou=,
bo/trus,masculine,3.0,bo/truos,
a)/mpelos,feminine,2.0,a)mpe/lou,
stafulh/,feminine,1.0,stafulh=s,
lhno/s,feminine,2.0,lhnou=,
xalino/s,masculine,2.0,xalinou=,"xalinw=n, xalinou/s"
sta/dios,masculine,2.0,stadi/ou,"stadi/wn, stadi/ous"
*mwu+sh=s,masculine,1.0,*mwu+se/ws,
o(do/s,feminine,2.0,o(dou=,
dikai/wma,neuter,3.0,dikaiw/matos,
martu/rion,neuter,2.0,marturi/ou,
li/non,neuter,2.0,li/nou,li/non
sth=qos,neuter,3.0,sth/qous,"sth/qh, sth=qos"
e(/lkos,neuter,3.0,e(/lkous,"e(lkw=n, e(/lkh"
po/nos,masculine,2.0,po/nou,
yeudoprofh/ths,masculine,1.0,yeudoprofh/tou,
ba/traxos,masculine,2.0,batra/xou,ba/traxoi
a)sxhmosu/nh,feminine,1.0,a)sxhmosu/nhs,a)sxhmosu/nhn
*(armagedw/n,neuter,3.0,,*(armagedw/n
me/ros,neuter,3.0,me/rous,
kri/ma,neuter,3.0,kri/matos,
po/rnh,feminine,1.0,po/rnhs,
margari/ths,masculine,1.0,margari/tou,
bde/lugma,neuter,3.0,bdelu/gmatos,"bdelugma/twn, bde/lugma"
mh/thr,feminine,3.0,mhtro/s,
qau=ma,neuter,3.0,qau/matos,qau=ma
a)pw/leia,feminine,1.0,a)pwlei/as,
gnw/mh,feminine,1.0,gnw/mhs,
sa/rc,feminine,3.0,sarko/s,
katoikhth/rion,neuter,2.0,katoikhthri/ou,katoikhth/rion
o)/rneon,neuter,2.0,o)rne/ou,
e)/mporos,masculine,2.0,e)mpo/rou,"e)/mporoi, e)mpo/rw|"
strh=nos,neuter,3.0,strh/nous,
a)di/khma,neuter,3.0,a)dikh/matos,"a)dikh/mata, a)di/khma"
pe/nqos,neuter,3.0,pe/nqous,pe/nqos
basi/lissa,feminine,1.0,basili/sshs,
xh/ra,feminine,1.0,xh/ras,
pu/rwsis,feminine,3.0,purw/sews,
go/mos,masculine,2.0,go/mou,go/mon
a)/rguros,masculine,2.0,a)rgu/rou,
porfu/ra,feminine,1.0,porfu/ras,
xalko/s,masculine,2.0,xalkou=,
si/dhros,masculine,2.0,sidh/rou,
ma/rmaros,masculine,2.0,marma/rou,
kinna/mwmon,neuter,2.0,kinnamw/mou,kinna/mwmon
a)/mwmon,neuter,2.0,a)mw/mou,a)/mwmon
mu/ron,neuter,2.0,mu/rou,
li/banos,masculine,2.0,liba/nou,li/banon
semi/dalis,feminine,3.0,semida/lews,
kth=nos,neuter,3.0,kth/nous,"kth/nh, kth=nos, kthnw=n"
pro/baton,neuter,2.0,proba/tou,
r(e/dh,feminine,1.0,r(e/dhs,r(edw=n
sw=ma,neuter,3.0,sw/matos,
o)pw/ra,feminine,1.0,,
e)piqumi/a,feminine,1.0,e)piqumi/as,
kubernh/ths,masculine,1.0,kubernh/tou,kubernh/th|
nau/ths,masculine,1.0,nau/tou,"nau=tai, nautw=n"
xou=s,masculine,3.0,xoo/s,
timio/ths,feminine,3.0,timio/thtos,
o(/rmhma,neuter,3.0,o(rmh/matos,o(rmh/mati
au)lhth/s,masculine,1.0,au)lhtou=,"au)lhtw=n, au)lhta/s"
salpisth/s,masculine,1.0,salpistou=,salpistw=n
texni/ths,masculine,1.0,texni/tou,
te/xnh,feminine,1.0,te/xnhs,
mu/los,masculine,2.0,mu/lou,
fw=s,neuter,3.0,fwto/s,
lu/xnos,masculine,2.0,lu/xnou,
numfi/os,masculine,2.0,numfi/ou,
nu/mfh,feminine,1.0,nu/mfhs,
farmakei/a,feminine,1.0,farmakei/as,
ga/mos,masculine,2.0,ga/mou,
dei=pnon,neuter,2.0,dei/pnou,
dikaiosu/nh,feminine,1.0,dikaiosu/nhs,
mhro/s,masculine,2.0,mhrou=,
li/mnh,feminine,1.0,li/mnhs,
a(/lusis,feminine,3.0,a(lu/sews,"a(/lusin, a(lu/sesi(n), a(lu/seis, a(lu/sei"
e)/tos,neuter,3.0,e)/tous,"e)/th, e)tw=n, e)/tos, e)/tei, e)/tesi(n)"
a)na/stasis,feminine,3.0,a)nasta/sews,
*gw/g,masculine,3.0,*gw/g,*gw/g
*magw/g,masculine,3.0,*magw/g,*magw/g
pla/tos,neuter,3.0,pla/tous,pla/tos
parembolh/,feminine,1.0,parembolh=s,
a)nh/r,masculine,3.0,a)ndro/s,
kraugh/,feminine,1.0,kraugh=s,
foneu/s,masculine,3.0,fone/ws,"foneu=si(n), fonei=s, fone/a"
po/rnos,masculine,2.0,po/rnou,"po/rnois, po/rnoi, po/rnous"
fa/rmakos,masculine,2.0,farma/kou,
ei)dwlola/trhs,masculine,1.0,ei)dwlola/trou,"ei)dwlola/trais, ei)dwlola/trai"
fwsth/r,masculine,3.0,fwsth/ros,fwsth=res
tei=xos,neuter,3.0,tei/xous,
pulw/n,masculine,3.0,pulw=nos,
borra=s,masculine,3.0,borra=,
no/tos,masculine,2.0,no/tou,
dusmh/,feminine,1.0,dusmh=s,dusmw=n
qeme/lios,masculine,2.0,qemeli/ou,
me/tron,neuter,2.0,me/trou,
mh=kos,neuter,3.0,,
u(/yos,neuter,3.0,u(/yous,
ph=xus,masculine,3.0,ph/xeos,"phxw=n, ph=xun"
e)ndw/mhsis,feminine,3.0,,
u(/alos,masculine,2.0,u(a/lou,u(a/lw|
sa/pfiros,feminine,2.0,,
xalkhdw/n,masculine,3.0,,
sma/ragdos,masculine,2.0,,
sardo/nuc,masculine,3.0,,
xruso/liqos,masculine,2.0,,
bh/rullos,masculine,2.0,,
topa/zion,neuter,2.0,,
xruso/prasos,masculine,2.0,,
u(a/kinqos,masculine,2.0,,
a)me/qustos,feminine,2.0,,
karpo/s,masculine,2.0,karpou=,
fu/llon,neuter,2.0,fu/llou,
qerapei/a,feminine,1.0,qerapei/as,
kata/qema,neuter,1.0,,
ku/wn,masculine,3.0,kuno\s,
ge/nos,neuter,3.0,ge/nous,
dih/ghsis,feminine,3.0,dihgh/sews,dih/ghsin
pra=gma,neuter,3.0,pra/gmatos,
au)to/pths,masculine,1.0,au)to/ptou,au)to/ptai
u(phre/ths,masculine,1.0,u(phre/tou,"u(phre/tai, u(phre/th|, u(phre/tas, u(phretw=n, u(phre/tais, u(phre/thn"
*qeo/filos,masculine,2.0,*qeofi/lou,*qeo/file
a)sfa/leia,feminine,1.0,a)sfalei/as,"a)sfa/leian, a)sfalei/a|"
*(hrw/|dhs,masculine,1.0,*(hrw/|dou,
*)ioudai/a,feminine,1.0,*)ioudai/as,
*zaxari/as,masculine,1.0,*zaxari/ou,
e)fhmeri/a,feminine,1.0,e)fhmeri/as,
*)abia/,masculine,3.0,*)abia/,
quga/thr,feminine,3.0,qugatro/s,
*)aarw/n,masculine,3.0,*)aarw/n,
*)elisa/bet,feminine,3.0,*)elisa/bet,*)elisa/bet
ta/cis,feminine,3.0,ta/cews,
e)/qos,neuter,3.0,e)/qous,"e)/qos, e)/qh, e)/qei, e)/qesi(n), e)qw=n"
i(eratei/a,feminine,1.0,i(eratei/as,
plh=qos,neuter,3.0,plh/qous,
de/hsis,feminine,3.0,deh/sews,
xara/,feminine,1.0,xara=s,
a)galli/asis,feminine,3.0,a)gallia/sews,
ge/nesis,feminine,3.0,gene/sews,
si/kera,neuter,2.0,,si/kera
*)hli/as,masculine,1.0,*)hli/ou,
fro/nhsis,feminine,3.0,fronh/sew/s,
presbu/ths,masculine,1.0,presbu/tou,
*gabrih/l,masculine,3.0,,
o)ptasi/a,feminine,1.0,o)ptasi/as,"o)ptasi/an, o)ptasi/a|, o)ptasi/as"
leitourgi/a,feminine,1.0,leitourgi/as,
oi)=kos,masculine,2.0,oi)/kou,
o)/neidos,neuter,3.0,o)nei/dou,o)/neidos
*galilai/a,feminine,1.0,*galilai/as,
*nazare/q,feminine,3.0,*nazare/q,
parqe/nos,feminine,2.0,parqe/nou,
*maria/m,feminine,3.0,*maria/m,*maria/m
a)spasmo/s,masculine,2.0,a)spasmou=,
*)iakw/b,masculine,3.0,*)iakw/b,
suggeni/s,feminine,3.0,,
gh=ras,neuter,3.0,gh/rws,gh/rei
r(h=ma,neuter,3.0,r(h/matos,
dou/lh,feminine,1.0,dou/lhs,
spoudh/,feminine,1.0,spoudh=s,
*mari/a,feminine,1.0,*mari/as,
bre/fos,neuter,3.0,bre/fous,
telei/wsis,feminine,3.0,,
swth/r,masculine,3.0,swth=ros,
tapei/nwsis,feminine,3.0,tapeinw/sews,
genea/,feminine,1.0,genea=s,
e)/leos,neuter,3.0,e)le/ous,
braxi/wn,masculine,3.0,braxi/onos,
dia/noia,feminine,1.0,dianoi/as,
duna/sths,masculine,1.0,duna/stou,
pai=s,masculine,3.0,paido/s,
*)abraa/m,masculine,3.0,*)abraa/m,
paidi/on,neuter,2.0,paidi/ou,
sugge/neia,feminine,1.0,suggenei/as,
pinaki/dion,neuter,2.0,pinakidi/ou,pinaki/dion
lu/trwsis,feminine,3.0,lutrw/sews,
o(/rkos,masculine,2.0,o(/rkou,
o(sio/ths,feminine,3.0,o(sio/thtos,o(sio/thti
gnw=sis,feminine,3.0,gnw/sews,
a)/fesis,feminine,3.0,a)fe/sews,"a)fe/sei, a)/fesin"
spla/gxnon,neuter,2.0,spla/gxnou,"spla/gxna, spla/gxnois"
sko/tos,neuter,3.0,sko/tous,
skia/,feminine,1.0,skia=s,
a)na/deicis,feminine,3.0,a)nadei/cews,
do/gma,neuter,3.0,do/gmatos,"do/gmata, dogma/twn, do/gmasi(n)"
*kai=sar,masculine,3.0,*kai/saros,
*au)gou=stos,masculine,2.0,*au)gou/stou,
a)pografh/,feminine,1.0,a)pografh=s,
*suri/a,feminine,1.0,*suri/as,
*kurh/nios,masculine,2.0,*kurhni/ou,
*bhqle/em,feminine,3.0,*bhqle/em,
patria/,feminine,1.0,patria=s,
fa/tnh,feminine,1.0,fa/tnhs,
kata/luma,neuter,3.0,katalu/matos,katalu/mati
poimh/n,masculine,3.0,poime/nos,
xw/ra,feminine,1.0,xw/ras,
poi/mnh,feminine,1.0,poi/mnhs,
stratia/,feminine,1.0,stratia=s,
eu)doki/a,feminine,1.0,eu)doki/as,
kaqarismo/s,masculine,2.0,kaqarismou=,
no/mos,masculine,2.0,no/mou,
*(ieroso/luma,neuter,2.0,*(ierosolu/mwn,"*(ieroso/luma, *(ierosolu/mois, *(ierosolu/mwn"
mh/tra,feminine,1.0,mh/tras,
qusi/a,feminine,1.0,qusi/as,
zeu=gos,neuter,3.0,zeu/gous,"zeu=gos, zeu/gh"
trugw/n,feminine,3.0,trugo/nos,trugo/nwn
nosso/s,masculine,2.0,nossou=,nossou/s
peristera/,feminine,1.0,peristera=s,"peristerw=n, peristera/n, peristera/s, peristerai/"
para/klhsis,feminine,3.0,paraklh/sews,
goneu/s,masculine,3.0,gone/ws,"gonei=s, gone/wn, goneu=si(n)"
a)gka/lh,feminine,1.0,a)gka/lhs,a)gka/las
ptw=sis,feminine,3.0,ptw/sews,
dialogismo/s,masculine,2.0,dialogismou=,
*(/anna,feminine,1.0,,
*fanouh/l,masculine,3.0,*fanouh/l,
parqeni/a,feminine,1.0,parqeni/as,
nhstei/a,feminine,1.0,nhstei/as,
e(orth/,feminine,1.0,e(orth=s,
pa/sxa,neuter,3.0,pa/sxa,
sunodi/a,feminine,1.0,sunodi/as,sunodi/a|
dida/skalos,masculine,2.0,didaska/lou,"didaska/lwn, dida/skale, dida/skalon, didaska/lous, dida/skaloi"
su/nesis,feminine,3.0,sune/sews,
a)po/krisis,feminine,3.0,a)pokri/sews,"a)pokri/sesi(n), a)pokri/sei, a)po/krisin"
h(liki/a,feminine,1.0,h(liki/as,
h(gemoni/a,feminine,1.0,h(gemoni/as,
*tibe/rios,masculine,2.0,*tiberi/ou,
*po/ntios,masculine,2.0,*ponti/ou,
*pila=tos,masculine,2.0,*pila/tou,
*fi/lippos,masculine,2.0,*fili/ppou,
*lusani/as,masculine,1.0,*lusani/ou,
*)abilhnh/,feminine,1.0,*)abilhnh=s,
a)rxiereu/s,masculine,3.0,a)rxiere/ws,
*(/annas,masculine,1.0,*(/anna,
*kai+a/fas,masculine,1.0,*kai+a/fa,
*)iorda/nhs,masculine,1.0,*)iorda/nou,
ba/ptisma,neuter,3.0,bapti/smatos,
meta/noia,feminine,1.0,metanoi/as,
*)hsai/+as,masculine,1.0,*)hsai/+ou,
tri/bos,feminine,2.0,tri/bou,tri/bous
fa/ragc,feminine,3.0,,
bouno/s,masculine,2.0,bounou=,bounoi=s
ge/nnhma,neuter,3.0,gennh/matos,gennh/mata
e)/xidna,feminine,1.0,e)xi/dnas,e)xidnw=n
a)ci/nh,feminine,1.0,,
xitw/n,masculine,3.0,xitw=no/s,
brw=ma,neuter,3.0,brw/matos,
telw/nhs,masculine,1.0,telw/nou,"telw=nai, telw/nhn, telwnw=n"
o)yw/nion,neuter,2.0,o)qwni/ou,"o)ywni/ois, o)yw/nia, o)yw/nion"
i(ma/s,masculine,3.0,i(ma/ntos,"i(ma/nta, i(ma=si(n)"
u(po/dhma,neuter,3.0,u(podh/matos,
ptu/on,neuter,2.0,,
a(/lwn,feminine,3.0,a(/lwnos,
a)poqh/kh,feminine,1.0,a)poqh/khs,"a)poqh/khn, a)poqh/kas"
a)/xuron,neuter,2.0,a)xu/rou,
tetraa/rxhs,masculine,1.0,tetraa/rxou,
*(hrw|dia/s,feminine,3.0,*(hrw|dia/dos,
ei)=dos,neuter,3.0,ei)/dous,
*)hli/,masculine,3.0,*)hli/,
*maqqa/t,masculine,3.0,*maqqa/t,
*melxi/,masculine,3.0,*melxi/,
*)iannai/,masculine,3.0,*)iannai/,
*mattaqi/as,masculine,1.0,*mattaqi/ou,
*)amw/s,masculine,3.0,*)amw/s,
*naou/m,masculine,3.0,*naou/m,
*(esli/,masculine,3.0,*(esli/,
*naggai/,masculine,3.0,*naggai/,
*ma/aq,masculine,3.0,*ma/aq,
*semei/+n,masculine,3.0,*semei/+n,
*)iwsh/x,masculine,3.0,*)iwsh/x,
*)iwda/,masculine,3.0,*)iwda/,
*)iwana/n,masculine,3.0,*)iwana/n,
*(rhsa/,masculine,3.0,*(rhsa/,
*zorobabe/l,masculine,3.0,*zorobabe/l,
*salaqih/l,masculine,3.0,*salaqih/l,
*nhri/,masculine,3.0,*nhri/,
*)addi/,masculine,3.0,*)addi/,
*kwsa/m,masculine,3.0,*kwsa/m,
*)elmada/m,masculine,3.0,*)elmada/m,
*)/hr,masculine,3.0,*)/hr,
*)elie/zer,masculine,3.0,*)elie/zer,
*)iwri/m,masculine,3.0,*)iwri/m,
*)iwna/m,masculine,3.0,*)iwna/m,
*)eliaki/m,masculine,3.0,*)eliaki/m,
*melea/,masculine,3.0,*melea/,
*menna/,masculine,3.0,*menna/,
*mattaqa/,masculine,3.0,*mattaqa/,
*naqa/m,masculine,3.0,*naqa/m,
*)iessai/,masculine,3.0,*)iessai/,
*)iwbh/l,masculine,3.0,*)iwbh/l,
*bo/os,masculine,3.0,*bo/os,
*sala/,masculine,3.0,*sala/,
*naassw/n,masculine,3.0,*naassw/n,
*)aminada/b,masculine,3.0,*)aminada/b,
*)admi/n,masculine,3.0,*)admi/n,
*)arni/,masculine,3.0,*)arni/,
*(esrw/m,masculine,3.0,*(esrw/m,
*fare/s,masculine,3.0,*fare/s,
*)isaa/k,masculine,3.0,*)isaa/k,
*qa/ra,masculine,3.0,*qa/ra,
*naxw/r,masculine,3.0,*naxw/r,
*serou/x,masculine,3.0,*serou/x,
*(ragau/,masculine,3.0,*(ragau/,
*fa/lek,masculine,3.0,*fa/lek,
*)/eber,masculine,3.0,*)/eber,
*kai+na/m,masculine,3.0,*kai+na/m,
*)arfaca/d,masculine,3.0,*)arfaca/d,
*sh/m,masculine,3.0,*sh/m,
*nw=e,masculine,3.0,*nw=e,
*la/mex,masculine,3.0,*la/mex,
*maqousala/,masculine,3.0,*maqousala/,
*(enw/x,masculine,3.0,*(enw/x,
*)ia/ret,masculine,3.0,*)ia/ret,
*maleleh/l,masculine,3.0,*maleleh/l,
*)enw/s,masculine,3.0,*)enw/s,
*sh/q,masculine,3.0,*sh/q,
*)ada/m,masculine,3.0,*)ada/m,
a)/rtos,masculine,2.0,a)/rtou,
stigmh/,feminine,1.0,stigmh=s,stigmh=|
pteru/gion,neuter,2.0,pterugi/ou,
fh/mh,feminine,1.0,,
*nazara/,feminine,3.0,*nazara/,*nazara/
sa/bbaton,neuter,2.0,sabba/tou,
ai)xma/lwtos,masculine,2.0,ai)xmalw/tou,ai)xmalw/tois
a)na/bleyis,feminine,3.0,a)nable/yews,a)na/bleyin
grafh/,feminine,1.0,grafh=s,
parabolh/,feminine,1.0,parabolh=s,
i)atro/s,masculine,2.0,i)atrou=,
*kafarnaou/m,feminine,3.0,*kafarnaou/m,*kafarnaou/m
patri/s,feminine,3.0,patri/dos,"patri/di, patri/da"
a)lh/qeia,feminine,1.0,a)lhqei/as,
*sa/repta,neuter,3.0,*sa/repta,*sa/repta
*)elisai=os,masculine,2.0,*)elisai/ou,
*naima/n,masculine,3.0,,
*su/ros,masculine,2.0,,
o)fru=s,feminine,3.0,o)fru/os,
qa/mbos,neuter,3.0,qa/mbous,
h)=xos,masculine,3.0,h)/xous,
oi)ki/a,feminine,1.0,oi)ki/as,
*si/mwn,masculine,3.0,*si/mwnos,
penqera/,feminine,1.0,penqera=s,
pureto/s,masculine,2.0,puretou=,"puretw=|, puretoi=s"
no/sos,feminine,2.0,no/sou,
*gennhsare/t,feminine,3.0,*gennhsare/t,
a(lieu/s,masculine,3.0,a(lie/ws,a(liei=s
di/ktuon,neuter,2.0,diktu/ou,
ba/qos,neuter,3.0,ba/qous,
a)/gra,feminine,1.0,a)/gras,"a)/gran, a)/gra|"
e)pista/ths,masculine,1.0,e)pista/tou,e)pista/ta
i)xqu/s,masculine,3.0,i)xqu/os,
*pe/tros,masculine,2.0,*pe/trou,
go/nu,neuter,3.0,go/natos,"go/nasi(n), go/nata, go/nu"
*)ia/kwbos,masculine,2.0,*)iakw/bou,
*zebedai=os,masculine,2.0,*zebedai/ou,
koinwno/s,masculine,2.0,koinwnou=,"koinwnoi/, koinwnou/s, koinwno/n"
le/pra,feminine,1.0,le/pras,
a)sqe/neia,feminine,1.0,a)sqenei/as,
*farisai=os,masculine,2.0,*farisai/ou,
nomodida/skalos,masculine,2.0,nomodidaska/lou,nomodida/skaloi
kw/mh,feminine,1.0,kw/mhs,
dw=ma,neuter,3.0,dw/matos,
ke/ramos,masculine,2.0,kera/mou,
klini/dion,neuter,2.0,klinidi/ou,"klinidi/w|, klini/dion"
grammateu/s,masculine,3.0,grammate/ws,"grammatei=s, grammate/wn, grammateu=si(n)"
e)/kstasis,feminine,3.0,e)ksta/sews,
telw/nion,neuter,2.0,telwni/ou,telw/nion
doxh/,feminine,1.0,doxh=s,doxh/n
*leui/s,masculine,3.0,,
maqhth/s,masculine,1.0,maqhtou=,
numfw/n,masculine,3.0,numfw=nos,
e)pi/blhma,neuter,3.0,e)piblh/matos,e)pi/blhma
a)sko/s,masculine,2.0,a)skou=,
sta/xus,masculine,3.0,sta/xuos,"sta/xuas, sta/xun, sta/xui+"
pro/qesis,feminine,3.0,proqe/sews,
a)/noia,feminine,1.0,a)noi/as,
*)andre/as,masculine,1.0,*)andre/ou,
*barqolomai=os,masculine,2.0,*barqolomai/ou,*barqolomai=on
*maqqai=os,masculine,2.0,*maqqai/ou,*maqqai=on
*qwma=s,masculine,1.0,*qwma=,"*qwma=n, *qwma=|"
*(alfai=os,masculine,2.0,*(alfai/ou,
*zhlwth/s,masculine,1.0,*zhlw/tou,*zhlwth/n
*)iskariw/q,masculine,3.0,*)iskariw/q,*)iskariw/q
prodo/ths,masculine,1.0,prodo/tou,prodo/tai
*tu/ros,feminine,2.0,*tu/rou,
*sidw/n,feminine,3.0,*sidw=nos,
siagw/n,feminine,3.0,*siago/nos,
ko/lpos,masculine,2.0,ko/lpou,
bo/qunos,masculine,2.0,boqu/nou,
ka/rfos,neuter,3.0,ka/rfou,ka/rfos
doko/s,feminine,2.0,dokou=,doko/n
u(pokrith/s,masculine,1.0,u(pokritou=,"u(pokrita/, u(pokritai/, u(pokritw=n"
a)/kanqa,feminine,1.0,a)ka/nqhs,
su=kon,neuter,2.0,su/kou,
ba/tos,feminine,2.0,ba/tou,
qhsauro/s,masculine,2.0,qhsaurou=,
peri/sseuma,neuter,3.0,perisseu/matos,
plh/mmura,feminine,1.0,plhmmu/rhs,
r(h=gma,neuter,1.0,,
a)koh/,feminine,1.0,a)koh=s,
e(katonta/rxhs,masculine,1.0,e(katonta/rxou,
ste/gh,feminine,1.0,ste/ghs,ste/ghn
stratiw/ths,masculine,1.0,stratiw/tou,"stratiw/tas, stratiw=tai, stratiw/th|, stratiwtw=n, stratiw/thn, stratiw/tais"
*nai/+n,feminine,3.0,*nai/+n,*nai/+n
pu/lh,feminine,1.0,pu/lhs,
soro/s,feminine,2.0,sorou=,
neani/skos,masculine,2.0,neani/skou,"neani/ske, neani/skoi, neani/skon"
baptisth/s,masculine,1.0,baptistou=,
ma/stic,feminine,3.0,ma/stigos,
i(matismo/s,masculine,2.0,i(matismou=,
trufh/,feminine,1.0,trufh=s,
boulh/,feminine,1.0,boulh=s,
a)gora/,feminine,1.0,a)gora=s,
fa/gos,masculine,2.0,,
oi)nopo/ths,masculine,1.0,,
a)la/bastron,neuter,2.0,a)laba/strou,a)la/bastron
xreofeile/ths,masculine,1.0,xreofeile/tou,"xreofeile/tai, xreofeiletw=n"
danisth/s,masculine,1.0,danistou=,danisth=|
fi/lhma,neuter,3.0,filh/matos,"fi/lhma, filh/mati"
*magdalhnh/,feminine,1.0,*magdalhnh=s,*magdalhnh=|
*)iwa/nna,feminine,1.0,,
*xouza=s,masculine,3.0,*xouza=,
e)pi/tropos,masculine,2.0,e)pitro/pou,
*sousa/nna,feminine,1.0,,
spo/ros,masculine,2.0,spo/rou,
i)kma/s,feminine,3.0,i)kma/dos,i)kma/da
me/rimna,feminine,1.0,meri/mnhs,
h(donh/,feminine,1.0,h(donh=s,
bi/os,masculine,2.0,bi/ou,
lai=lay,feminine,3.0,lai/lapos,
klu/dwn,masculine,3.0,klu/dwnos,
galh/nh,feminine,3.0,,
pe/dh,feminine,1.0,pe/dhs,"pe/dais, pe/das"
desmo/n,neuter,2.0,desmou=,desma/
legiw/n,feminine,3.0,legiw/nos,"legiw=na, legiw=nas"
a)ge/lh,feminine,1.0,a)ge/lhs,
xoi=ros,masculine,2.0,xoi/rou,"xoi/rwn, xoi/rous, xoi=roi"
krhmno/s,masculine,2.0,krhmnou=,
a)gro/s,masculine,2.0,a)grou=,
*)ia/i+ros,masculine,2.0,,
r(u/sis,feminine,3.0,r(u/sews,
kra/spedon,neuter,2.0,kraspe/dou,
ai)ti/a,feminine,1.0,ai)ti/as,
a)rxisuna/gwgos,masculine,2.0,a)rxisunagw/gou,
pai=s,feminine,3.0,paido/s,
ph/ra,feminine,1.0,ph/ras,
a)rgu/rion,neuter,2.0,a)rguri/ou,
koniorto/s,masculine,2.0,koniortou=,
*bhqsai+da/,feminine,3.0,*bhqsai+da/,
e)pisitismo/s,masculine,2.0,e)pisitismou=,e)pisitismo/n
klisi/a,feminine,1.0,klisi/as,klisi/as
kla/sma,neuter,3.0,kla/smatos,"klasma/twn, kla/smata"
ko/finos,masculine,2.0,kofi/nou,"ko/finoi, kofi/nous, kofi/nwn"
stauro/s,masculine,2.0,staurou=,
e)/codos,feminine,2.0,e)co/dou,
u(/pnos,masculine,2.0,u(/pnou,
a)fro/s,masculine,2.0,a)frou=,
megaleio/ths,feminine,3.0,megaleio/thtos,
a)na/lhmyis,feminine,3.0,a)nalh/myews,
*samari/ths,masculine,1.0,*samari/tou,"*samaritw=n, *samari/tais, *samari=tai"
a)lw/phc,feminine,3.0,a)lw/pekos,"a)lw/pekes, a)lw/peki"
fwleo/s,masculine,2.0,fwleou=,fwleou/s
kataskh/nwsis,feminine,3.0,kataskhnw/sews,kataskhnw/seis
a)/rotron,neuter,2.0,a)ro/trou,
e)rga/ths,masculine,1.0,e)rga/tou,
a)rh/n,masculine,3.0,a)rno/s,a)/rnas
lu/kos,masculine,2.0,lu/kou,"lu/kwn, lu/kon, lu/koi"
balla/ntion,neuter,2.0,ballanti/ou,
*xorazi/n,feminine,3.0,*xorazi/n,*xorazi/n
spodo/s,feminine,2.0,spodou=,
*)ierixw/,feminine,3.0,*)ierixw/,
lh|sth/s,masculine,1.0,lh|stou=,"lh|stai=s, lh|sta/s, lh|stw=n, lh|sth/n, lh|stai/"
sugkuri/a,feminine,1.0,sugkuri/as,sugkuri/an
*leui/ths,masculine,1.0,*leui/tou,*leui/tas
trau=ma,neuter,3.0,trau/matos,trau/mata
pandoxei=on,neuter,2.0,pandoxei/ou,pandoxei=on
pandoxeu/s,masculine,3.0,pandoxe/ws,pandoxei=
*ma/rqa,feminine,1.0,*ma/rqas,
a)delfh/,feminine,1.0,a)delfh=s,
meri/s,feminine,3.0,meri/dos,
mesonu/ktion,neuter,2.0,mesonukti/ou,
koi/th,feminine,1.0,koi/ths,
a)nai/deia,feminine,1.0,a)naidei/as,a)nai/deian
w)|o/n,neuter,2.0,w)|ou=,w)|o/n
do/ma,neuter,3.0,do/matos,"do/mata, do/ma"
*beelzebou/l,masculine,3.0,*beelzebou/l,*beelzebou/l
diano/hma,neuter,3.0,dianoh/matos,dianoh/mata
krith/s,masculine,1.0,kritou=,
da/ktulos,masculine,2.0,daktu/lou,
panopli/a,feminine,1.0,panopli/as,
sku=lon,neuter,2.0,sku/ou,sku=la
*)iwna=s,masculine,3.0,*)iwna=,
*nineui/ths,masculine,1.0,*nineui/tou,"*nineui/tais, *nineui=tai"
pe/ras,neuter,3.0,pe/ratos,"pera/twn, pe/rata"
*solomw/n,masculine,3.0,*solomw=nos,
kh/rugma,neuter,3.0,khru/gmatos,
kru/pth,feminine,1.0,kru/pths,kru/pthn
mo/dios,masculine,2.0,modi/ou,mo/dion
fe/ggos,neuter,3.0,fe/ggous,fe/ggos
a)/riston,neuter,2.0,a)ri/stou,
pi/nac,masculine,3.0,pi/nakos,
a(rpagh/,feminine,1.0,a(rpagh=s,
ponhri/a,feminine,1.0,ponhri/as,
e)lehmosu/nh,feminine,1.0,e)lehmosu/nhs,"e)lehmosu/nhn, e)lehmosunw=n, e)lehmosu/nas, e)lehmosu/nai"
h(du/osmon,neuter,2.0,h(duo/smou,h(du/osmon
ph/ganon,neuter,2.0,phga/nou,ph/ganon
la/xanon,neuter,2.0,laxa/nou,"la/xanon, la/xana, laxa/nwn"
prwtokaqedri/a,feminine,1.0,prwtokaqedri/as,"prwtokaqedri/an, prwtokaqedri/as"
mnhmei=on,neuter,2.0,mnhmei/ou,
forti/on,neuter,2.0,forti/ou,
*(/abel,masculine,3.0,*(/abel,
zu/mh,feminine,1.0,zu/mhs,
u(po/krisis,feminine,3.0,u(pokri/sews,
skoti/a,feminine,1.0,skoti/as,
tamei=on,neuter,2.0,tamei/ou,"tamei/ois, tamei=on"
ge/enna,feminine,1.0,gee/nnhs,
strouqi/on,neuter,2.0,strouqi/ou,
a)ssa/rion,neuter,2.0,a)ssari/ou,
klhronomi/a,feminine,1.0,klhronomi/as,
meristh/s,masculine,1.0,meristou=,meristh/n
pleoneci/a,feminine,1.0,pleoneci/as,
trofh/,feminine,1.0,trofh=s,
e)/nduma,neuter,3.0,e)ndu/matos,
ko/rac,masculine,3.0,ko/rakos,ko/rakas
kri/non,neuter,2.0,kri/nou,
kli/banos,masculine,2.0,kliba/nou,kli/banon
poi/mnion,neuter,2.0,poimni/ou,
sh/s,masculine,1.0,,
o)sfu/s,feminine,3.0,o)sfu/os,
oi)kodespo/ths,masculine,1.0,oi)kodespo/tou,
oi)kono/mos,masculine,2.0,oi)kono/mou,"oi)kono/mon, oi)kono/mous, oi)kono/mois, oi)kono/moi"
sitome/trion,neuter,2.0,sitometri/ou,sitome/trion
paidi/skh,feminine,1.0,paidi/skhs,
diamerismo/s,masculine,2.0,diamerismou=,diamerismo/n
o)/mbros,masculine,2.0,,
kau/swn,masculine,3.0,kau/swnos,
a)nti/dikos,masculine,2.0,a)ntidi/kou,
e)rgasi/a,feminine,1.0,e)rgasi/as,
pra/ktwr,masculine,3.0,pra/ktoros,pra/ktori
pu/rgos,masculine,2.0,pu/rgou,
*silwa/m,masculine,3.0,*silwa/m,
o)feile/ths,masculine,1.0,o)feile/tou,"o)feile/tai, o)feile/tais"
a)mpelw/n,masculine,3.0,a)mpelw=nos,
a)mpelourgo/s,masculine,2.0,a)mpelourgou=,a)mpelourgo/n
ko/prion,neuter,2.0,kopri/ou,ko/pria
bou=s,masculine,3.0,boo/s,"bou=n, bow=n, bo/as"
o)/nos,masculine,2.0,o)/nou,
desmo/s,masculine,2.0,desmou=,
ko/kkos,masculine,2.0,ko/kkou,"ko/kkw|, ko/kkon"
si/napi,neuter,3.0,sina/pews,
kh=pos,masculine,2.0,kh/pou,
kla/dos,masculine,2.0,kla/dou,"kla/dois, kla/doi, kla/dwn, kla/dous"
a)/leuron,neuter,2.0,a)leu/rou,
sa/ton,neuter,2.0,sa/tou,sa/ta
porei/a,feminine,1.0,porei/as,
a)diki/a,feminine,1.0,a)diki/as,
klauqmo/s,masculine,2.0,,
brugmo/s,masculine,2.0,,
i)/asis,feminine,3.0,i)a/sews,
tro/pos,masculine,2.0,tro/pou,"tro/pon, tro/pw|"
o)/rnis,feminine,3.0,,
nossia/,feminine,1.0,nossia/s,nossia/n
prwtoklisi/a,feminine,1.0,prwtoklisi/as,"prwtoklisi/as, prwtoklisi/an"
gei/twn,masculine,3.0,gei/tonos,"gei/tonas, gei/tones"
a)ntapo/doma,neuter,3.0,a)ntapodo/matos,a)ntapo/doma
a)na/gkh,feminine,1.0,a)na/gkhs,
r(u/mh,feminine,1.0,r(u/mhs,"r(u/mas, r(u/mhn, r(u/mais"
fragmo/s,masculine,2.0,fragmou=,
dapa/nh,feminine,1.0,dapa/nhs,dapa/nhn
a)partismo/s,masculine,2.0,a)partismou=,a)partismo/n
presbei/a,feminine,1.0,presbei/as,presbei/an
a(/las,neuter,3.0,a(/latos,"a(/la, a(/lati"
kopri/a,feminine,1.0,kopri/as,
w)=mos,masculine,2.0,w)/mou,
draxmh/,feminine,1.0,draxmh=s,"draxma/s, draxmh/n"
gei/twn,feminine,3.0,gei/tonos,"gei/tonas, gei/tones"
ou)si/a,feminine,1.0,ou)si/as,
limo/s,feminine,2.0,limou=,"limw=|, limoi/, limo/n"
poli/ths,masculine,1.0,poli/tou,"politw=n, poli=tai, poli/thn"
kera/tion,neuter,2.0,kerati/ou,kerati/wn
tra/xhlos,masculine,2.0,traxh/lou,
daktu/lios,masculine,2.0,daktuli/ou,
sumfwni/a,feminine,1.0,sumfwni/as,
xoro/s,masculine,2.0,xorou=,xorw=n
e)/rifos,masculine,2.0,e)ri/fou,"e)/rifon, e)ri/fwn"
oi)konomi/a,feminine,1.0,oi)konomi/as,
ba/tos,masculine,2.0,ba/tou,
gra/mma,neuter,3.0,gra/mmatos,
ko/ros,masculine,2.0,ko/rou,
mamwna=s,masculine,3.0,mamwna=,
oi)ke/ths,masculine,1.0,oi)ke/tou,
kerai/a,feminine,1.0,kerai/as,kerai/an
bu/ssos,feminine,2.0,bu/ssou,
*la/zaros,masculine,2.0,*laza/rou,"*la/zaron, *la/zare"
tra/peza,feminine,1.0,trape/zhs,
ba/sanos,feminine,2.0,basa/nou,
a)/kron,neuter,2.0,a)/krou,
xa/sma,neuter,1.0,,
suka/minos,feminine,2.0,sukami/nou,sukami/nw|
*sama/reia,feminine,1.0,*samarei/as,
parath/rhsis,feminine,3.0,parathrh/sews,
kataklusmo/s,masculine,2.0,kataklusmou=,
*lw/t,masculine,3.0,*lw/t,
e)kdi/khsis,feminine,3.0,e)kdikh/sews,
moixo/s,masculine,2.0,moixou=,
neo/ths,feminine,3.0,neo/thtos,
xrh=ma,neuter,3.0,xrh/matos,"xrh/mata, xrh=ma, xrhma/twn"
ka/mhlos,feminine,2.0,kamh/lou,
trh=ma,neuter,3.0,trh/matos,
belo/nh,feminine,1.0,belo/nhs,
*nazwrai=os,masculine,2.0,*nazwrai/ou,
ai)=nos,masculine,2.0,ai)/nou,ai)=non
*zakxai=os,masculine,2.0,*zakxai/ou,*zakxai=e
a)rxitelw/nhs,masculine,1.0,,
sukomore/a,feminine,1.0,sukomore/as,sukomore/an
mna=,feminine,1.0,mna=s,
souda/rion,neuter,2.0,soudari/ou,"soudari/w|, souda/rion, souda/ria"
to/kos,masculine,2.0,to/kou,
*bhqfagh/,feminine,1.0,*bhqfagh=s,*bhqfagh/
*bhqani/a,feminine,1.0,*bhqani/as,
pw=los,masculine,2.0,pw/lou,pw=lon
kata/basis,feminine,3.0,kataba/sews,kataba/sei
xa/rac,masculine,3.0,xa/rakos,xa/raka
e)piskoph/,feminine,1.0,e)piskoph=s,
gewrgo/s,masculine,2.0,gewrgou=,"gewrgoi=s, gewrgou/s, gewrgoi/, gewrgw=n, gewrgo/n"
klhrono/mos,masculine,2.0,klhrono/mou,"klhrono/mous, klhrono/mon, klhrono/moi, klhrono/mois"
h(gemw/n,masculine,3.0,h(gemo/nos,
fo/ros,masculine,2.0,fo/rou,
panourgi/a,feminine,1.0,panourgi/as,
e)pigrafh/,feminine,1.0,e)pigrafh=s,e)pigrafh/n
*saddoukai=os,masculine,2.0,*saddoukai/ou,"*saddoukai/wn, *saddoukai=oi, *saddoukai/ous"
yalmo/s,masculine,2.0,yalmou=,
u(popo/dion,neuter,2.0,u(popodi/ou,u(popo/dion
pro/fasis,feminine,3.0,profa/sews,"profa/sei, pro/fasin"
gazofula/kion,neuter,2.0,gazofulaki/ou,
u(ste/rhma,neuter,3.0,u(sterh/matos,
a)na/qema,neuter,3.0,a)naqe/matos,"a)naqh/masi(n), a)naqe/mati"
a)katastasi/a,feminine,1.0,a)katastasi/as,
loimo/s,masculine,2.0,loimou=,loimoi/
fo/bhtron,neuter,2.0,fobh/trou,fo/bhtra
strato/pedon,neuter,2.0,stratope/dou,stratope/dwn
e)rh/mwsis,feminine,3.0,e)rhmw/sews,
a)/stron,neuter,2.0,a)/strou,"a)/strois, a)/stron, a)/strwn, a)/stra"
sunoxh/,feminine,1.0,sunoxh=s,
a)pori/a,feminine,1.0,a)pori/as,a)pori/a|
h)=xos,neuter,3.0,h)/xous,
sa/los,masculine,2.0,sa/lou,
prosdoki/a,feminine,1.0,prosdoki/as,
a)polu/trwsis,feminine,3.0,a)polutrw/sews,
qe/ros,neuter,3.0,,
kraipa/lh,feminine,1.0,kraipa/lhs,kraipa/lh|
me/qh,feminine,1.0,me/qhs,
pagi/s,feminine,3.0,pagi/dos,
*)iskariw/ths,masculine,1.0,*)iskariw/tou,
strathgo/s,masculine,2.0,stratghou=,"strathgoi=s, strathgou/s, strathgoi/"
eu)kairi/a,feminine,1.0,eu)kairi/as,eu)kairi/an
kera/mion,neuter,2.0,kerami/ou,
a)na/gaion,neuter,2.0,a)nagai/ou,a)na/gaion
ge/nhma,neuter,3.0,genh/matos,
a)na/mnhsis,feminine,3.0,a)namnh/sews,a)na/mnhsin
filoneiki/a,feminine,1.0,,
eu)erge/ths,masculine,1.0,eu)erge/tou,eu)erge/tai
a)le/ktwr,masculine,3.0,a)le/ktoros,a)le/ktora
bolh/,feminine,1.0,bolh=s,bolh/n
a)gwni/a,feminine,1.0,a)gwni/as,a)gwni/a|
i(drw/s,masculine,3.0,,
qro/mbos,masculine,2.0,qro/mbou,qro/mboi
lu/ph,feminine,1.0,lu/phs,
w)ti/on,neuter,2.0,w)ti/ou,
presbute/rion,neuter,2.0,presbuteri/ou,
sune/drion,neuter,2.0,sunedri/ou,
e)sqh/s,feminine,3.0,e)sqh/tos,"e)sqh=ta, e)sqh=ti, e)sqh/sesi(n)"
e)/xqra,feminine,1.0,e)/xqras,
*barabba=s,masculine,3.0,*barabba=,*barabba=n
sta/sis,feminine,3.0,sta/sews,
ai)/thma,neuter,3.0,ai)th/matos,"ai)/thma, ai)th/mata"
*kurhnai=os,masculine,2.0,*kurhnai/ou,
krani/on,neuter,2.0,krani/ou,
klh=ros,masculine,2.0,klh/rou,
o)/cos,neuter,3.0,o)/cous,
katape/tasma,neuter,3.0,katapeta/smatos,
qewri/a,feminine,1.0,qewri/as,qewri/an
bouleuth/s,masculine,1.0,,
pra=cis,feminine,3.0,pra/cews,
*(arimaqai/a,feminine,1.0,*(arimaqai/as,
sindw/n,feminine,3.0,sindo/nos,"sindo/ni, sindo/na"
paraskeuh/,feminine,1.0,paraskeuh=s,
a)/rwma,neuter,3.0,a)rw/matos,"a)rw/mata, a)rwma/twn"
o)/rqros,masculine,2.0,o)/rqrou,
lh=ros,masculine,2.0,,
o)qo/nion,neuter,2.0,o)qoni/ou,"o)qo/nia, o)qoni/ois, o)qoni/wn"
*)emmaou=s,feminine,3.0,,
*kleopa=s,masculine,3.0,,
e(spe/ra,feminine,1.0,e(spe/ras,
kla/sis,feminine,3.0,kla/sews,kla/sei
o)ste/on,neuter,2.0,o)ste/ou,"o)ste/a, o)ste/wn"
e)paggeli/a,feminine,1.0,e)paggeli/as,
*pau=los,masculine,2.0,*pau/lou,
*swsqe/nhs,masculine,1.0,*swsqe/nou,*swsqe/nhn
*ko/rinqos,feminine,2.0,*kori/nqou,"*kori/nqw|, *ko/rinqon"
xa/risma,neuter,3.0,xari/smatos,
koinwni/a,feminine,1.0,koinwni/as,
sxi/sma,neuter,3.0,sxi/smatos,sxi/smata
*xlo/h,feminine,1.0,*xlo/hs,
e)/ris,feminine,3.0,e)/ridos,
*)apollw=s,masculine,3.0,*)apollw=,
*khfa=s,masculine,3.0,*khfa=,
*kri/spos,masculine,2.0,*kri/spou,*kri/spon
*ga/i+os,masculine,2.0,*gai/+ou,"*ga/i+on, *gai/+w|"
*stefana=s,masculine,3.0,*stefana=,
mwri/a,feminine,1.0,mwri/as,
suzhthth/s,masculine,1.0,,
*(/ellhn,masculine,3.0,*(/ellhnos,
klh=sis,feminine,3.0,klh/sews,
a(giasmo/s,masculine,2.0,a(giasmou=,
u(peroxh/,feminine,1.0,u(peroxh=s,"u(peroxh/n, u(peroxh=|"
tro/mos,masculine,2.0,tro/mou,
a)po/deicis,feminine,3.0,a)podei/cews,a)podei/cei
ga/la,neuter,3.0,ga/laktos,
zh=los,masculine,2.0,zh/lou,
dia/konos,masculine,2.0,diako/nou,"dia/konoi, diako/nois, dia/konon, diako/nous"
gew/rgion,neuter,2.0,,
oi)kodomh/,feminine,1.0,oi)kodomh=s,
a)rxite/ktwn,masculine,3.0,,
kala/mh,feminine,1.0,kala/mhs,
e)/painos,masculine,2.0,e)pai/nou,e)/painon
qe/atron,neuter,2.0,qea/trou,qe/atron
perika/qarma,neuter,3.0,perkaqa/rmatos,perikaqa/rmata
peri/yhma,neuter,1.0,,
paidagwgo/s,masculine,2.0,paidagwgou=,"paidagwgou/s, paidagwgo/n"
mimhth/s,masculine,1.0,mimhtou=,mimhtai/
*timo/qeos,masculine,2.0,*timoqe/ou,
prau/+ths,feminine,3.0,prau/+thtos,
o)/leqros,masculine,2.0,o)le/qrou,
kau/xhma,neuter,3.0,kauxh/matos,
fu/rama,neuter,3.0,fura/matos,
kaki/a,feminine,1.0,kaki/as,
ei)likri/neia,feminine,1.0,ei)likrinei/as,
e)pistolh/,feminine,1.0,e)pistolh=s,
pleone/kths,masculine,1.0,pleone/ktou,"pleone/ktais, pleone/ktai"
loi/doros,masculine,2.0,loido/rou,
me/qusos,masculine,2.0,mequ/sou,
krith/rion,neuter,2.0,krithri/ou,
e)ntroph/,feminine,1.0,e)ntroph=s,e)ntroph/n
h(/tthma,neuter,1.0,,
a)rsenokoi/ths,masculine,1.0,a)rsenokoi/tou,"a)rsenokoi=tai, a)rsenokoi/tais"
me/los,neuter,3.0,me/lous,"me/lh, me/lesi(n), melw=n"
a(ma/rthma,neuter,3.0,a(marth/matos,
o)feilh/,feminine,1.0,o)feilh=s,"o)feilh/n, o)feila/s"
a)krasi/a,feminine,1.0,a)krasi/as,
suggnw/mh,feminine,1.0,suggnw/mhs,suggnw/mhn
e)pitagh/,feminine,1.0,e)pitagh=s,
a)/gamos,masculine,2.0,a)ga/mou,a)ga/mois
a)/gamos,feminine,2.0,a)ga/mou,a)ga/mois
a)krobusti/a,feminine,1.0,a)krobusti/as,
peritomh/,feminine,1.0,peritomh=s,
th/rhsis,feminine,3.0,thrh/sews,"th/rhsin, thrh/sei"
lu/sis,feminine,3.0,lu/sews,lu/sin
sxh=ma,neuter,3.0,sxh/matos,sxh/mati
bro/xos,masculine,2.0,bro/xou,bro/xon
brw=sis,feminine,3.0,brw/sews,
sunh/qeia,feminine,1.0,sunhqei/as,"sunhqei/a|, sunh/qeian"
sunei/dhsis,feminine,3.0,suneidh/sews,
pro/skomma,neuter,3.0,prosko/mmatos,
ei)dwlei=on,neuter,2.0,ei)dwlei/ou,ei)dwlei/w|
kre/as,neuter,3.0,kre/ws,kre/a
a)postolh/,feminine,1.0,a)postolh=s,
a)pologi/a,feminine,1.0,a)pologi/as,
*barnaba=s,masculine,3.0,*barnaba=,
e)lpi/s,feminine,3.0,e)lpi/dos,
e)gkoph/,feminine,1.0,e)gkoph=s,e)gkoph/n
sta/dion,neuter,2.0,stadi/ou,stadi/w|
brabei=on,neuter,2.0,brabei/ou,brabei=on
po/ma,neuter,3.0,po/matos,"po/ma, po/masi(n)"
tu/pos,masculine,2.0,tu/pou,"tu/poi, tu/pon, tu/pous"
e)piqumhth/s,masculine,1.0,e)piqumhtou=,e)piqumhta/s
o)loqreuth/s,masculine,1.0,o)loqreutou=,
nouqesi/a,feminine,1.0,nouqesi/as,"nouqesi/an, nouqesi/a|"
e)/kbasis,feminine,3.0,e)kba/sews,e)/kbasin
ei)dwlolatri/a,feminine,1.0,ei)dwlolatri/as,
ma/kellon,neuter,2.0,make/llou,make/llw|
plh/rwma,neuter,3.0,plhrw/matos,
e)leuqeri/a,feminine,1.0,e)leuqeri/as,
para/dosis,feminine,3.0,parado/sews,"parado/seis, para/dosin, parado/sei, parado/sewn"
fu/sis,feminine,3.0,fu/sews,
a)timi/a,feminine,1.0,a)timi/as,
ko/mh,feminine,1.0,,
peribo/laion,neuter,2.0,peribolai/ou,
ai(/resis,feminine,3.0,ai(re/sews,
diai/resis,feminine,3.0,diaire/sews,diaire/seis
e)ne/rghma,neuter,3.0,e)nergh/matos,"e)nerghma/twn, e)nergh/mata"
fane/rwsis,feminine,3.0,fanerw/sews,fanerw/sei
i)/ama,neuter,3.0,i)a/matos,i)ama/twn
dia/krisis,feminine,3.0,diakri/sews,"diakri/seis, dia/krisin"
e(rmhnei/a,feminine,1.0,e(rmhnei/as,e(rmhnei/an
o)/sfrhsis,feminine,3.0,,
eu)sxhmosu/nh,feminine,1.0,eu)sxhmosu/nhs,eu)sxhmosu/nhn
a)nti/lhmyis,feminine,3.0,a)ntilh/myews,a)ntilh/myeis
kube/rnhsis,feminine,3.0,kubernh/sews,
u(perbolh/,feminine,1.0,u(perbolh=s,"u(perbolh/n, u(perbolh=|"
ku/mbalon,neuter,2.0,,
e)/soptron,neuter,2.0,e)so/ptrou,
ai)/nigma,neuter,3.0,ai)ni/gmatos,ai)ni/gmati
paramuqi/a,feminine,1.0,paramuqi/as,paramuqi/an
au)lo/s,masculine,2.0,,
diastolh/,feminine,1.0,diastolh=s,diastolh/n
fqo/ggos,masculine,2.0,fqo/ggou,fqo/ggois
zhlwth/s,masculine,1.0,zhlwtou=,"zhlwtai/, zhlwth/n"
i)diw/ths,masculine,1.0,i)diw/tou,
frh/n,feminine,3.0,freno/s,fresi/(n)
xei=los,neuter,3.0,xei/lous,"xei/lesi(n), xei/lh, xei=los, xeile/wn"
diermhneuth/s,masculine,1.0,,
e)/ktrwma,neuter,3.0,e)ktrw/matos,e)ktrw/mati
yeudo/martus,masculine,3.0,yeudoma/rturos,"yeudoma/rtures, yeudomartu/rwn"
ta/gma,neuter,3.0,ta/gmatos,ta/gmati
parousi/a,feminine,1.0,parousi/as,
kau/xhsis,feminine,3.0,kauxh/sews,
o)/felos,neuter,3.0,,
h)=qos,neuter,3.0,h)/qous,h)/qh
o(mili/a,feminine,1.0,o(mili/as,
a)gnwsi/a,feminine,1.0,a)gnwsi/as,a)gnwsi/an
fqora/,feminine,1.0,fqora=s,
a)fqarsi/a,feminine,1.0,a)fqarsi/as,"a)fqarsi/a|, a)fqarsi/an"
r(iph/,feminine,1.0,r(iph=s,r(iph=|
a)qanasi/a,feminine,1.0,a)qanasi/as,a)qanasi/an
ni=kos,neuter,3.0,ni/kous,ni=kos
logei/a,feminine,1.0,logei/as,
*galati/a,feminine,1.0,*galati/as,
*makedoni/a,feminine,1.0,*makedoni/as,
pa/rodos,feminine,2.0,paro/dou,paro/dw|
penthkosth/,feminine,1.0,penthkosth=s,
*)axai/+a,feminine,1.0,*)axai/+as,
*fortouna=tos,masculine,2.0,*fortouna/tou,
*)axai+ko/s,masculine,2.0,*)axai+kou=,
*)aku/las,masculine,1.0,*)aku/lou,*)aku/lan
*pri/ska,feminine,1.0,*pri/skou,*pri/skan
mara/na,masculine,3.0,,mara/na
diaspora/,feminine,1.0,diaspora=s,
doki/mion,neuter,2.0,,
a)/nqos,neuter,3.0,,
eu)pre/peia,feminine,1.0,,
do/sis,feminine,3.0,do/sews,
dw/rhma,neuter,3.0,,
parallagh/,feminine,1.0,,
troph/,feminine,1.0,troph=s,
a)poski/asma,neuter,3.0,,
r(upari/a,feminine,1.0,r(upari/as,r(upari/an
perissei/a,feminine,1.0,perissei/as,perissei/an
poihth/s,masculine,1.0,poihtou=,"poihtai/, poihtw=n"
a)kroath/s,masculine,1.0,a)kroatou=,
e)pilhsmonh/,feminine,1.0,e)pilhsmonh=s,
poi/hsis,feminine,3.0,poih/sews,
qrhskei/a,feminine,1.0,qrhskei/as,
proswpolhmyi/a,feminine,1.0,proswpolhmyi/as,proswpolhmyi/ais
paraba/ths,masculine,1.0,paraba/tou,"paraba/tai, paraba/thn"
*(raa/b,feminine,3.0,,
phda/lion,neuter,2.0,phdali/ou,
o(rmh/,feminine,1.0,,
u(/lh,feminine,1.0,u(/lhs,
troxo/s,masculine,2.0,troxou=,
e(rpeto/n,neuter,2.0,e(rpetou=,
i)o/s,masculine,2.0,i)ou=,
o(moi/wsis,feminine,3.0,o(moiw/sews,
kata/ra,feminine,1.0,kata/ras,
o)ph/,feminine,1.0,o)ph=s,
a)nastrofh/,feminine,1.0,a)nastrofh=s,
e)riqei/a,feminine,1.0,e)riqei/as,
ma/xh,feminine,1.0,ma/xhs,
fili/a,feminine,1.0,,
fqo/nos,masculine,2.0,fqo/nou,
ge/lws,masculine,3.0,,
kath/feia,feminine,1.0,kath/feias,kath/feian
nomoqe/ths,masculine,1.0,,
a)tmi/s,feminine,3.0,a)tmi/dos,a)tmi/da
a)lazonei/a,feminine,1.0,a)lazonei/as,
talaipwri/a,feminine,1.0,talaipwri/as,
boh/,feminine,1.0,boh=s,
*sabaw/q,masculine,3.0,*sabaw/q,*sabaw/q
sfagh/,feminine,1.0,sfagh=s,
u(po/deigma,neuter,3.0,u(podei/gmatos,"u(po/deigma, u(podei/gmati, u(podei/gmata"
kakopaqi/a,feminine,1.0,kakopaqi/as,
makroqumi/a,feminine,1.0,makroqumi/as,
*)iw/b,masculine,3.0,*)iw/b,
eu)xh/,feminine,1.0,eu)xh=s,
pla/nh,feminine,1.0,pla/nhs,
*silouano/s,masculine,2.0,*silouanou=,
*qessalonikeu/s,masculine,3.0,*qessalonike/ws,
mnei/a,feminine,1.0,mnei/as,"mnei/an, mnei/a|"
e)klogh/,feminine,1.0,e)klogh=s,
plhrofori/a,feminine,1.0,plhrofori/as,
ei)/sodos,feminine,2.0,ei)so/dou,
*fi/lippoi,masculine,3.0,*fili/ppwn,"*fili/ppois, *fili/ppous, *fili/ppwn"
a)gw/n,masculine,3.0,a)gw=nos,
a)kaqarsi/a,feminine,1.0,a)kaqarsi/as,
do/los,masculine,2.0,do/lou,
kolakei/a,feminine,1.0,kolakei/as,
trofo/s,feminine,2.0,,
mo/xqos,masculine,2.0,mo/xqou,
sumfule/ths,masculine,1.0,sumfule/tou,sumfuletw=n
*)aqh=nai,feminine,1.0,*)aqhnw=n,"*)aqh/nais, *)aqhnw=n"
a(giwsu/nh,feminine,1.0,a(giwsu/nhs,
paraggeli/a,feminine,1.0,paraggeli/as,
pa/qos,neuter,3.0,pa/qous,"pa/qei, pa/qh, pa/qos"
filadelfi/a,feminine,1.0,filadelfi/as,
ke/leusma,neuter,3.0,keleu/smatos,keleu/smati
a)rxa/ggelos,masculine,2.0,a)rxagge/lou,
a)pa/nthsis,feminine,3.0,a)panth/sews,a)pa/nthsin
w)di/n,feminine,3.0,w)di/nos,"w)di=nas, w)di/nwn"
perikefalai/a,feminine,1.0,perikefalai/as,perikefalai/an
peripoi/hsis,feminine,3.0,peripoih/sews,
a)mno/s,masculine,2.0,a)mnou=,
r(abbi/,masculine,3.0,r(abbi/,r(abbi/
*messi/as,masculine,1.0,*messi/ou,*messi/an
*naqanah/l,masculine,3.0,*naqanah/l,*naqanah/l
*nazare/t,feminine,3.0,*nazare/t,
*)israhli/ths,masculine,1.0,*)israhli/tou,*)israhli=tai
*kana/,feminine,1.0,*kana/,
u(dri/a,feminine,1.0,u(dri/as,
metrhth/s,masculine,1.0,metrhtou=,metrhta/s
a)rxitri/klinos,masculine,2.0,a)rxitrikli/nou,a)rxitrikli/nw|
kermatisth/s,masculine,1.0,kermatistou=,kermatista/s
frage/llion,neuter,2.0,fragelli/ou,frage/llion
sxoini/on,neuter,2.0,sxoini/ou,"sxoini/wn, sxoini/a"
kollubisth/s,masculine,1.0,kollubistou=,kollubistw=n
ke/rma,neuter,3.0,ke/rmatos,ke/rmata
e)mpo/rion,neuter,2.0,e)mpori/ou,
*niko/dhmos,masculine,2.0,,
ge/rwn,masculine,3.0,,
*ai)nw/n,feminine,3.0,*ai)nw/n,*ai)nw/n
*salei/m,neuter,3.0,*salei/m,
zh/thsis,feminine,3.0,zhth/sews,
*suxa/r,feminine,3.0,*suxa/r,*suxa/r
xwri/on,neuter,2.0,xwri/ou,
o(doipori/a,feminine,1.0,o(doipori/as,
*samari=tis,feminine,3.0,*samari/tidos,
dwrea/,feminine,1.0,dwrea=s,
a)/ntlhma,neuter,3.0,a)ntlh/matos,a)/ntlhma
qre/mma,neuter,3.0,qre/mmatos,qre/mmata
proskunhth/s,masculine,1.0,proskunhtou=,proskunhtai/
lalia/,feminine,1.0,lalia=s,
te/ras,neuter,3.0,te/ratos,"te/rata, tera/twn, te/rasi(n)"
kolumbh/qra,feminine,1.0,kolumbh/qras,
*bhqesda/,feminine,1.0,,
stoa/,feminine,1.0,stoa=s,"stoa/s, stoa=|"
kra/battos,masculine,2.0,kraba/ttou,
*tiberia/s,feminine,3.0,*tiberia/dos,
paida/rion,neuter,2.0,,
o)ya/rion,neuter,2.0,o)yari/ou,"o)ya/ria, o)yari/wn, o)ya/rion"
ploia/rion,neuter,2.0,ploiari/ou,"ploia/ria, ploiari/w|"
po/sis,feminine,3.0,po/sews,po/sei
skhnophgi/a,feminine,1.0,,
parrhsi/a,feminine,1.0,parrhsi/as,
goggusmo/s,masculine,2.0,goggusmou=,
*(ierosolumi/ths,masculine,1.0,*(ierosolumi/tou,"*(ierosolumitw=n, *(ierosolumi=tai"
a)nqrwpokto/nos,masculine,2.0,,
yeu/sths,masculine,1.0,yeu/stou,"yeu=stai, yeu/sthn, yeu/stais"
geneth/,feminine,1.0,geneth=s,
phlo/s,masculine,2.0,phlou=,
ptu/sma,neuter,3.0,ptu/smatos,
prosai/ths,masculine,1.0,,
qurwro/s,masculine,2.0,qurwrou=,qurwrw=|
paroimi/a,feminine,1.0,paroimi/as,
nomh/,feminine,1.0,nomh=s,
e)gkai/nia,neuter,2.0,e)gkaini/wn,e)gkai/nia
xeimw/n,masculine,3.0,xeimw=nos,
koi/mhsis,feminine,3.0,koimh/sews,
*di/dumos,masculine,2.0,,
summaqhth/s,masculine,1.0,summaqhtou=,summaqhtai=s
keiri/a,feminine,1.0,keiri/ou,keiri/ais
*)efrai/m,masculine,3.0,*)efrai/m,*)efrai/m
li/tra,feminine,1.0,li/tras,"li/tran, li/tras"
na/rdos,feminine,2.0,na/rdou,
o)smh/,feminine,1.0,o)smh=s,
glwsso/komon,neuter,2.0,glwssoko/mou,glwsso/komon
e)ntafiasmo/s,masculine,2.0,e)ntafiasmou=,
ba/i+on,neuter,2.0,bai/+ou,bai/+a
u(pa/nthsis,feminine,3.0,u(panth/sews,u(pa/nthsin
o)na/rion,neuter,2.0,o)nari/ou,o)na/rion
o)/nos,feminine,2.0,o)/nou,
le/ntion,neuter,2.0,le/ntiou,"le/ntion, lenti/w|"
nipth/r,masculine,3.0,nipth/ros,nipth=ra
pte/rna,feminine,1.0,pte/rnhs,
ywmi/on,neuter,2.0,ywmi/ou,ywmi/on
tekni/on,neuter,2.0,tekn/iou,tekni/a
monh/,feminine,1.0,monh=s,"monai/, monh/n"
para/klhtos,masculine,2.0,paraklh/tou,para/klhton
klh=ma,neuter,3.0,klh/matos,"klh=ma, klh/mata"
latrei/a,feminine,1.0,latrei/as,
xei/marros,masculine,2.0,xeima/rrou,
*kedrw/n,masculine,3.0,*kedrw/n,
spei=ra,feminine,1.0,spei/rhs,
fano/s,masculine,2.0,fa/nou,fanw=n
o(/plon,neuter,2.0,o(/plou,
w)ta/rion,neuter,2.0,w)tari/ou,w)ta/rion
*ma/lxos,masculine,2.0,,
qh/kh,feminine,1.0,qh/khs,
penqero/s,masculine,2.0,,
qurwro/s,feminine,2.0,qurwrou=,qurwrw=|
a)nqrakia/,feminine,1.0,a)nqrakia=s,
yu=xos,neuter,3.0,yu/xous,"yu=xos, yu/xei"
r(a/pisma,neuter,3.0,r(api/smatos,"r(a/pisma, r(api/smata, r(api/smasi(n)"
praitw/rion,neuter,2.0,praitwri/ou,"praitw/rion, praitwri/w|"
kathgori/a,feminine,1.0,kathgori/as,"kathgori/an, kathgori/a|"
bh=ma,neuter,3.0,bh/matos,
*gabbaqa,neuter,3.0,*gabbaqa,*gabbaqa
*golgoqa=,feminine,3.0,*golgoqa=,"*golgoqa=n, *golgoqa="
ti/tlos,masculine,2.0,ti/tlou,ti/tlon
*klwpa=s,masculine,3.0,*klwpa=,
spo/ggos,masculine,2.0,spo/ggou,spo/ggon
u(/sswpos,feminine,2.0,u(ssw/pou,
ske/los,neuter,3.0,ske/lous,ske/lh
lo/gxh,feminine,1.0,lo/gxhs,lo/gxh|
pleura/,feminine,1.0,pleura=s,
mi/gma,neuter,3.0,mi/gmatos,mi/gma
smu/rna,feminine,1.0,smu/rnhs,
a)lo/h,feminine,1.0,a)lo/hs,
khpouro/s,masculine,2.0,,
rabbouni,masculine,3.0,,rabbouni
h(=los,masculine,2.0,h(/lou,h(/lwn
prwi/+a,feminine,1.0,prwi/+as,
ai)gialo/s,masculine,2.0,ai)gialou=,ai)gialo/n
prosfa/gion,neuter,2.0,prosfagi/ou,prosfa/gion
e)pendu/ths,masculine,1.0,e)pendu/tou,e)pendu/thn
u(pakoh/,feminine,1.0,u(pakoh=s,
*(rw/mh,feminine,1.0,*(rw/mhs,
a)se/beia,feminine,1.0,a)sebei/as,
poi/hma,neuter,3.0,poih/matos,poih/masi(n)
qeio/ths,feminine,1.0,,
xrh=sis,feminine,3.0,xrh/sews,xrh=sin
o)/recis,feminine,3.0,o)re/cews,
a)ntimisqi/a,feminine,1.0,a)ntimisqi/as,a)ntimisqi/an
e)pi/gnwsis,feminine,3.0,e)pignw/sews,
kakoh/qeia,feminine,1.0,kakohqei/as,
yiquristh/s,masculine,1.0,yiquristou=,yiqurista/s
u(bristh/s,masculine,1.0,u(bristou=,
a)lazw/n,masculine,3.0,a)lazo/nos,"a)lazo/nas, a)lazo/nes"
e)feureth/s,masculine,1.0,e)feuretou=,e)feureta/s
xrhsto/ths,feminine,3.0,xrhsto/thtos,
a)noxh/,feminine,1.0,a)noxh=s,
sklhro/ths,feminine,1.0,sklhro/tou,sklhro/thta
dikaiokrisi/a,feminine,1.0,dikaiokrisi/as,
stenoxwri/a,feminine,1.0,stenoxwri/as,stenoxwri/ais
logismo/s,masculine,2.0,logismou=,
o(dhgo/s,masculine,2.0,o(dhgou=,
paideuth/s,masculine,1.0,paideutou=,"paideuth/n, paideuta/s"
mo/rfwsis,feminine,3.0,morfw/sews,mo/rfwsin
para/basis,feminine,3.0,paraba/sews,
w)fe/leia,feminine,1.0,w)felei/as,
lo/gion,neuter,2.0,logi/ou,"lo/gia, logi/wn"
a)pisti/a,feminine,1.0,a)pisti/as,
yeu=sma,neuter,3.0,yeu/smatos,yeu/smati
ta/fos,masculine,2.0,ta/fou,
la/rugc,masculine,3.0,,
a)spi/s,feminine,3.0,a)spi/dos,a)spi/dwn
a)ra/,feminine,1.0,a)ra=s,
pikri/a,feminine,1.0,pikri/as,
su/ntrimma,neuter,3.0,,
i(lasth/rion,neuter,2.0,i(lasthri/ou,
e)/ndeicis,feminine,3.0,e)ndei/cews,e)/ndeicin
pa/resis,feminine,3.0,pare/sews,pa/resin
propa/twr,masculine,3.0,propa/toros,propa/tora
o)fei/lhma,neuter,3.0,o)feilh/matos,"o)fei/lhma, o)feilh/mata"
makarismo/s,masculine,2.0,makarismou=,makarismo/n
a)nomi/a,feminine,1.0,a)nomi/as,
i)/xnos,neuter,3.0,i)/xnous,i)/xnesi(n)
ne/krwsis,feminine,3.0,nekrw/sews,ne/krwsin
*sa/rra,feminine,1.0,*sa/rras,
para/ptwma,neuter,3.0,paraptw/matos,
dikai/wsis,feminine,3.0,dikaiw/sews,dikai/wsin
prosagwgh/,feminine,1.0,prosagwgh=s,prosagwgh/n
dokimh/,feminine,1.0,dokimh=s,
katallagh/,feminine,1.0,katallagh=s,
kata/krima,neuter,3.0,katakri/matos,kata/krima
parakoh/,feminine,1.0,parakoh=s,
kaino/ths,feminine,3.0,kaino/thtos,kaino/thti
pa/qhma,neuter,3.0,paqh/matos,"paqh/mata, paqhma/twn, paqh/masi(n), pa/qhma"
palaio/ths,feminine,3.0,palaio/thtos,palaio/thti
a)formh/,feminine,1.0,a)formh=s,
fro/nhma,neuter,3.0,,
doulei/a,feminine,1.0,doulei/as,
ui(oqesi/a,feminine,1.0,ui(oqesi/as,
abba,masculine,3.0,,abba
a)pokaradoki/a,feminine,1.0,a)pokaradoki/as,a)pokaradoki/an
mataio/ths,feminine,3.0,mataio/thtos,
stenagmo/s,masculine,2.0,stenagmou=,
diwgmo/s,masculine,2.0,diwgmou=,
ki/ndunos,masculine,2.0,kindu/nou,kindu/nois
u(/ywma,neuter,3.0,u(yw/matos,u(/ywma
o)du/nh,feminine,1.0,o)du/nhs,
nomoqesi/a,feminine,1.0,,
*(rebe/kka,feminine,1.0,,
*)hsau=,masculine,3.0,*)hsau=,*)hsau=
*faraw/,masculine,3.0,*faraw/,
bou/lhma,neuter,3.0,boulh/matos,
pla/sma,neuter,3.0,,
kerameu/s,masculine,3.0,kerame/ws,
*(wshe/,masculine,3.0,*(wshe/,*(wshe/
u(po/leimma,neuter,3.0,,
*go/morra,feminine,1.0,*gomo/rras,
xrhmatismo/s,masculine,2.0,,
*ba/al,masculine,3.0,*ba/al,
lei=mma,neuter,3.0,,
kata/nucis,feminine,3.0,katanu/cews,
qh/ra,feminine,1.0,qh/ras,qh/ran
nw=tos,masculine,2.0,nw/tou,
a)pobolh/,feminine,1.0,,
pro/slhmyis,feminine,3.0,,
a)grie/laios,feminine,2.0,a)grielai/ou,
pio/ths,feminine,3.0,pio/thtos,
a)potomi/a,feminine,1.0,a)potomi/as,a)potomi/an
kallie/laios,feminine,2.0,kallielai/ou,kallie/laion
pw/rwsis,feminine,3.0,pwrw/sews,"pwrw/sei, pw/rwsin"
a)pei/qeia,feminine,1.0,a)peiqei/as,
su/mboulos,masculine,2.0,,
oi)ktirmo/s,masculine,2.0,oi)ktirmou=,
a)nakai/nwsis,feminine,3.0,a)nakainw/sews,
a)nalogi/a,feminine,1.0,a)nalogi/as,a)nalogi/an
didaskali/a,feminine,1.0,didaskali/as,
a(plo/ths,feminine,3.0,a(plo/thtos,
i(laro/ths,feminine,3.0,i(laro/thtos,i(laro/thti
filoceni/a,feminine,1.0,filoceni/as,
a)/nqrac,masculine,3.0,a)/nqrakos,
diatagh/,feminine,1.0,diatagh=s,"diatagh=|, diataga/s"
leitourgo/s,masculine,2.0,leitourgou=,"leitourgoi/, leitourgo/n, leitourgou/s"
kw=mos,masculine,2.0,kw/mou,"kw/mois, kw=moi"
a)se/lgeia,feminine,1.0,a)selgei/as=,"a)selgei/ais, a)selgei/a|, a)se/lgeian"
pro/noia,feminine,1.0,pronoi/as,
a)sqe/nhma,neuter,3.0,a)sqenh/matos,a)sqenh/mata
o)neidismo/s,masculine,2.0,o)neidismou=,
a)gaqwsu/nh,feminine,1.0,a)gaqwsu/nhs,
prosfora/,feminine,1.0,prosfora=s,
*)illuriko/n,neuter,2.0,*)illurikou=,
kli/ma,neuter,3.0,kli/matos,"kli/masi(n), kli/mata"
e)pipoqi/a,feminine,1.0,e)pipoqi/as,e)pipoqi/an
*spani/a,feminine,1.0,*spani/as,
*foi/bh,feminine,1.0,*foi/bhs,*foi/bhn
dia/konos,feminine,2.0,diako/nou,"dia/konoi, diako/nois, dia/konon, diako/nous"
*kegxreai/,feminine,1.0,*kegxrew=n,*kegxreai=s
prosta/tis,feminine,3.0,,
*)epai/netos,masculine,2.0,*)epaine/tou,*)epai/neton
*)andro/nikos,masculine,2.0,*)andronik/ou,*)andro/nikon
*)iouni/a,feminine,1.0,*)iouni/as,*)iouni/an
sunaixma/lwtos,masculine,2.0,sunaixmalw/tou,sunaixmalw/tous
*)amplia=tos,masculine,2.0,*)amplia/tou,*)amplia=ton
*ou)rbano/s,masculine,2.0,*ou)rbanou=,*ou)rbano/n
*sta/xus,masculine,3.0,*sta/xuos,*sta/xun
*)apellh=s,masculine,1.0,*)apellou=,*)apellh=n
*)aristo/boulos,masculine,2.0,*)aristobou/lou,
*(hrw|di/wn,masculine,3.0,*(hrw|diw/nos,*(hrw|di/wna
*na/rkissos,masculine,2.0,*narki/ssou,
*tru/faina,feminine,1.0,*trufai/nas,*tru/fainan
*trufw=sa,feminine,1.0,*trufw/sas,*trufw=san
*persi/s,feminine,3.0,*persi/dos,*persi/da
*(rou=fos,masculine,2.0,*(rou/fou,
*)asu/gkritos,masculine,2.0,*)asugkri/tou,*)asu/gkriton
*fle/gwn,masculine,3.0,*fle/gontos,*fle/gonta
*(ermh=s,masculine,1.0,*(ermou=,*(ermh=n
*patroba=s,masculine,3.0,*patroba=,*patroba=n
*(erma=s,masculine,3.0,*(erma=,*(erma=n
*filo/logos,masculine,2.0,*filolo/gou,*filo/logon
*)iouli/a,feminine,1.0,*)iouli/as,*)iouli/an
*nhreu/s,masculine,3.0,*nhre/ws,*nhre/a
*)olumpa=s,masculine,3.0,*)olumpa=,*)olumpa=n
dixostasi/a,feminine,1.0,dixostasi/as,"dixostasi/as, dixostasi/ai"
xrhstologi/a,feminine,1.0,xrhstologi/as,
*lou/kios,masculine,2.0,,
*)ia/swn,masculine,3.0,*)ia/sonos,
*swsi/patros,masculine,2.0,,
*te/rtios,masculine,2.0,,
*)/erastos,masculine,2.0,*)era/stou,*)/eraston
*kou/artos,masculine,2.0,,
e)/ndeigma,neuter,3.0,,
a)/nesis,feminine,3.0,a)ne/sews,a)/nesin
di/kh,feminine,1.0,di/khs,
e)pisunagwgh/,feminine,1.0,e)pisunagwgh=s,
a)postasi/a,feminine,1.0,a)postasi/as,a)postasi/an
se/basma,neuter,3.0,seba/smatos,"se/basma, seba/smata"
e)pifa/neia,feminine,1.0,e)pifanei/as,
e)ne/rgeia,feminine,1.0,e)nergei/as,
a)pa/th,feminine,1.0,a)pa/ths,
h(suxi/a,feminine,1.0,h(suxi/as,
e)pi/skopos,masculine,2.0,e)pisko/pou,"e)pisko/pois, e)pisko/pous, e)pi/skopon"
bebai/wsis,feminine,3.0,bebaiw/sews,"bebaiw/sei, bebai/wsin"
ai)/sqhsis,feminine,3.0,ai)sqh/sews,
prokoph/,feminine,1.0,prokoph=s,prokoph/n
e)pixorhgi/a,feminine,1.0,e)pixorhgi/as,
ke/rdos,neuter,3.0,ke/rdous,
paramu/qion,neuter,2.0,,
kenodoci/a,feminine,1.0,kenodoci/as,kenodoci/an
tapeinofrosu/nh,feminine,1.0,tapeinofrosu/nhs,
morfh/,feminine,1.0,morfh=s,
a(rpagmo/s,masculine,2.0,a(rpagmou=,a(rpagmo/n
a)pousi/a,feminine,1.0,a)pousi/as,a)pousi/a|
*)epafro/ditos,masculine,2.0,*)epafrodi/tou,
sustratiw/ths,masculine,1.0,sustratiw/tou,"sustratiw/thn, sustratiw/th|"
katatomh/,feminine,1.0,katatomh=s,katatomh/n
pepoi/qhsis,feminine,3.0,pepoiqh/sews,"pepoi/qhsin, pepoiqh/sei"
*(ebrai=os,masculine,2.0,*(ebrai/ou,"*(ebrai/wn, *(ebrai/ous, *(ebrai=oi"
zh=los,neuter,3.0,zh/lous,
zhmi/a,feminine,1.0,zhmi/as,
sku/balon,neuter,2.0,skuba/lou,sku/bala
e)cana/stasis,feminine,3.0,e)xanasta/sews,e)cana/stasin
skopo/s,masculine,2.0,skopou=,
summimhth/s,masculine,1.0,summimhtou=,summimhtai/
poli/teuma,neuter,3.0,,
*eu)odi/a,feminine,1.0,*eu)odi/as,*eu)odi/an
*suntu/xh,feminine,1.0,*suntu/xhs,*suntu/xhn
*klh/mhs,masculine,3.0,*klh/mentos,
no/hma,neuter,3.0,noh/matos,"noh/mata, no/hma"
a)reth/,feminine,1.0,a)reth=s,
u(ste/rhsis,feminine,3.0,u(sterh/sews,
*filipph/sios,masculine,2.0,*filipphsi/ou,*filipph/sioi
lh=myis,feminine,3.0,lh/myews,
*qessaloni/kh,feminine,1.0,*qessaloni/khs,
eu)wdi/a,feminine,1.0,eu)wdi/as,
plou=tos,neuter,3.0,plou/tou,
de/smios,masculine,2.0,desmi/ou,"de/smioi, desmi/ous, de/smion, desmi/ois, desmi/wn"
*filh/mwn,masculine,3.0,*filh/monos,*filh/moni
*)apfi/a,feminine,1.0,*)apfi/as,*)apfi/a|
*)/arxippos,masculine,2.0,*)arxi/ppou,*)arxi/ppw|
*)onh/simos,masculine,2.0,*)onhsi/mou,"*)onh/simon, *)onhsi/mw|"
ceni/a,feminine,1.0,ceni/as,ceni/an
*)epafra=s,masculine,3.0,*)epafra=,
*ma=rkos,masculine,2.0,*ma/rkou,
*)ari/starxos,masculine,2.0,*)arista/rxou,
*dhma=s,masculine,3.0,,
*louka=s,masculine,3.0,,
tekmh/rion,neuter,2.0,tekmhri/ou,tekmhri/ois
e)laiw/n,masculine,3.0,e)laiw=nos,
u(perw=|on,neuter,2.0,u(perw/|ou,"u(perw=|on, u(perw/|w|"
dia/lektos,feminine,2.0,diale/ktou,diale/ktw|
*(akeldama/x,neuter,3.0,*(akeldama/x,*(akeldama/x
e)/paulis,feminine,3.0,,
*barsabba=s,masculine,3.0,*barsabba=,*barsabba=n
*)iou=stos,masculine,2.0,*)iou/stou,
*maqqi/as,masculine,1.0,*maqqi/ou,*maqqi/an
kardiognw/sths,masculine,1.0,kardiognw/stou,kardiognw=sta
pnoh/,feminine,1.0,pnoh=s,
*pa/rqos,masculine,2.0,*pa/rqou,*pa/rqoi
*mh=dos,masculine,2.0,*mh/dou,*mh=doi
*)elami/ths,masculine,1.0,*)elami/tou,*)elami=tai
*mesopotami/a,feminine,1.0,*mesopotami/as,
*kappadoki/a,feminine,1.0,*kappadoki/as,
*po/ntos,masculine,2.0,*po/ntou,
*frugi/a,feminine,1.0,*frugi/as,*frugi/an
*pamfuli/a,feminine,1.0,*pamfuli/as,
*libu/h,feminine,1.0,*libu/hs,
*kurh/nh,feminine,1.0,*kurh/nhs,*kurh/nhn
prosh/lutos,masculine,2.0,proshlu/tou,"prosh/lutoi, prosh/luton, proshlu/twn"
*krh/s,masculine,3.0,*krhto/s,*krh=tes
*)/aray,masculine,3.0,*)/arabos,*)/arabes
gleu=kos,neuter,3.0,gleu/kous,
*)iwh/l,masculine,3.0,*)iwh/l,
e)nu/pnion,neuter,2.0,e)nupni/ou,e)nupni/ois
pro/gnwsis,feminine,3.0,prognw/sews,"prognw/sei, pro/gnwsin"
diafqora/,feminine,1.0,diafqora=s,diafqora/n
eu)frosu/nh,feminine,1.0,eu)frosu/nhs,
patria/rxhs,masculine,1.0,patria/rxou,
kth=ma,neuter,3.0,kth/matos,"kth/mata, kth=ma"
u(/parcis,feminine,3.0,u(pa/rcews,"u(pa/rceis, u(/parcin"
a)felo/ths,feminine,3.0,a)felo/thtos,a)felo/thti
ba/sis,feminine,3.0,ba/sews,ba/seis
sfudro/n,neuter,2.0,sfudrou=,sfudra/
*solomw=n,masculine,3.0,*solomw=ntos,
eu)se/beia,feminine,1.0,eu)sebei/as,
a)rxhgo/s,masculine,2.0,a)rxhgou=,a)rxhgo/n
o(loklhri/a,feminine,1.0,o(loklhri/as,o(loklhri/an
a)/gnoia,feminine,1.0,a)gnoi/as,
a)na/yucis,feminine,3.0,a)nayu/cews,
a)pokata/stasis,feminine,3.0,a)pokatasta/sews,
*samouh/l,masculine,3.0,*samouh/l,
*)ale/candros,masculine,2.0,*)aleca/ndrou,
eu)ergesi/a,feminine,1.0,eu)ergesi/as,
oi)kodo/mos,masculine,2.0,oi)kodo/mou,oi)kodo/mwn
a)peilh/,feminine,1.0,a)peilh=s,
kth/twr,masculine,3.0,kth/toros,kth/tores
*ku/prios,masculine,2.0,*kupri/ou,"*ku/prioi, *kupri/w|"
*(anani/as,masculine,1.0,*(anani/ou,"*(anani/a, *(anani/an"
*sa/pfira,feminine,1.0,*sapfi/rhs,*sapfi/rh|
dia/sthma,neuter,3.0,,
*stoa/,feminine,1.0,*stoa=s,*stoa=|
klina/rion,neuter,2.0,klinari/ou,klinari/wn
gerousi/a,feminine,1.0,gerousi/as,gerousi/an
desmwth/rion,neuter,2.0,desmwthri/ou,
fu/lac,masculine,3.0,fu/lakos,"fu/lakas, fu/lakes"
bi/a,feminine,1.0,bi/as,
*gamalih/l,masculine,3.0,*gamalih/l,
*qeuda=s,masculine,3.0,,
*(ellhnisth/s,masculine,1.0,*(ellhnistou=,"*(ellhnistw=n, *(ellhnista/s"
*ste/fanos,masculine,2.0,*stefa/nou,
*pro/xoros,masculine,2.0,*proxo/rou,*pro/xoron
*nika/nwr,masculine,3.0,*nika/noros,
*ti/mwn,masculine,3.0,*ti/mwnos,*ti/mwna
*parmena=s,masculine,1.0,*parmena=,*parmena=n
*niko/laos,masculine,2.0,*nikola/ou,*niko/laon
*)antioxeu/s,masculine,3.0,*)antioxe/ws,*)antioxe/a
*liberti=nos,masculine,2.0,*liberti/nou,*liberti/nwn
*)alecandreu/s,masculine,3.0,*)alecandre/ws,*)alecandre/wn
*kiliki/a,feminine,1.0,*kiliki/as,
*xarra/n,feminine,3.0,*xarra/n,*xarra/n
*xaldai=os,masculine,2.0,*xaldai/ou,
kata/sxesis,feminine,3.0,katasxe/sews,"kata/sxesin, katasxe/sei"
*xana/an,feminine,3.0,*xana/an,
xo/rtasma,neuter,3.0,xorta/smatos,xorta/smata
siti/on,neuter,2.0,siti/ou,siti/a
*suxe/m,feminine,3.0,*suxe/m,*suxe/m
*(emmw/r,masculine,3.0,*(emmw/r,
dikasth/s,masculine,1.0,dikastou=,
*madia/m,masculine,3.0,*madia/m,
*sina=,neuter,3.0,*sina=,
o(/rama,neuter,3.0,o(ra/matos,
ka/kwsis,feminine,3.0,kakw/sews,
lutrwth/s,masculine,1.0,lutrwtou=,lutrwth/n
*qa/lassa,feminine,1.0,*qala/sshs,*qala/ssh|
sfa/gion,neuter,2.0,sfagi/ou,sfa/gia
*molo/x,masculine,3.0,*molo/x,
*(raifa/n,masculine,3.0,*(raifa/n,
skh/nwma,neuter,3.0,skhnw/matos,
kata/pausis,feminine,3.0,katapau/sews,
e)/leusis,feminine,3.0,e)leu/sews,
neani/as,masculine,1.0,neani/ou,
*sau=los,masculine,2.0,*sau/lou,
a)nai/resis,feminine,3.0,a)naire/sews,a)naire/sei
kopeto/s,masculine,2.0,kopetou=,
magei/a,feminine,1.0,magei/as,magei/ais
e)pi/qesis,feminine,3.0,e)piqe/sews,
e)pi/noia,feminine,1.0,,
xolh/,feminine,1.0,xolh=s,
su/ndesmos,masculine,2.0,sunde/smou,"su/ndesmon, sunde/smw|, sunde/smwn"
meshmbri/a,feminine,1.0,meshmbri/as,
*ga/za,feminine,1.0,*ga/zas,*ga/zan
*ai)qi/oy,masculine,3.0,*ai)qi/opos,*ai)qio/pwn
eu)nou=xos,masculine,2.0,eu)nou/xou,eu)nou=xoi
*kanda/kh,feminine,1.0,*kanda/khs,
ga/za,feminine,1.0,ga/zhs,
perioxh/,feminine,1.0,,
*)/azwtos,feminine,2.0,*)azw/tou,
*kaisa/reia,feminine,1.0,*kaisarei/as,
*damasko/s,feminine,2.0,*damaskou=,
*saou/l,masculine,3.0,*saou/l,*saou/l
*tarseu/s,masculine,3.0,*tarse/ws,*tarse/a
lepi/s,feminine,3.0,lepi/dos,lepi/des
e)piboulh/,feminine,1.0,e)piboulh=s,
spuri/s,feminine,3.0,spuri/dos,"spuri/di, spuri/das, spuri/dwn"
*tarso/s,feminine,2.0,*ta/rsou,"*tarso/n, *tarsw=|"
*lu/dda,feminine,1.0,*lu/ddas,
*ai)ne/as,masculine,1.0,*ai)ne/ou,"*ai)ne/an, *ai)ne/a"
*sarw/n,masculine,3.0,*sarw/nos,*sarw=na
*)io/pph,feminine,1.0,*)io/pphs,
maqh/tria,feminine,1.0,,
*tabiqa/,feminine,1.0,*tabiqa/,*tabiqa/
*dorka/s,feminine,3.0,,
burseu/s,masculine,3.0,burse/ws,
*kornh/lios,masculine,2.0,*kornhli/ou,
mnhmo/sunon,neuter,2.0,mnhmosu/nou,mnhmo/sunon
o)qo/nh,feminine,1.0,o)qo/nhs,o)qo/nhn
proswpolh/mpths,masculine,1.0,,
*foini/kh,feminine,1.0,*foini/khs,
*ku/pros,feminine,2.0,*ku/prou,
*)antio/xeia,feminine,1.0,*)antioxei/as,
*xristiano/s,masculine,2.0,*xristianou=,"*xristianou/s, *xristiano/n"
*(/agabos,masculine,2.0,,
*klau/dios,masculine,2.0,*klaudi/ou,
tetra/dion,neuter,2.0,tetradi/ou,tetradi/ois
oi)/khma,neuter,3.0,oi)kh/matos,oi)kh/mati
sanda/lion,neuter,2.0,sandali/ou,sanda/lia
*(ro/dh,feminine,1.0,,
ta/raxos,masculine,2.0,,
*tu/rios,masculine,2.0,*turi/ou,*turi/ois
*bla/stos,masculine,2.0,*bla/stou,*bla/ston
koitw/n,masculine,3.0,koitw=nos,
dh=mos,masculine,2.0,dh/mou,
*ni/ger,masculine,3.0,,
*manah/n,masculine,3.0,,
*seleu/keia,feminine,1.0,*seleukei/as,
*salami/s,feminine,3.0,*salami/nos,*salami=ni
*pa/fos,feminine,2.0,*pa/fou,
ma/gos,masculine,2.0,ma/gou,"ma/gon, ma/goi, ma/gous, ma/gwn"
*barihsou=s,masculine,3.0,*barihsou=,
a)nqu/patos,masculine,2.0,a)nqupa/tou,
*se/rgios,masculine,2.0,*sergi/ou,*sergi/w|
*)elu/mas,masculine,3.0,,
r(a|diourgi/a,feminine,1.0,r(a|diourgi/as,
a)xlu/s,feminine,3.0,,
xeiragwgo/s,masculine,2.0,xeiragwgou=,xeiragwgou/s
*pe/rgh,feminine,1.0,*pe/rghs,
a)na/gnwsis,feminine,3.0,a)nagnw/sews,"a)na/gnwsin, a)nagnw/sei"
paroiki/a,feminine,1.0,paroiki/as,
*ki/s,masculine,3.0,*ki/s,
dro/mos,masculine,2.0,dro/mou,
katafronhth/s,masculine,1.0,katafronhtou=,katafronhtai/
o(/rion,neuter,2.0,o(ri/ou,
*)iko/nion,neuter,2.0,*)ikoni/ou,
*lukaoni/a,feminine,1.0,*lukaoni/as,
*lu/stra,feminine,1.0,*lu/stras,"*lu/stran, *lu/strois"
*de/rbh,feminine,1.0,*de/rbhs,*de/rbhn
*lu/stra,neuter,1.0,,"*lu/stran, *lu/strois"
*zeu/s,masculine,3.0,*dio/s,
tau=ros,masculine,2.0,tau/rou,
ste/mma,neuter,3.0,ste/mmatos,ste/mmata
*pisidi/a,feminine,1.0,*pisidi/as,*pisidi/an
*)atta/leia,feminine,1.0,*)attalei/as,*)atta/leian
zh/thma,neuter,3.0,zhth/matos,
e)pistrofh/,feminine,1.0,e)pistrofh=s,e)pistrofh/n
a)li/sghma,neuter,3.0,a)lisgh/matos,a)lisghma/twn
*sila=s,masculine,3.0,*sila=,"*sila=n, *sila=|"
parocusmo/s,masculine,2.0,parocusmou=,parocusmo/n
*musi/a,feminine,1.0,*musi/as,*musi/an
*biquni/a,feminine,1.0,*biquni/as,
*trw|a/s,feminine,3.0,*trw|a/dos,
*makedw/n,masculine,3.0,*makedo/nos,
*samoqra/|kh,feminine,1.0,*samoqra/|khs,*samoqra/|khn
*po/lis,feminine,3.0,*po/lews,*po/lin
kolwni/a,feminine,1.0,,
*ludi/a,feminine,1.0,*ludi/as,*ludi/an
porfuro/pwlis,feminine,3.0,,
pu/qwn,masculine,3.0,puqw/nos,pu/qwna
desmofu/lac,masculine,3.0,desmofu/lakos,desmofu/laki
qeme/lion,neuter,2.0,qemeli/ou,qeme/lia
r(abdou=xos,masculine,2.0,r(abdou/xou,"r(abdou/xous, r(abdou=xoi"
*)amfi/polis,feminine,3.0,*)amfipo/lews,*)amfi/polin
*)apollwni/a,feminine,1.0,*)apollwni/as,*)apollwni/an
polita/rxhs,masculine,1.0,polita/rxou,polita/rxas
*be/roia,feminine,1.0,*beroi/as,"*be/roian, *beroi/a|"
proqumi/a,feminine,1.0,proqumi/as,
*(ellhni/s,feminine,3.0,*(ellhni/dos,*(ellhni/dwn
*)epikou/reios,masculine,2.0,*)epikourei/ou,*)epikourei/wn
filo/sofos,masculine,2.0,filoso/fou,filoso/fwn
kataggeleu/s,masculine,3.0,,
*pa/gos,masculine,2.0,*pa/gou,
bwmo/s,masculine,2.0,bwmou=,
o(roqesi/a,feminine,1.0,o(roqesi/as,o(roqesi/as
katoiki/a,feminine,1.0,katoiki/as,
e)nqu/mhsis,feminine,3.0,e)nqumh/sews,
*dionu/sios,masculine,2.0,,
*)areopagi/ths,masculine,1.0,,
*da/maris,feminine,3.0,,
*)itali/a,feminine,1.0,*)itali/as,
*pri/skilla,feminine,1.0,*priski/llas,*pri/skillan
skhnopoio/s,masculine,2.0,skhnopoiou=,skhnopoioi/
*ti/tios,masculine,2.0,*titi/ou,
*kori/nqios,masculine,2.0,*korinqi/ou,"*korinqi/wn, *kori/nqioi"
*galli/wn,masculine,3.0,*galli/wnos,
r(a|diou/rghma,neuter,3.0,,
sxolh/,feminine,1.0,sxolh=s,
*tu/rannos,masculine,2.0,*tura/nnou,
xrw/s,masculine,3.0,xrwto/s,
simiki/nqion,neuter,2.0,simikinqi/ou,simiki/nqia
e)corkisth/s,masculine,1.0,e)corkistou=,e)corkistw=n
*skeua=s,masculine,3.0,*skeua=,
*dhmh/trios,masculine,2.0,*dhmhtri/ou,
a)rguroko/pos,masculine,2.0,,
*)/artemis,feminine,3.0,*)arte/midos,
eu)pori/a,feminine,1.0,,
a)pelegmo/s,masculine,2.0,a)pelegmou=,a)pelegmo/n
qea/,feminine,1.0,qea=s,
su/gxusis,feminine,3.0,sugxu/sews,
sune/kdhmos,masculine,2.0,sunekdh/mou,sunekdh/mous
*)asia/rxhs,masculine,1.0,*)asia/rxou,*)asiarxw=n
newko/ros,masculine,2.0,newko/rou,newko/ron
qeo/s,feminine,2.0,qeou=,
sustrofh/,feminine,1.0,sustrofh=s,
qo/rubos,masculine,2.0,qoru/bou,
*(ella/s,feminine,3.0,*(ella/dos,*(ella/da
*sw/patros,masculine,2.0,,
*pu/rros,masculine,2.0,*pu/rrou,
*sekou=ndos,masculine,2.0,,
*)asiano/s,masculine,2.0,*)asianou=,*)asianoi/
*tuxiko/s,masculine,2.0,*tuxikou=,*tuxiko/n
*tro/fimos,masculine,2.0,*trofi/mou,*tro/fimon
*eu)/tuxos,masculine,2.0,,
quri/s,feminine,3.0,quri/dos,
tri/stegon,neuter,2.0,triste/gou,
au)gh/,feminine,1.0,au)gh=s,
*)=assos,feminine,2.0,*)/assou,*)=asson
*mitulh/nh,feminine,1.0,*mitulh/nhs,*mitulh/nhn
*xi/os,feminine,2.0,*xi/ou,
*sa/mos,feminine,2.0,*samou,
*mi/lhtos,feminine,2.0,*milh/tou,
a)/ficis,feminine,3.0,a)fi/cews,a)/ficin
trieti/a,feminine,1.0,trieti/as,trieti/an
*kw/s,feminine,3.0,*kw=,*kw=
*(ro/dos,feminine,2.0,r(o/dou,
*pa/tara,neuter,1.0,*pata/ras,*pa/tara
plou=s,masculine,3.0,ploo/s,
*ptolemai/+s,feminine,3.0,*ptolemai/+dos,*ptolemai/+da
eu)aggelisth/s,masculine,1.0,eu)aggelistou=,
*mna/swn,masculine,3.0,*mna/swnos,*mna/swni
e)kplh/rwsis,feminine,3.0,e)kplhrw/sews,e)kplh/rwsin
a(gnismo/s,masculine,2.0,a(gnismou=,
sundromh/,feminine,1.0,,
fa/sis,feminine,3.0,,
a)nabaqmo/s,masculine,2.0,a)nabaqmou=,"a)nabaqmou/s, a)nabaqmw=n"
sika/rios,masculine,2.0,sikari/ou,sikari/wn
a)kri/beia,feminine,1.0,a)kribei/as,
e)/dafos,neuter,3.0,e)da/fous,e)/dafos
kefa/laion,neuter,2.0,kefalai/ou,
politei/a,feminine,1.0,politei/as,
toi=xos,masculine,2.0,toi/xou,
sunwmosi/a,feminine,1.0,sunwmosi/as,sunwmosi/an
e)ne/dra,feminine,1.0,e)ne/dras,e)ne/dran
i(ppeu/s,masculine,3.0,i(ppe/ws,
deciola/bos,masculine,2.0,deciola/bou,deciola/bous
*fh=lic,masculine,3.0,*fh/likos,
*lusi/as,masculine,1.0,,
e)/gklhma,neuter,3.0,e)gklh/matos,
kath/goros,masculine,2.0,kathgo/rou,"kathgo/rois, kath/goroi, kathgo/rous"
*)antipatri/s,feminine,3.0,*)antipatri/dos,*)antipatri/da
e)parxei/a,feminine,1.0,e)parxei/as,
r(h/twr,masculine,3.0,r(h/toros,
*te/rtullos,masculine,2.0,*tertu/llou,
dio/rqwma,neuter,3.0,diorqw/matos,diorqwma/twn
e)piei/keia,feminine,1.0,e)pieikei/as,
prwtosta/ths,masculine,1.0,prwtosta/tou,prwtosta/thn
e)pi/stasis,feminine,3.0,e)pista/sews,e)pi/stasin
*drou/silla,feminine,1.0,*drousi/llhs,*drousi/llh|
e)gkra/teia,feminine,1.0,e)gkratei/as,
dieti/a,feminine,1.0,dieti/as,
dia/doxos,masculine,2.0,diado/xou,dia/doxon
*po/rkios,masculine,2.0,*porki/ou,*po/rkion
*fh=stos,masculine,2.0,*fh/stou,
ai)ti/wma,neuter,3.0,ai)tiw/matos,ai)tiw/mata
sumbou/lion,neuter,2.0,sumbouli/ou,
*)agri/ppas,masculine,3.0,*)agri/ppa,
*berni/kh,feminine,1.0,*berni/khs,
katadi/kh,feminine,1.0,katadi/khs,katadi/khn
a)nabolh/,feminine,1.0,a)nabolh=s,a)nabolh/n
deisidaimoni/a,feminine,1.0,deisidaimoni/as,
dia/gnwsis,feminine,3.0,diagnw/sews,dia/gnwsin
fantasi/a,feminine,1.0,fantasi/as,
a)kroath/rion,neuter,2.0,a)kroathri/ou,a)kroath/rion
e)coxh/,feminine,1.0,e)coxh=s,e)coxh/n
a)na/krisis,feminine,3.0,a)nakri/sews,
gnw/sths,masculine,1.0,gnw/stou,gnw/sthn
bi/wsis,feminine,3.0,biw/sews,bi/wsin
dwdeka/fulon,neuter,2.0,,
e)kte/neia,feminine,1.0,e)ktenei/as,e)ktenei/a|
e)pitroph/,feminine,1.0,e)pitroph=s,
lampro/ths,feminine,3.0,lampro/thtos,lampro/thta
e)pikouri/a,feminine,1.0,e)pikouri/as,
mani/a,feminine,1.0,mani/as,
swfrosu/nh,feminine,1.0,swfrosu/nhs,
desmw/ths,masculine,1.0,desmw/tou,
*)iou/lios,masculine,2.0,*)iouli/ou,*)iouli/w|
e)pime/leia,feminine,1.0,e)pimelei/as,
pe/lagos,neuter,3.0,pela/gous,"pe/lagos, pela/gei"
*mu/ra,neuter,2.0,*mu/rwn,*mu/ra
*luki/a,feminine,1.0,*luki/as,
*kni/dos,feminine,2.0,*kni/dou,*kni/don
*krh/th,feminine,1.0,*krh/ths,
*salmw/nh,feminine,1.0,*salmw/nhs,*salmw/nhn
*limh/n,masculine,3.0,*lime/nos,*lime/nas
*lasai/a,feminine,1.0,,
u(/bris,feminine,3.0,u(/brews,
nau/klhros,masculine,2.0,nauklh/rou,nauklh/rw|
limh/n,masculine,3.0,lime/nos,
paraxeimasi/a,feminine,1.0,paraxeimasi/as,paraxeimasi/an
*foi=nic,masculine,3.0,*foi/nikos,*foi/nika
li/y,masculine,3.0,libo/s,
xw=ros,masculine,2.0,xw/rou,xw=ron
eu)raku/lwn,masculine,3.0,,
nhsi/on,neuter,2.0,nhsi/ou,nhsi/on
*kau=da,neuter,3.0,*kau=da,*kau=da
ska/fh,feminine,1.0,ska/fhs,
boh/qeia,feminine,1.0,bohqei/as,
*su/rtis,feminine,3.0,*su/rtews,*su/rtin
e)kbolh/,feminine,1.0,e)kbolh=s,e)kbolh/n
skeuh/,feminine,1.0,skeuh=s,skeuh/n
a)siti/a,feminine,1.0,a)siti/as,
*)adri/as,masculine,1.0,*)adri/ou,*)adri/a|
o)rguia/,feminine,1.0,o)rguia/s,o)rguia/s
pru/mna,feminine,1.0,pru/mnhs,
a)/gkura,feminine,1.0,a)gku/ras,"a)gku/ras, a)/gkuran"
prw=|ra,feminine,1.0,prw/|rhs,
zeukthri/a,feminine,1.0,zeukthri/as,zeukthri/as
a)rte/mwn,masculine,3.0,a)rte/mwnos,a)rte/mwna
nau=s,feminine,3.0,nho\s,
sani/s,feminine,3.0,sani/dos,sani/si(n)
*meli/th,feminine,1.0,,
filanqrwpi/a,feminine,1.0,filanqrwpi/as,filanqrwpi/an
pura/,feminine,1.0,pura/s,
fru/ganon,neuter,2.0,fruga/nou,fruga/nwn
qe/rmh,feminine,1.0,qe/rmhs,
*po/plios,masculine,2.0,*popli/ou,
dusente/rion,neuter,2.0,dusenteri/ou,dusenteri/w|
*dio/skouroi,masculine,2.0,*dioskourw=n,*dioskou/rois
*sura/kousai,feminine,1.0,*surakousw=n,*surakou/sas
*(rh/gion,neuter,2.0,*(rhgi/ou,*(rh/gion
*poti/oloi,masculine,2.0,*potiolw=n,*potio/lous
*)/appios,masculine,2.0,*)appi/ou,
*fo/ron,neuter,2.0,*fo/rou,
*tabe/rnh,feminine,1.0,*tabe/rnhs,*tabernw=n
qa/rsos,neuter,3.0,qa/rsous,qa/rsos
mi/sqwma,neuter,3.0,misqw/matos,misqw/mati
kwmo/polis,feminine,3.0,kwmopo/lews,kwmopo/leis
r(a/kos,neuter,3.0,r(a/kous,
*)abiaqa/r,masculine,3.0,*)abiaqa/r,
*(hrw|dianoi/,masculine,2.0,*(hrw|dianw=n,*(hrw|dianw=n
*)idoumai/a,feminine,1.0,*)idoumai/as,
*boanhrge/s,masculine,3.0,*boanhrge/s,*boanhrge/s
*qaddai=os,masculine,2.0,*qaddai/ou,*qaddai=on
*kananai=os,masculine,2.0,*kananai/ou,*kananai=on
ku=ma,neuter,3.0,ku/matos,"ku/mata, kuma/twn"
proskefa/laion,neuter,2.0,proskefalai/ou,proskefa/laion
katoi/khsis,feminine,3.0,katoikh/sews,katoi/khsin
legiw/n,masculine,3.0,legiw/nos,"legiw=na, legiw=nas"
*deka/polis,feminine,3.0,*dekapo/lews,
quga/trion,neuter,2.0,,
taliqa,feminine,3.0,,taliqa
kora/sion,neuter,2.0,korasi/ou,
te/ktwn,masculine,3.0,te/ktonos,
*)iwsh=s,masculine,3.0,*)iwsh=tos,
gene/sia,neuter,2.0,genesiw=n,genesi/ois
spekoula/twr,masculine,3.0,spekoula/toros,spekoula/tora
sumpo/sion,neuter,2.0,sumposi/ou,sumpo/sia
prasia/,feminine,1.0,prasia=s,prasiai/
*bhqsai+da/n,feminine,3.0,*bhqsai+da/n,*bhqsai+da/n
fa/ntasma,neuter,3.0,,
pugmh/,feminine,1.0,pugmh=s,pugmh=|
baptismo/s,masculine,2.0,baptismou=,"baptismou/s, baptismw=n, baptismoi=s, baptismw=|"
ce/sths,masculine,1.0,ce/stou,cestw=n
xalki/on,neuter,2.0,xalki/ou,xalki/wn
e)/ntalma,neuter,3.0,e)nta/lmatos,e)nta/lmata
*korba=n,masculine,3.0,,
a)fedrw/n,masculine,3.0,a)fedrw/nos,a)fedrw=na
kloph/,feminine,1.0,kloph=s,
moixei/a,feminine,1.0,moixei/as,moixei=ai
u(perhfani/a,feminine,1.0,,
a)frosu/nh,feminine,1.0,a)frosu/nhs,
*surofoini/kissa,feminine,1.0,,
kuna/rion,neuter,2.0,kunari/ou,"kunari/ois, kuna/ria"
yixi/on,neuter,2.0,yixi/ou,yixi/wn
e)rhmi/a,feminine,1.0,e)rhmi/as,
i)xqu/dion,neuter,2.0,i)xqudi/ou,i)xqu/dia
*dalmanouqa/,feminine,1.0,*dalmanouqa/,
o)/mma,neuter,1.0,o)/mmatos,"o)/mmata, o)mma/twn"
a)nta/llagma,neuter,3.0,a)ntalla/gmatos,a)nta/llagma
gnafeu/s,masculine,3.0,,
skw/lhc,masculine,3.0,,
a)posta/sion,neuter,2.0,a)postasi/ou,
sklhrokardi/a,feminine,1.0,sklhrokardi/as,sklhrokardi/an
trumalia/,feminine,1.0,trumalia=s,
r(afi/s,feminine,3.0,r(afi/dos,
lu/tron,neuter,2.0,lu/trou,
*timai=os,masculine,2.0,*timai/ou,
*bartimai=os,masculine,2.0,,
a)/mfodon,neuter,2.0,a)mfo/dou,
stiba/s,feminine,3.0,stiba/dos,stiba/das
kaqe/dra,feminine,1.0,kaqe/dras,
u(polh/nion,neuter,2.0,u(polhni/ou,u(polh/nion
kh=nsos,masculine,2.0,kh/nsou,
o(lokau/twma,neuter,3.0,o(lokautw/matos,"o(lokautwma/twn, o(lokautw/mata"
kodra/nths,masculine,1.0,kodra/ntou,kodra/nthn
yeudo/xristos,masculine,2.0,yeudoxri/stou,yeudo/xristoi
a)lektorofwni/a,feminine,1.0,a)lektorofwni/as,
a)la/bastros,feminine,2.0,a)laba/strou,a)la/bastron
tru/blion,neuter,2.0,trubli/ou,"tru/blion, trubli/w|"
*geqshmani/,neuter,3.0,*geqshmani/,*geqshmani/
su/sshmon,neuter,2.0,sussh/mou,su/sshmon
proau/lion,neuter,2.0,proauli/ou,proau/lion
stasiasth/s,masculine,1.0,stasiastou=,stasiastw=n
e)lwi/+,masculine,3.0,e)lwi/+,e)lwi/+
kenturi/wn,masculine,3.0,kenturi/wnos,
*salw/mh,feminine,3.0,,
prosa/bbaton,neuter,2.0,prosabba/tou,
du/sis,feminine,3.0,du/sews,
*)ioudai+smo/s,masculine,2.0,*ioudai+smou=,
sunhlikiw/ths,masculine,1.0,sunhlikiw/tou,sunhlikiw/tas
*)arabi/a,feminine,1.0,*)arabi/as,
*ti/tos,masculine,2.0,*ti/tou,
yeuda/delfos,masculine,2.0,yeudae/lfou,"yeudade/lfous, yeudade/lfois"
u(potagh/,feminine,1.0,u(potagh=s,u(potagh=|
tou)nanti/on,neuter,2.0,,tou)nanti/on
*gala/ths,masculine,1.0,*gala/tou,*gala/tai
mesi/ths,masculine,1.0,mesi/tou,
proqesmi/a,feminine,1.0,proqesmi/as,
stoixei=on,neuter,2.0,stoixei/ou,"stoixei=a, stoixei/wn"
*(aga/r,feminine,3.0,,
peismonh/,feminine,1.0,,
kanw/n,masculine,3.0,kano/nos,
sti/gma,neuter,3.0,sti/gmatos,sti/gmata
a)rrabw/n,masculine,3.0,a)rrabw=na,a)rrabw=na
me/geqos,neuter,3.0,,
kurio/ths,feminine,3.0,kurio/thtos,
meso/toixon,neuter,2.0,mesotoi/xou,meso/toixon
sumpoli/ths,masculine,1.0,sumpoli/tou,sumpoli=tai
e(no/ths,feminine,3.0,e(no/thtos,e(no/thta
katartismo/s,masculine,2.0,katartismou=,katartismo/n
kubei/a,feminine,1.0,kubei/as,kubei/a|
meqodei/a,feminine,1.0,meqodei/as,"meqodei/an, meqodei/as"
a(fh/,feminine,1.0,a(fh=s,
au)/chsis,feminine,3.0,au)ch/sews,au)/chsin
parorgismo/s,masculine,2.0,parorgismou=,parorgismw=|
ai)sxro/ths,feminine,3.0,,
mwrologi/a,feminine,1.0,,
eu)trapeli/a,feminine,1.0,,
a)swti/a,feminine,1.0,a)swti/as,
u(/mnos,masculine,2.0,u(/mnou,u(/mnois
loutro/n,neuter,2.0,loutrou=,
spi/los,masculine,2.0,spi/lou,"spi/lon, spi/loi"
r(uti/s,feminine,3.0,r(uti/dos,r(uti/da
paidei/a,feminine,1.0,paidei/as,
o)fqalmodouli/a,feminine,1.0,o)fqalmodouli/as,"o)fqalmodouli/an, o)fqalmodouli/ais"
eu)/noia,feminine,1.0,eu)noi/as,
pa/lh,feminine,1.0,,
kosmokra/twr,masculine,3.0,kosmokra/toros,kosmokra/toras
e(toimasi/a,feminine,1.0,e(toimasi/as,
qureo/s,masculine,2.0,qureou=,
be/los,neuter,3.0,be/lous,be/lh
proskarte/rhsis,feminine,3.0,proskarterh/sews,proskarterh/sei
a)/noicis,feminine,3.0,a)noi/cews,a)noi/cei
r(antismo/s,masculine,2.0,r(antismou=,
spora/,feminine,1.0,spora=s,
katalalia/,feminine,1.0,katalalia=s,"katalalia/s, katalaliai/"
i(era/teuma,neuter,3.0,i(erateu/matos,i(era/teuma
kakopoio/s,masculine,2.0,kokopoiou=,kakopoiw=n
a)gaqopoio/s,masculine,2.0,a)gaqopoiou=,a)gaqopoiw=n
e)pika/lumma,neuter,3.0,e)pikalu/mmatos,e)pika/lumma
a)delfo/ths,feminine,3.0,a)delfo/thtos,"a)delfo/thta, a)delfo/thti"
kle/os,neuter,3.0,,
u(pogrammo/s,masculine,2.0,u(pogrammou=,u(pogrammo/n
mw/lwy,masculine,3.0,mw/lwpos,
e)mplokh/,feminine,1.0,e)mplokh=s,
peri/qesis,feminine,3.0,periqe/sews,
e)/ndusis,feminine,3.0,e)ndu/sews,
pto/hsis,feminine,3.0,ptoh/sews,pto/hsin
loidori/a,feminine,1.0,loidori/as,
a)po/qesis,feminine,3.0,,
r(u/pos,masculine,2.0,r(u/pou,
e)perw/thma,neuter,3.0,,
e)/nnoia,feminine,1.0,e)nnoi/as,"e)/nnoian, e)nnoiw=n"
oi)noflugi/a,feminine,1.0,oi)noflugi/as,oi)noflugi/ais
po/tos,masculine,2.0,po/tou,po/tois
a)na/xusis,feminine,3.0,a)naxu/sews,a)na/xusin
a)llotriepi/skopos,masculine,2.0,,
kti/sths,masculine,1.0,kti/stou,kti/sth|
a)gaqopoii/+a,feminine,1.0,a)gaqopoii/+as,a)gaqopoii/+a|
sumpresbu/teros,masculine,2.0,,
a)rxipoi/mhn,masculine,3.0,a)rxipoi/menos,
u(po/mnhsis,feminine,3.0,u(pomnh/sews,"u(po/mnhsin, u(pomnh/sei"
ma/mmh,feminine,1.0,ma/mmhs,ma/mmh|
*lwi/+s,feminine,3.0,*lwi/+dos,*lwi/+di
*eu)ni/kh,feminine,1.0,*eu)ni/khs,*eu)ni/kh|
deili/a,feminine,1.0,deili/as,
swfronismo/s,masculine,2.0,swfronismou=,
kh=ruc,masculine,3.0,kh/rukos,
paraqh/kh,feminine,1.0,paraqh/khs,paraqh/khn
u(potu/pwsis,feminine,3.0,u(potupw/sews,u(potu/pwsin
*fu/gelos,masculine,2.0,,
*(ermoge/nhs,masculine,1.0,,
*)onhsi/foros,masculine,2.0,*)onhsifo/rou,
pragmatei/a,feminine,1.0,pragmatei/as,
katastrofh/,feminine,1.0,katastrofh=s,katastrofh=|
kenofwni/a,feminine,1.0,kenofwni/as,kenofwni/as
ga/ggraina,feminine,1.0,,
*(ume/naios,masculine,2.0,,
*fi/lhtos,masculine,2.0,,
gunaika/rion,neuter,2.0,gunaikari/ou,gunaika/ria
*)ia/nnhs,masculine,1.0,,
*)iambrh=s,masculine,1.0,,
a)gwgh/,feminine,1.0,a)gwgh=s,a)gwgh=|
go/hs,masculine,3.0,go/htos,go/htes
e)legmo/s,masculine,2.0,e)legmou=,
e)pano/rqwsis,feminine,3.0,e)panorqw/sews,e)pano/rqwsin
mu=qos,masculine,2.0,mu/qou,"mu/qous, mu/qois"
a)na/lusis,feminine,3.0,a)nalu/sews,
*krh/skhs,masculine,1.0,,
*dalmati/a,feminine,1.0,*dalmati/as,*dalmati/an
failo/nhs,masculine,1.0,failo/nou,failo/nhn
*ka/rpos,masculine,2.0,*ka/rpou,*ka/rpw|
membra/na,feminine,1.0,membra/nas,membra/nas
xalkeu/s,masculine,3.0,,
*eu)/boulos,masculine,2.0,,
*pou/dhs,masculine,1.0,,
*li/nos,masculine,2.0,,
*klaudi/a,feminine,1.0,,
plh/kths,masculine,1.0,plh/ktou,plh/kthn
frenapa/ths,masculine,1.0,frenapa/tou,frenapa/tai
presbu=tis,feminine,3.0,presbu/tidos,presbu/tidas
kata/sthma,neuter,3.0,katasth/matos,katasth/mati
a)fqori/a,feminine,1.0,a)fqori/as,a)fqori/an
semno/ths,feminine,3.0,semno/thtos,
paliggenesi/a,feminine,1.0,paliggenesi/as,
genealogi/a,feminine,1.0,genealogi/as,"genealogi/as, genealogi/ais"
*)artema=s,masculine,3.0,*)artema=,*)artema=n
*niko/polis,feminine,3.0,*nikopo/lews,*niko/polin
*zhna=s,masculine,3.0,*zhna=,*zhna=n
oi)khth/rion,neuter,2.0,oi)khthri/ou,oi)khth/rion
zo/fos,masculine,2.0,zo/fou,
dei=gma,neuter,3.0,dei/gmatos,dei=gma
*ka/i+n,masculine,3.0,*ka/i+n,
a)ntilogi/a,feminine,1.0,a)ntilogi/as,
*ko/re,masculine,3.0,*ko/re,
spila/s,feminine,3.0,spila/dos,spila/des
goggusth/s,masculine,1.0,goggustou=,goggustai/
e)mpai/kths,masculine,1.0,e)mpai/ktou,e)mpai=ktai
megalwsu/nh,feminine,1.0,megalwsu/nhs,
a)ggeli/a,feminine,1.0,,
i(lasmo/s,masculine,2.0,i(lasmou=,
a)nti/xristos,masculine,2.0,a)ntixri/stou,
xri=sma,neuter,3.0,xri/smatos,xri=sma
ko/lasis,feminine,3.0,kola/sews,
ni/kh,feminine,1.0,,
*diotre/fhs,masculine,1.0,,
me/lan,neuter,3.0,me/lanos,
kuri/a,feminine,1.0,kuri/as,"kuri/a|, kuri/a"
xa/rths,masculine,1.0,xa/rtou,
e)kzh/thsis,feminine,3.0,e)kzhth/sews,e)kzhth/seis
mataiologi/a,feminine,1.0,mataiologi/as,mataiologi/an
patrolw/|as,masculine,1.0,patrolw/|ou,patrolw/|ais
mhtrolw/|as,masculine,1.0,mhtrolw/|ou,mhtrolw/|ais
a)ndrofo/nos,masculine,2.0,a)ndrofo/nou,a)ndrofo/nois
a)ndrapodisth/s,masculine,1.0,a)ndrapodistou=,a)ndrapodistai=s
diw/kths,masculine,1.0,diw/ktou,diw/kthn
a)podoxh/,feminine,1.0,a)podoxh=s,
stratei/a,feminine,1.0,stratei/as,
e)/nteucis,feminine,3.0,e)nteu/cews,
a)nti/lutron,neuter,2.0,a)ntilu/trou,a)nti/lutron
katastolh/,feminine,1.0,katastolh=s,katastolh=|
ai)dw/s,feminine,3.0,ai)dou=s,
ple/gma,neuter,3.0,ple/gmatos,ple/gmasi(n)
qeose/beia,feminine,1.0,qeosebei/as,qeose/beian
*eu(/a,feminine,1.0,*eu(/as,*eu(/an
teknogoni/a,feminine,1.0,teknogoni/as,
baqmo/s,masculine,2.0,baqmou=,baqmo/n
e(drai/wma,neuter,3.0,,
meta/lhmyis,feminine,3.0,metalh/myews,meta/lhmyin
gumnasi/a,feminine,1.0,,
a(gnei/a,feminine,1.0,a(gnei/as,
a)moibh/,feminine,1.0,a)moibh=s,a)moiba/s
pro/krima,neuter,3.0,prokri/matos,
pro/sklisis,feminine,3.0,prokli/sews,pro/sklisin
sto/maxos,masculine,2.0,stoma/xou,sto/maxon
logomaxi/a,feminine,1.0,logomaxi/as,logomaxi/as
u(po/noia,feminine,1.0,u(ponoi/as,u(po/noiai
diaparatribh/,feminine,1.0,diaparatribh=s,diaparatribai/
porismo/s,masculine,2.0,porismou=,
au)ta/rkeia,feminine,1.0,au)tarkei/as,
diatrofh/,feminine,1.0,diatrofh=s,diatrofa/s
ske/pasma,neuter,3.0,skepa/smatos,skepa/smata
filarguri/a,feminine,1.0,,
prau+paqi/a,feminine,1.0,paru+paqi/as,prau+paqi/an
o(mologi/a,feminine,1.0,o(mologi/as,
a)dhlo/ths,feminine,3.0,a)dhlo/thtos,a)dhlo/thti
a)po/lausis,feminine,3.0,a)polau/sews,a)po/lausin
a)nti/qesis,feminine,3.0,a)ntiqe/sews,a)ntiqe/seis
*za/ra,masculine,3.0,*za/ra,*za/ra
*qama/r,feminine,3.0,*qama/r,
*)ara/m,masculine,3.0,*)ara/m,*)ara/m
*salmw/n,masculine,3.0,*salmw/n,*salmw/n
*bo/es,masculine,3.0,*bo/es,*bo/es
*(raxa/b,feminine,3.0,*(raxa/b,
*)iwbh/d,masculine,3.0,*)iwbh/d,*)iwbh/d
*(rou/q,feminine,3.0,*(rou/q,
*ou)ri/as,masculine,1.0,*ou)ri/ou,
*(roboa/m,masculine,3.0,*(roboa/m,*(roboa/m
*)asa/f,masculine,3.0,*)asa/f,*)asa/f
*)iwsafa/t,masculine,3.0,*)iwsafa/t,*)iwsafa/t
*)iwra/m,masculine,3.0,*)iwra/m,*)iwra/m
*)ozi/as,masculine,1.0,*oziou,
*)iwaqa/m,masculine,3.0,*)iwaqa/m,*)iwaqa/m
*)axa/z,masculine,3.0,*)axa/z,*)axa/z
*(ezeki/as,masculine,1.0,*ezekiou,
*)iwsi/as,masculine,1.0,*iwsiou,
*)iexoni/as,masculine,1.0,*iexoniou,
metoikesi/a,feminine,1.0,metoikesi/as,
*)abiou/d,masculine,3.0,*)abiou/d,*)abiou/d
*)azw/r,masculine,3.0,*)azw/r,*)azw/r
*sadw/k,masculine,3.0,*sadw/k,*sadw/k
*)axi/m,masculine,3.0,*)axi/m,*)axi/m
*)eliou/d,masculine,3.0,*)eliou/d,*)eliou/d
*)elea/zar,masculine,3.0,*)elea/zar,*)elea/zar
*matqa/n,masculine,3.0,*matqa/n,*matqa/n
o)/nar,neuter,3.0,o)/nar,o)/nar
*)emmanouh/l,masculine,3.0,*)emmanouh/l,*)emmanouh/l
*(ieroso/luma,feminine,2.0,*(ierosolu/mwn,"*(ieroso/luma, *(ierosolu/mois, *(ierosolu/mwn"
teleuth/,feminine,1.0,teleuth=s,
*)ieremi/as,masculine,1.0,*)ieremi/ou,
*(rama/,feminine,3.0,*(rama/,*(rama/
o)durmo/s,masculine,2.0,o)durmou=,
*(raxh/l,feminine,3.0,,
*)arxe/laos,masculine,2.0,,
a)mfi/blhstron,neuter,2.0,a)mfiblh/strou,a)mfi/blhstron
malaki/a,feminine,1.0,malaki/as,
i)w=ta,neuter,3.0,,
r(aka/,masculine,1.0,r(aka/,r(aka/
mi/lion,neuter,2.0,mili/ou,mi/lion
polulogi/a,feminine,1.0,polulogi/as,polulogi/a|
tri/bolos,masculine,2.0,tribo/lou,"tribo/lwn, tribo/lous"
broxh/,feminine,1.0,,
e(kato/ntarxos,masculine,2.0,,
dai/mwn,masculine,3.0,daimo/nos,dai/mones
*go/morra,neuter,1.0,*gomo/rras,
oi)kiako/s,masculine,2.0,oi)kiakou=,"oi)kiakou/s, oi)kiakoi/"
biasth/s,masculine,1.0,biastou=,biastai/
kh=tos,neuter,3.0,kh/tous,
ziza/nion,neuter,2.0,zizani/ou,"ziza/nia, zizani/wn"
qeristh/s,masculine,1.0,qeristou=,"qeristai=s, qeristai/"
de/smh,feminine,1.0,de/smhs,de/smas
sunte/leia,feminine,1.0,suntelei/as,
sagh/nh,feminine,1.0,sagh/nhs,sagh/nh|
a)/ggos,neuter,3.0,a)/ggous,a)/ggh
futei/a,feminine,1.0,,
yeudomarturi/a,feminine,1.0,yeudomarturi/as,"yeudomarturi/ai, yeudomarturi/an"
*magada/n,feminine,3.0,*magada/n,
eu)di/a,feminine,1.0,,
*bariwna=,masculine,3.0,*bariwna=,*bariwna=
o)ligopisti/a,feminine,1.0,o)ligopisti/as,o)ligopisti/an
di/draxmon,neuter,2.0,didra/xmou,di/draxma
a)/gkistron,neuter,2.0,a)gki/strou,a)/gkistron
stath/r,masculine,3.0,stath/ros,stath=ra
ta/lanton,neuter,2.0,tala/ntou,
da/neion,neuter,2.0,danei/ou,da/neion
basanisth/s,masculine,1.0,basanistou=,basanistai=s
tru/phma,neuter,3.0,truph/matos,
e(tai=ros,masculine,2.0,e(tai/rou,
u(pozu/gion,neuter,2.0,u(pozugi/ou,
e)mpori/a,feminine,1.0,e)mpori/as,e)mpori/an
die/codos,feminine,2.0,dieco/dou,dieco/dous
no/misma,neuter,3.0,nomi/smatos,no/misma
fulakth/rion,neuter,2.0,fulakthri/ou,fulakth/ria
kaqhghth/s,masculine,1.0,kaqhghtou=,kaqhghtai/
a)/nhqon,neuter,2.0,a)nh/qou,a)/nhqon
ku/minon,neuter,2.0,kumi/nou,ku/minon
kw/nwy,masculine,3.0,kw/nwpos,kw/nwpa
paroyi/s,feminine,3.0,paroyi/dos,
*baraxi/as,masculine,1.0,*baraxi/ou,
nossi/on,neuter,2.0,nossi/ou,nossi/a
*danih/l,masculine,3.0,*danih/l,
fugh/,feminine,1.0,,
oi)ketei/a,feminine,1.0,oi)ketei/as,
a)ggei=on,neuter,2.0,a)ggei/ou,
trapezi/ths,masculine,1.0,trapezi/tou,trapezi/tais
e)ri/fion,neuter,2.0,e)rifi/ou,e)ri/fia
dei=na,masculine,3.0,dei=nos,dei=na
korbana=s,masculine,3.0,korbana=,korbana=n
tafh/,feminine,1.0,tafh=s,
xlamu/s,feminine,3.0,xlamu/dos,xlamu/da
h)li/,masculine,3.0,h)li/,h)li/
e)/gersis,feminine,3.0,e)ge/rsews,e)/gersin
tou)/noma,neuter,1.0,,tou)/noma
koustwdi/a,feminine,1.0,koustwdi/as,
ei)de/a,feminine,1.0,,
e)pa/ggelma,neuter,3.0,e)pagge/lmatos,"e)pagge/lmata, e)pa/ggelma"
lh/qh,feminine,1.0,lh/qhs,
mnh/mh,feminine,1.0,mnh/mhs,
e)po/pths,masculine,1.0,e)po/ptou,e)po/ptai
e)pi/lusis,feminine,3.0,e)pilu/sews,
yeudodida/skalos,masculine,2.0,yeudodidaska/lou,yeudodida/skaloi
seira/,feminine,1.0,seira\s,
ble/mma,neuter,3.0,ble/mmatos,ble/mmati
miasmo/s,masculine,2.0,miasmou=,
tolmhth/s,masculine,1.0,tolmhtou=,tolmhtai/
a(/lwsis,feminine,3.0,a(lw/sews,
mw=mos,masculine,2.0,mw/mou,mw=moi
*boso/r,masculine,3.0,*boso/r,
e)/legcis,feminine,3.0,e)le/gcews,e)/legcin
paranomi/a,feminine,1.0,paranomi/as,
parafroni/a,feminine,1.0,parafroni/as,parafroni/an
o(mi/xlh,feminine,1.0,o(mi/xlhs,
mi/asma,neuter,3.0,mias/matos,mia/smata
e)ce/rama,neuter,3.0,e)cera/matos,e)ce/rama
u(=s,feminine,3.0,,
kulismo/s,masculine,2.0,kulismou=,kulismo/n
bo/rboros,masculine,2.0,borbo/rou,
e)mpaigmonh/,feminine,1.0,e)mpaigmonh=s,e)mpaigmonh=|
bradu/ths,feminine,3.0,bradu/thtos,bradu/thta
sthrigmo/s,masculine,2.0,sthrigmou=,
a)pau/gasma,neuter,3.0,,
xarakth/r,masculine,3.0,,
u(po/stasis,feminine,3.0,u(posta/sews,
eu)qu/ths,feminine,3.0,eu)qu/thtos,
misqapodosi/a,feminine,1.0,misqapodosi/as,misqapodosi/an
merismo/s,masculine,2.0,merismou=,
qe/lhsis,feminine,3.0,qelh/sews,
qera/pwn,masculine,3.0,,
parapikrasmo/s,masculine,2.0,parapikrasmou=,parapikrasmw=|
dokimasi/a,feminine,1.0,dokimasi/as,
kw=lon,neuter,2.0,kw/lou,kw=la
sabbatismo/s,masculine,2.0,,
a(rmo/s,masculine,2.0,a(rmou=,a(rmw=n
muelo/s,masculine,2.0,muelou=,
o(moio/ths,feminine,3.0,o(moio/thtos,o(moio/thta
*melxise/dek,masculine,3.0,*melxise/dek,
i(kethri/a,feminine,1.0,i(kethri/as,
eu)la/beia,feminine,1.0,eu)labei/as,
e(/cis,feminine,3.0,e(/cews,
ai)sqhth/rion,neuter,2.0,ai)sqhthri/ou,ai)sqhth/ria
teleio/ths,feminine,3.0,teleio/thtos,
bota/nh,feminine,1.0,bota/nhs,bota/nhn
kau=sis,feminine,3.0,kau/sews,
*salh/m,feminine,3.0,*salh/m,
koph/,feminine,1.0,koph=s,
a)kroqi/nion,neuter,2.0,a)kroqini/ou,a)kroqini/wn
e)/pos,neuter,3.0,e)/pous,e)/pos
i(erwsu/nh,feminine,1.0,i(erwsu/nhs,
meta/qesis,feminine,3.0,metaqe/sews,
a)qe/thsis,feminine,3.0,a)qe/sews,a)qe/thsin
e)peisagwgh/,feminine,1.0,,
o(rkwmosi/a,feminine,1.0,o(rkwmosi/as,
a)fanismo/s,masculine,2.0,a)fanismou=,
qumiath/rion,neuter,2.0,qumiathri/ou,qumiath/rion
sta/mnos,feminine,2.0,,
pla/c,feminine,3.0,pla/kos,"pla/kes, placi/(n)"
*xerou=b,neuter,3.0,*xerou=b,*xeroubi/n
a)gno/hma,neuter,3.0,a)gnoh/matos,a)gnohma/twn
dio/rqwsis,feminine,3.0,diorqw/sews,
tra/gos,masculine,2.0,tra/gou,
da/malis,feminine,3.0,dama/lews,
kaqaro/ths,feminine,3.0,kaqaro/thtos,kaqaro/thta
ai(matekxusi/a,feminine,1.0,ai(matekxusi/as,
kefali/s,feminine,3.0,kefali/dos,kefali/di
e)kdoxh/,feminine,1.0,,
timwri/a,feminine,1.0,timwri/as,
a)/qlhsis,feminine,3.0,a)qlh/sews,a)/qlhsin
u(postolh/,feminine,1.0,u(postolh=s,
e)/legxos,masculine,2.0,,
misqapodo/ths,masculine,1.0,,
dhmiourgo/s,masculine,2.0,,
dia/tagma,neuter,3.0,diata/gmatos,dia/tagma
pro/sxusis,feminine,3.0,prosxu/sews,pro/sxusin
pei=ra,feminine,1.0,pei/ras,pei=ran
kata/skopos,masculine,2.0,katasko/pou,katasko/pous
*gedew/n,masculine,3.0,*gedew/n,
*bara/k,masculine,3.0,*bara/k,
*samyw/n,masculine,3.0,*samyw/n,
*)iefqa/e,masculine,3.0,*)iefqa/e,
e)mpaigmo/s,masculine,2.0,e)mpaigmou=,e)mpaigmw=n
mhlwth/,feminine,1.0,mhlwth=s,mhlwtai=s
de/rma,neuter,3.0,de/rmatos,de/rmasi(n)
ne/fos,neuter,3.0,ne/fous,ne/fos
o)/gkos,masculine,2.0,o)/gkou,o)/gkon
teleiwth/s,masculine,1.0,teleiwtou=,teleiwth/n
a(gio/ths,feminine,3.0,a(gio/thtos,
troxia/,feminine,1.0,troxia\s,
prwtoto/kia,neuter,1.0,prwtotoki/as,prwtoto/kia
gno/fos,masculine,2.0,gno/fou,
qu/ella,feminine,1.0,que/llhs,que/llh|
panh/guris,feminine,3.0,panhgu/rews,panhgu/rei
de/os,neuter,3.0,de/ous,
ai)/nesis,feminine,3.0,ai)ne/sews,
eu)poii/+a,feminine,1.0,eu)poii/+as,
*kolossai/,feminine,1.0,*kolossw=n,*kolossai=s
a)reskei/a,feminine,1.0,a)reskei/as,a)reskei/an
piqanologi/a,feminine,1.0,piqanologi/as,piqanologi/a|
stere/wma,neuter,3.0,sterew/matos,stere/wma
filosofi/a,feminine,1.0,filosofi/as,
qeo/ths,feminine,3.0,qeo/thtos,
a)pe/kdusis,feminine,3.0,a)pekdu/sews,a)pekdu/sei
xeiro/grafon,neuter,2.0,xeirogra/fou,xeiro/grafon
noumhni/a,feminine,1.0,noumhni/as,
a)po/xrhsis,feminine,3.0,a)poxrh/sews,a)poxrh/sei
e)qeloqrhski/a,feminine,1.0,e)qeloqrhski/as,e)qeloqrhski/a|
a)feidi/a,feminine,1.0,a)feidi/as,a)feidi/a|
plhsmonh/,feminine,1.0,plhsmonh=s,
ai)sxrologi/a,feminine,1.0,ai)sxrologi/as,ai)sxrologi/an
*sku/qhs,masculine,1.0,,
momfh/,feminine,1.0,momfh=s,momfh/n
a)ntapo/dosis,feminine,3.0,a)ntapodo/sews,a)ntapo/dosin
i)so/ths,feminine,3.0,i)so/thtos,
a)neyio/s,masculine,2.0,,
parhgori/a,feminine,1.0,,
*(iera/polis,feminine,3.0,(*ierapo/lews,*(ierapo/lei
*nu/mfa,feminine,1.0,*nu/mfas,*nu/mfan
*laodikeu/s,masculine,3.0,*laodike/ws,*laodike/wn
a)po/krima,neuter,3.0,a)pokri/matos,a)po/krima
e)lafri/a,feminine,1.0,e)lafri/as,e)lafri/a|
e)pitimi/a,feminine,1.0,,
i(kano/ths,feminine,3.0,,
kata/krisis,feminine,3.0,katakri/sews,
ka/lumma,neuter,3.0,kalu/mmatos,ka/lumma
fwtismo/s,masculine,2.0,fwtismou=,fwtismo/n
skh=nos,neuter,3.0,skh/nous,
proskoph/,feminine,1.0,proskoph=s,proskoph/n
a)grupni/a,feminine,1.0,a)grupni/as,a)grupni/ais
a(gno/ths,feminine,3.0,a(gno/thtos,
dusfhmi/a,feminine,1.0,dusfhmi/as,
eu)fhmi/a,feminine,1.0,eu)fhmi/as,
metoxh/,feminine,1.0,,
sumfw/nhsis,feminine,3.0,,
*belia/r,masculine,3.0,*belia/r,*belia/r
sugkata/qesis,feminine,3.0,,
molusmo/s,masculine,2.0,molusmou=,
e)pipo/qhsis,feminine,3.0,e)pipoqh/sews,e)pipo/qhsin
a)gana/kthsis,feminine,3.0,a)ganakth/sews,a)gana/kthsin
a(dro/ths,feminine,3.0,a(dro/thtos,a(dro/thti
do/ths,masculine,1.0,do/tou,do/thn
kaqai/resis,feminine,3.0,kaqaire/sews,kaqai/resin
o)xu/rwma,neuter,3.0,o)xurw/matos,o)xurwma/twn
yeudapo/stolos,masculine,2.0,yeudaposto/lou,yeudapo/stoloi
nuxqh/meron,neuter,2.0,nuxqhme/rou,nuxqh/meron
buqo/s,masculine,2.0,buqou=,
di/yos,neuter,3.0,di/yous,di/yei
e)qna/rxhs,masculine,1.0,,
*(are/tas,masculine,3.0,*(are/ta,
sarga/nh,feminine,1.0,sarga/nhs,sarga/nh|
sko/loy,masculine,3.0,,
yiqurismo/s,masculine,2.0,yiqurismou=,yiqurismoi/
fusi/wsis,feminine,3.0,fusiw/sews,fusiw/seis
kata/rtisis,feminine,3.0,katarti/sews,kata/rtisin
