parsing_atom_head,parsing_atom_dependent,position
diabo/lous_A----APF,nhfali/ous_A----APF,immediately_after
diako/siai_A----NPF,e(bdomh/konta_A----NPF,immediately_after
do/kimon_A----ASM,e)rga/thn_N----ASM,after
e(bdomh/konta_A----NPF,e(/c_A----NPF,immediately_after
eu)pro/sdektos_A----NSF,kaqo/_C-------,after
keno/docoi_A----NPM,prokalou/menoi_V-PMPNPM,after
nhfali/ous_A----APF,pista/s_A----APF,immediately_after
nhfali/ous_A----APM,semnou/s_A----APM,after
o)knhro/n_A----NSN,a)sfale/s_A----NSN,after
semna/s_A----APF,diabo/lous_A----APF,after
semnou/s_A----APM,sw/fronas_A----APM,immediately_after
sw/fronas_A----APM,u(giai/nontas_V-PAPAPM,immediately_after
a)lla/_C-------,a)gaqo/n_A----ASN,after
a)lla/_C-------,ai)/rei_V3PAI-S-,before
a)lla/_C-------,a)lla/_C-------,after
a)lla/_C-------,a(marti/a_N----NSF,after
a)lla/_C-------,a)ne/xesqe_V2PMI-P-,after
a)lla/_C-------,a)pe/qane(n)_V3AAI-S-,immediately_before
a)lla/_C-------,a)pola/bhte_V2AAS-P-,after
a)lla/_C-------,a)pole/shte_V2AAS-P-,before
a)lla/_C-------,*barabba=n_N----ASM,after
a)lla/_C-------,ge/noito_V3AMO-S-,immediately_before
a)lla/_C-------,de/dotai_V3RPI-S-,after
a)lla/_C-------,dia/_P-------,immediately_after
a)lla/_C-------,duna/meqa_V1PMI-P-,before
a)lla/_C-------,du/nasqe_V2PMI-P-,after
a)lla/_C-------,e)a/n_C-------,immediately_after
a)lla/_C-------,e)/graya_V1AAI-S-,before
a)lla/_C-------,e)gw/_E----NS-,after
a)lla/_C-------,ei)_C-------,immediately_after
a)lla/_C-------,ei)=_V2PAI-S-,before
a)lla/_C-------,ei)=don_V3AAI-P-,immediately_before
a)lla/_C-------,ei)=pon_V1AAI-S-,immediately_after
a)lla/_C-------,ei)/pwmen_V1AAS-P-,immediately_after
a)lla/_C-------,ei)s_P-------,after
a)lla/_C-------,ei)si/(n)_V3PAI-P-,any
a)lla/_C-------,e)ka/lese(n)_V3AAI-S-,any
a)lla/_C-------,e)kolo/bwse(n)_V3AAI-S-,after
a)lla/_C-------,e)/labon_V1AAI-S-,after
a)lla/_C-------,e)leuqe/ras_A----GSF,after
a)lla/_C-------,e)n_P-------,immediately_after
a)lla/_C-------,e)cagage/twsan_V3AAM-P-,after
a)lla/_C-------,e)/cesti(n)_V3PAI-S-,immediately_before
a)lla/_C-------,e)celqo/ntes_V-AAPNPM,after
a)lla/_C-------,e)ch/lqate_V2AAI-P-,after
a)lla/_C-------,e)cousiasqh/somai_V1FPI-S-,after
a)lla/_C-------,e)/peita_C-------,after
a)lla/_C-------,e)pide/xetai_V3PMI-S-,after
a)lla/_C-------,e)pilamba/netai_V3PMI-S-,any
a)lla/_C-------,e)pwrw/qh_V3API-S-,immediately_after
a)lla/_C-------,e)rei=_V3FAI-S-,immediately_after
a)lla/_C-------,e)sme/n_V1PAI-P-,before
a)lla/_C-------,e)ste/_V2PAI-P-,before
a)lla/_C-------,e)sti/(n)_V3PAI-S-,any
a)lla/_C-------,e(te/rou_A----GSM,after
a)lla/_C-------,e)/xeis_V2PAI-S-,after
a)lla/_C-------,e)/xw_V1PAI-S-,immediately_after
a)lla/_C-------,e)yeu/sw_V2AMI-S-,before
a)lla/_C-------,e(/ws_P-------,immediately_after
a)lla/_C-------,zhlou=si(n)_V3PAI-P-,before
a)lla/_C-------,zhtei/tw_V3PAM-S-,immediately_before
a)lla/_C-------,zw/ntwn_V-PAPGPM,immediately_after
a)lla/_C-------,h)/_n-------,immediately_after
a)lla/_C-------,h)ge/rqh_V3API-S-,immediately_after
a)lla/_C-------,h(/ghmai_V1RMI-S-,after
a)lla/_C-------,h)kou/samen_V1AAI-P-,after
a)lla/_C-------,h)=lqon_V1AAI-S-,after
a)lla/_C-------,h)=n_V3IAI-S-,before
a)lla/_C-------,qeou=_N----GSM,after
a)lla/_C-------,qew=|_N----DSM,after
a)lla/_C-------,*)ihsou=n_N----ASM,after
a)lla/_C-------,i(/na_C-------,after
a)lla/_C-------,i(sta/nomen_V1PAI-P-,after
a)lla/_C-------,kaqara/_A----NPN,immediately_before
a)lla/_C-------,kaqeu/dei_V3PAI-S-,immediately_after
a)lla/_C-------,kai/_C-------,after
a)lla/_C-------,kai/_v-------,before
a)lla/_C-------,kako/n_A----ASN,immediately_after
a)lla/_C-------,kakw=|_A----DSN,after
a)lla/_C-------,kateba/rhsa_V1AAI-S-,before
a)lla/_C-------,katerga/zomai_V1PMI-S-,before
a)lla/_C-------,klhqh/setai_V3FPI-S-,immediately_after
a)lla/_C-------,kri/nete_V2PAM-P-,any
a)lla/_C-------,kti/sis_N----NSF,after
a)lla/_C-------,le/gei_V3PAI-S-,after
a)lla/_C-------,le/gw_V1PAI-S-,any
a)lla/_C-------,mele/tw_V3PAM-S-,immediately_before
a)lla/_C-------,mhde/_C-------,before
a)lla/_C-------,mimou=_V2PMM-S-,before
a)lla/_C-------,ni/ka_V2PAM-S-,immediately_after
a)lla/_C-------,nikw=_V2PPM-S-,before
a)lla/_C-------,oi)kodomei=_V3PAI-S-,after
a)lla/_C-------,o(/ti_C-------,immediately_after
a)lla/_C-------,ou)_B-------,before
a)lla/_C-------,ou)de/_C-------,before
a)lla/_C-------,ou)/te_C-------,before
a)lla/_C-------,ou)xi/_B-------,before
a)lla/_C-------,pisteu/omen_V1PAI-P-,after
a)lla/_C-------,pi/stews_N----GSF,immediately_after
a)lla/_C-------,polla/_A----NPN,immediately_after
a)lla/_C-------,proa/cw_V1FAI-S-,after
a)lla/_C-------,prw=ton_A----NSN,before
a)lla/_C-------,sa/rc_N----NSF,immediately_after
a)lla/_C-------,sumfe/rei_V3PAI-S-,after
a)lla/_C-------,sunapago/menoi_V-PPPNPM,after
a)lla/_C-------,th/rhsis_N----NSF,immediately_after
a)lla/_C-------,ti/qhmi_V1PAI-S-,after
a)lla/_C-------,tou=ton_M----ASM,before
a)lla/_C-------,ui(o/s_N----NSM,immediately_after
a)lla/_C-------,u(pe/r_P-------,immediately_after
a)lla/_C-------,u(pernikw=men_V1PAI-P-,after
a)lla/_C-------,u(po/_P-------,immediately_after
a)lla/_C-------,fronou=ntes_V-PAPNPM,immediately_before
a)lla/_C-------,xwrou=si(n)_V3PAI-P-,before
a)/ra_C-------,a)lla/_C-------,after
a)/ra_C-------,a)pw/lonto_V3AMI-P-,after
a)/ra_C-------,diw/kwmen_V1PAS-P-,after
a)/ra_C-------,dw/sei_V3FAI-S-,after
a)/ra_C-------,e)k_P-------,after
a)/ra_C-------,e)leei=_V3PAI-S-,after
a)/ra_C-------,e)pignw/sesqe_V2FMI-P-,after
a)/ra_C-------,e)ste/_V2PAI-P-,after
a)/ra_C-------,e)xrhsa/mhn_V1AMI-S-,after
a)/ra_C-------,kath/rghtai_V3RPI-S-,immediately_after
a)/xri_C-------,e)/zhsan_V3AAI-P-,immediately_before
a)/xri_C-------,telesqh=|_V3APS-S-,immediately_after
dio/_C-------,a)lla/_C-------,after
dio/_C-------,e)klh/qh_V3API-S-,immediately_after
dio/_C-------,e)logi/sqh_V3API-S-,immediately_after
dio/_C-------,e)paisxu/netai_V3PMI-S-,after
dio/_C-------,h(toi/mase(n)_V3AAI-S-,after
dio/_C-------,kaqw/s_C-------,after
dio/_C-------,le/gei_V3PAI-S-,immediately_after
dio/_C-------,proseuxe/sqw_V3PMM-S-,after
dio/per_C-------,feu/gete_V2PAM-P-,after
e)a/n_C-------,a)gaqopoih=te_V2PAS-P-,immediately_after
e)a/n_C-------,a)gaph/shte_V2AAS-P-,after
e)a/n_C-------,a)parnh/somai_V1FMI-S-,after
e)a/n_C-------,a)poqnh/|skwmen_V1PAS-P-,after
e)a/n_C-------,a)polei=sqe_V2FMI-P-,after
e)a/n_C-------,a)postalw=si(n)_V3APS-P-,after
e)a/n_C-------,a)rtuqh/setai_V3FPI-S-,after
e)a/n_C-------,a)rtu/sete_V2FAI-P-,after
e)a/n_C-------,a)spa/shsqe_V2AMS-P-,immediately_after
e)a/n_C-------,gamh/sh|s_V2AAS-S-,after
e)a/n_C-------,ge/nhsqe_V2AMS-P-,after
e)a/n_C-------,ge/nhtai_V3AMS-S-,after
e)a/n_C-------,gh/mh|_V3AAS-S-,immediately_after
e)a/n_C-------,ginw/skomen_V1PAI-P-,before
e)a/n_C-------,gnw/sontai_V3FMI-P-,before
e)a/n_C-------,dani/shte_V2AAS-P-,immediately_after
e)a/n_C-------,de/h|_V3PAS-S-,immediately_after
e)a/n_C-------,dunai/mhn_V1PMO-S-,immediately_before
e)a/n_C-------,du/nasai_V2PMI-S-,after
e)a/n_C-------,dw=|_V3AAS-S-,after
e)a/n_C-------,e)a/n_C-------,after
e)a/n_C-------,e)gnw/kamen_V1RAI-P-,before
e)a/n_C-------,ei)/ph|_V3AAS-S-,after
e)a/n_C-------,ei)/pwmen_V1AAS-P-,immediately_after
e)a/n_C-------,e)leuqerw/sh|_V3AAS-S-,after
e)a/n_C-------,e)rei=_V3FAI-S-,after
e)a/n_C-------,e)/rxhtai_V3PMS-S-,after
e)a/n_C-------,e)rwta=|_V3PAS-S-,after
e)a/n_C-------,e)/sesqe_V2FMI-P-,after
e)a/n_C-------,e)sme/n_V1PAI-P-,after
e)a/n_C-------,e)ste/_V2PAI-P-,immediately_before
e)a/n_C-------,e)sti/(n)_V3PAI-S-,after
e)a/n_C-------,e)/xeis_V2PAI-S-,after
e)a/n_C-------,e)/xete_V2PAI-P-,after
e)a/n_C-------,e)/xh|_V3PAS-S-,after
e)a/n_C-------,e)/xhte_V2PAS-P-,after
e)a/n_C-------,zw=men_V1PAS-P-,after
e)a/n_C-------,h(/marte(n)_V3AAI-S-,after
e)a/n_C-------,h(/martes_V2AAI-S-,after
e)a/n_C-------,qe/lh|s_V2PAS-S-,immediately_after
e)a/n_C-------,qe/lw_V1PAS-S-,after
e)a/n_C-------,qewrh=te_V2PAS-P-,after
e)a/n_C-------,kaqi/zete_V2PAI-P-,after
e)a/n_C-------,kakw/swn_V-FAPNSM,before
e)a/n_C-------,khru/cwsi(n)_V3AAS-P-,immediately_before
e)a/n_C-------,kra/cousi(n)_V3FAI-P-,after
e)a/n_C-------,le/gh|_V3PAS-S-,after
e)a/n_C-------,metanoh=te_V2PAS-P-,after
e)a/n_C-------,mwranqh=|_V3APS-S-,after
e)a/n_C-------,ni/yw_V1AAS-S-,after
e)a/n_C-------,o(dhgh/sei_V3FAI-S-,after
e)a/n_C-------,o(/ti_C-------,after
e)a/n_C-------,o)/yomai_V1FMI-S-,after
e)a/n_C-------,paraskeua/setai_V3FMI-S-,after
e)a/n_C-------,perite/mnhsqe_V2PPS-P-,immediately_after
e)a/n_C-------,poiei=te_V2PAI-P-,after
e)a/n_C-------,poih=te_V2PAS-P-,immediately_after
e)a/n_C-------,siwph/sousi(n)_V3FAI-P-,after
e)a/n_C-------,thrw=men_V1PAS-P-,after
e)a/n_C-------,ti/_I----NSN,any
e)a/n_C-------,fanerwqh=|_V3APS-S-,immediately_after
e)a/n_C-------,w)felh/sei_V3FAI-S-,after
e)a/nper_C-------,e)pitre/ph|_V3PAS-S-,immediately_after
e)a/nper_C-------,poih/somen_V1FAI-P-,immediately_before
ei)_C-------,a)gaqo/s_A----NSM,immediately_before
ei)_C-------,a)gapa=te_V2PAI-P-,immediately_after
ei)_C-------,a)gapw=mai_V1PPI-S-,after
ei)_C-------,a)gapw=n_V-PAPNSM,after
ei)_C-------,a)/gesqe_V2PPI-P-,after
ei)_C-------,a)koh/_N----NSF,after
ei)_C-------,a)koue/tw_V3PAM-S-,after
ei)_C-------,a)kousa/tw_V3AAM-S-,after
ei)_C-------,a)/kwn_A----NSM,after
ei)_C-------,a)lla/_C-------,after
ei)_C-------,a)llogenh/s_A----NSM,after
ei)_C-------,a)nh/fqh_V3API-S-,after
ei)_C-------,a)pe/dosqe_V2AMI-P-,after
ei)_C-------,a)peiqh/sasi(n)_V-AAPDPM,after
ei)_C-------,a)pekdexo/meqa_V1PMI-P-,after
ei)_C-------,a)/ra_C-------,after
ei)_C-------,bapti/zontai_V3PPI-P-,after
ei)_C-------,blasfhmou=mai_V1PPI-S-,after
ei)_C-------,ble/pete_V2PAM-P-,after
ei)_C-------,e)ge/nesqe_V2AMI-P-,after
ei)_C-------,ginw/skete_V2PAI-P-,after
ei)_C-------,dei=_V3PAI-S-,after
ei)_C-------,diemeri/sqh_V3API-S-,after
ei)_C-------,diw/komai_V1PPI-S-,after
ei)_C-------,doqh/setai_V3FPI-S-,immediately_after
ei)_C-------,du/nasai_V2PMI-S-,after
ei)_C-------,du/nasqe_V2PMI-P-,after
ei)_C-------,dunata/_A----NPN,after
ei)_C-------,du/natai_V3PMI-S-,before
ei)_C-------,dunato/n_A----NSN,immediately_after
ei)_C-------,du/nh|_V2PMI-S-,immediately_after
ei)_C-------,dw/sei_V3FAI-S-,after
ei)_C-------,e)a/n_C-------,after
ei)_C-------,e)gei/rontai_V3PPI-P-,after
ei)_C-------,e)/gnwke(n)_V3RAI-S-,immediately_before
ei)_C-------,e)/graye(n)_V3AAI-S-,after
ei)_C-------,e)dw/kate_V2AAI-P-,after
ei)_C-------,e)qhrioma/xhsa_V1AAI-S-,after
ei)_C-------,ei)_C-------,after
ei)_C-------,ei)=_V2PAI-S-,after
ei)_C-------,ei)=don_V3AAI-P-,immediately_before
ei)_C-------,ei)kh=|_B-------,after
ei)_C-------,ei)pe/_V2AAM-S-,after
ei)_C-------,ei(=s_A----NSM,after
ei)_C-------,e)kolo/bwse(n)_V3AAI-S-,after
ei)_C-------,e)/labes_V2AAI-S-,after
ei)_C-------,e)lpi/zomen_V1PAI-P-,after
ei)_C-------,e)/cesti(n)_V3PAI-S-,immediately_after
ei)_C-------,e)peka/lesan_V3AAI-P-,after
ei)_C-------,e)pizhtei=te_V2PAI-P-,after
ei)_C-------,e)piqumei=_V3PAI-S-,after
ei)_C-------,e)piluqh/setai_V3FPI-S-,after
ei)_C-------,e)pisteu/ete_V2IAI-P-,after
ei)_C-------,e)rou=men_V1FAI-P-,after
ei)_C-------,e)/rxetai_V3PMI-S-,immediately_after
ei)_C-------,e)rwta=|_V3PAI-S-,after
ei)_C-------,e)spei/ramen_V1AAI-P-,after
ei)_C-------,e)ste/_V2PAI-P-,after
ei)_C-------,e)sti/(n)_V3PAI-S-,after
ei)_C-------,e)sw/qh_V3API-S-,after
ei)_C-------,eu)pro/sdektos_A----NSF,after
ei)_C-------,eu(re/qhsan_V3API-P-,before
ei)_C-------,e)/xei_V3PAI-S-,after
ei)_C-------,e)/xeis_V2PAI-S-,after
ei)_C-------,e)/xomen_V1PAI-P-,before
ei)_C-------,e)/xw_V1PAI-S-,after
ei)_C-------,zw=men_V1PAI-P-,after
ei)_C-------,h)ga/phse(n)_V3AAI-S-,after
ei)_C-------,h)/mhn_V1IMI-S-,after
ei)_C-------,h)=n_V3IAI-S-,after
ei)_C-------,h)pi/sthsan_V3AAI-P-,immediately_after
ei)_C-------,h)/reskon_V1IAI-S-,after
ei)_C-------,h)/tw_V3PAM-S-,after
ei)_C-------,qauma/zete_V2PAM-P-,before
ei)_C-------,qe/loi_V3PAO-S-,immediately_after
ei)_C-------,qeo/s_N----NSM,after
ei)_C-------,qerapeu/sei_V3FAI-S-,after
ei)_C-------,qeri/somen_V1FAI-P-,after
ei)_C-------,*)ihsou=n_N----ASM,after
ei)_C-------,i(/na_C-------,after
ei)_C-------,i)sxu/ei_V3PAI-S-,before
ei)_C-------,kai/_v-------,after
ei)_C-------,*kai/sara_N----ASM,after
ei)_C-------,kalei=_V3PAI-S-,after
ei)_C-------,kata/_P-------,after
ei)_C-------,katargh/sei_V3FAI-S-,after
ei)_C-------,katapatei=sqai_V-PPN---,after
ei)_C-------,kauxh/somai_V1FMI-S-,after
ei)_C-------,kekoi/mhtai_V3RMI-S-,immediately_after
ei)_C-------,khru/ssw_V1PAI-S-,after
ei)_C-------,klhrono/mos_N----NSM,after
ei)_C-------,krei=tton_A----NSN,before
ei)_C-------,kri/netai_V3PPI-S-,after
ei)_C-------,le/gw_V1PAI-S-,after
ei)_C-------,lupei=tai_V3PPI-S-,after
ei)_C-------,maka/rioi_A----NPM,after
ei)_C-------,ma=llon_B-------,after
ei)_C-------,me/ga_A----NSN,after
ei)_C-------,merimna=te_V2PAI-P-,after
ei)_C-------,mete/xousi(n)_V3PAI-P-,after
ei)_C-------,mete/xw_V1PAI-S-,after
ei)_C-------,mh/ge_B-------,after
ei)_C-------,misei=_V3PAI-S-,after
ei)_C-------,oi)/date_V2RAI-P-,after
ei)_C-------,oi)kiakou/s_N----APM,after
ei)_C-------,oi)kodomw=_V1PAI-S-,after
ei)_C-------,o)li/goi_A----NPM,immediately_after
ei)_C-------,o)re/getai_V3PMI-S-,after
ei)_C-------,o)fei/lomen_V1PAI-P-,after
ei)_C-------,pa/sxoite_V2PAO-P-,after
ei)_C-------,pata/comen_V1FAI-P-,immediately_after
ei)_C-------,peina=|_V3PAI-S-,after
ei)_C-------,pepi/steumai_V1RPI-S-,after
ei)_C-------,peripatei=s_V2PAI-S-,after
ei)_C-------,pisteu/ete_V2PAI-P-,after
ei)_C-------,pisteu/sete_V2FAI-P-,after
ei)_C-------,pneu=ma_N----NSN,after
ei)_C-------,poiw=_V1PAI-S-,after
ei)_C-------,po/son_A----NSN,after
ei)_C-------,pou=_B-------,after
ei)_C-------,pra/ssw_V1PAI-S-,after
ei)_C-------,pro/keitai_V3PMI-S-,after
ei)_C-------,proslabou=_V2AMM-S-,after
ei)_C-------,skandalisqh/sontai_V3FPI-P-,after
ei)_C-------,staqh/setai_V3FPI-S-,after
ei)_C-------,stoixw=men_V1PAS-P-,after
ei)_C-------,su/mfhmi_V1PAI-S-,after
ei)_C-------,sunista/nw_V1PAI-S-,after
ei)_C-------,suni/sthsi(n)_V3PAI-S-,after
ei)_C-------,sw/|zetai_V3PPI-S-,after
ei)_C-------,swqh/setai_V3FPI-S-,after
ei)_C-------,sw/seis_V2FAI-S-,after
ei)_C-------,ti/_I----NSN,after
ei)_C-------,ui(o/s_N----NSM,after
ei)_C-------,u(pe/r_P-------,after
ei)_C-------,u(pomenei=te_V2FAI-P-,after
ei)_C-------,fanei=tai_V3FMI-S-,after
ei)_C-------,filei=_V3PAI-S-,after
ei)_C-------,xa/ris_N----NSF,after
ei)_C-------,xrh=sai_V2AMM-S-,after
ei)_C-------,*xristou=_N----GSM,after
ei)_C-------,w)/mose(n)_V3AAI-S-,before
ei)_C-------,w(s_C-------,after
ei)/te_C-------,glw=ssai_N----NPF,immediately_after
ei)/te_C-------,gnw=sis_N----NSF,immediately_after
ei)/te_C-------,e)gw/_E----NS-,immediately_before
ei)/te_C-------,ei)/te_C-------,after
ei)/te_C-------,e)kei=noi_M----NPM,immediately_after
ei)/te_C-------,e)ce/sthmen_V1AAI-P-,after
ei)/te_C-------,e)sqi/ete_V2PAI-P-,immediately_before
ei)/te_C-------,qew=|_N----DSM,after
ei)/te_C-------,katarghqh/setai_V3FPI-S-,after
ei)/te_C-------,katarghqh/sontai_V3FPI-P-,after
ei)/te_C-------,pau/sontai_V3FMI-P-,after
ei)/te_C-------,pi/nete_V2PAI-P-,immediately_before
ei)/te_C-------,poiei=te_V2PAI-P-,after
ei)/te_C-------,poiei=te_V2PAM-P-,after
ei)/te_C-------,profhtei=ai_N----NPF,after
ei)/te_C-------,swfronou=men_V1PAI-P-,immediately_after
ei)/te_C-------,u(mi=n_E----DP-,after
e)pei/_C-------,ge/noito_V3AMO-S-,immediately_before
e)pei/_C-------,ginw/skw_V1PAI-S-,after
e)pei/_C-------,e)/stai_V3FMI-S-,before
e)pei/_C-------,kauxh/somai_V1FMI-S-,after
e)pei/_C-------,kauxw=ntai_V3PMI-P-,after
e)pei/_C-------,krinei=_V3FAI-S-,after
e)pei/_C-------,poih/sousi(n)_V3FAI-P-,after
e)/peita_C-------,pneumatiko/n_A----NSN,after
e)/peita_C-------,yuxiko/n_A----NSN,immediately_before
e(/ws_C-------,a)podw=|s_V2AAS-S-,after
e(/ws_C-------,a)rnh/sh|_V2FMI-S-,after
e(/ws_C-------,e)ce/lqh|s_V2AAS-S-,before
e(/ws_C-------,e)/rxomai_V1PMI-S-,immediately_after
e(/ws_C-------,me/nein_V-PAN---,immediately_before
e(/ws_C-------,pro/sexe_V2PAM-S-,after
e(/ws_C-------,fwnh/sh|_V3AAS-S-,immediately_before
h)/_C-------,a)nqrw/pois_N----DPM,immediately_after
h)/_C-------,a)po/_P-------,immediately_after
h)/_C-------,a)sqenou=nta_V-PAPASM,immediately_before
h)/_C-------,gumno/ths_N----NSF,immediately_before
h)/_C-------,dei=_V3PAI-S-,before
h)/_C-------,diwgmo/s_N----NSM,immediately_before
h)/_C-------,du/natai_V3PMI-S-,before
h)/_C-------,e)k_P-------,immediately_after
h)/_C-------,e)/lqw_V1AAS-S-,before
h)/_C-------,e)n_P-------,immediately_after
h)/_C-------,e)pi/steuse(n)_V3AAI-S-,before
h)/_C-------,zesto/s_A----NSM,immediately_after
h)/_C-------,h)/_C-------,after
h)/_C-------,h)/_n-------,after
h)/_C-------,h)/_v-------,after
h)/_C-------,qeo/n_N----ASM,after
h)/_C-------,qli=yis_N----NSF,immediately_before
h)/_C-------,limo/s_N----NSM,immediately_before
h)/_C-------,pei/qw_V1PAI-S-,immediately_before
h)/_C-------,stenoxwri/a_N----NSF,immediately_before
h)/_C-------,su=ka_N----APN,after
h)/_C-------,sulle/gousi(n)_V3PAI-P-,before
h)/_C-------,fa/gwmen_V1AAS-P-,immediately_before
h)/_C-------,yuxro/s_A----NSM,before
h)/_a-------,*)ioudai/wn_A----GPM,immediately_after
h)/_c-------,h)/_v-------,after
h)/_c-------,i(/na_C-------,after
h)/_c-------,kai/_C-------,after
h)/_c-------,kai/_v-------,any
h)/_c-------,o(/ti_C-------,any
h)/_c-------,w(s_C-------,after
h)/_n-------,a)delfoi/_N----NPM,after
h)/_n-------,a)pole/sas_V-AAPNSM,immediately_before
h)/_n-------,diamerismo/n_N----ASM,immediately_after
h)/_n-------,dw=ron_N----NSN,immediately_before
h)/_n-------,zhmiwqei/s_V-APPNSM,immediately_after
h)/_n-------,qusiasth/rion_N----NSN,after
h)/_n-------,kh=nson_N----ASM,immediately_after
h)/_n-------,ki/ndunos_N----NSM,immediately_before
h)/_n-------,krith/n_N----ASM,immediately_before
h)/_n-------,ma/xaira_N----NSF,immediately_after
h)/_n-------,meristh/n_N----ASM,immediately_after
h)/_n-------,mh/thr_N----NSF,before
h)/_n-------,te/lh_N----APN,immediately_before
h)/_p-------,a)po/_P-------,any
h)/_p-------,e)k_P-------,any
h)/_p-------,e)n_P-------,any
h)/_p-------,e)pi/_P-------,any
h)/_p-------,meta/_P-------,after
h)/_p-------,peri/_P-------,any
h)/_p-------,pro/s_P-------,before
h)/_e-------,u(mi=n_E----DP-,immediately_after
h)/_i-------,ti/_I----NSN,before
h)/_i-------,ti/s_I----NSF,immediately_after
h)/_v-------,a)gaqopoih=sai_V-AAN---,immediately_before
h)/_v-------,a)gnoei=te_V2PAI-P-,immediately_after
h)/_v-------,a)qetei=_V3PAI-S-,immediately_before
h)/_v-------,ai)th/sei_V3FAI-S-,after
h)/_v-------,a)poktei=nai_V-AAN---,immediately_after
h)/_v-------,dw=men_V1AAS-P-,any
h)/_v-------,dw/sei_V3FAI-S-,after
h)/_v-------,e)bapti/sqhte_V2API-P-,after
h)/_v-------,e)ge/neto_V3AMI-S-,after
h)/_v-------,ei)=pon_V3AAI-P-,after
h)/_v-------,e)ch=lqe(n)_V3AAI-S-,immediately_before
h)/_v-------,e)couqenei=s_V2PAI-S-,after
h)/_v-------,e)pidiata/ssetai_V3PMI-S-,immediately_after
h)/_v-------,e)staurw/qh_V3API-S-,before
h)/_v-------,e)/xomen_V1PAI-P-,after
h)/_v-------,zhtw=_V1PAI-S-,immediately_after
h)/_v-------,h)/_v-------,after
h)/_v-------,kakopoih=sai_V-AAN---,immediately_after
h)/_v-------,katabh/setai_V3FMI-S-,after
h)/_v-------,katafronei=te_V2PAI-P-,after
h)/_v-------,kath/nthse(n)_V3AAI-S-,after
h)/_v-------,lalei=s_V2PAI-S-,after
h)/_v-------,lalw=_V1PAI-S-,immediately_before
h)/_v-------,le/gei_V3PAI-S-,after
h)/_v-------,le/geis_V2PAI-S-,immediately_before
h)/_v-------,me/lei_V3PAI-S-,before
h)/_v-------,oi)=das_V2RAI-S-,after
h)/_v-------,oi)/date_V2RAI-P-,after
h)/_v-------,parazhlou=men_V1PAI-P-,immediately_after
h)/_v-------,peribalw/meqa_V1AMS-P-,after
h)/_v-------,pi/wmen_V1AAS-P-,immediately_before
h)/_v-------,sw=sai_V-AAN---,immediately_before
i(/na_C-------,a)gapa=te_V2PAS-P-,immediately_after
i(/na_C-------,a)qumw=si(n)_V3PAS-P-,after
i(/na_C-------,a)lla/_C-------,after
i(/na_C-------,a(ma/rthte_V2AAS-P-,after
i(/na_C-------,a)nable/yw_V1AAS-S-,immediately_after
i(/na_C-------,a)ne/seisan_V3AAI-P-,before
i(/na_C-------,a)noigw=si(n)_V3APS-P-,immediately_after
i(/na_C-------,a)pe/lqw_V1AAS-S-,after
i(/na_C-------,a)pokatastaqw=_V1APS-S-,after
i(/na_C-------,a)poktei/nwsi(n)_V3AAS-P-,immediately_after
i(/na_C-------,a)pola/bwsi(n)_V3AAS-P-,immediately_after
i(/na_C-------,a)polu/sh|_V3AAS-S-,after
i(/na_C-------,a(/yhtai_V3AMS-S-,after
i(/na_C-------,ble/pe_V2PAM-S-,before
i(/na_C-------,ble/pete_V2PAM-P-,before
i(/na_C-------,ge/gone(n)_V3RAI-S-,immediately_before
i(/na_C-------,ge/nhsqe_V2AMS-P-,after
i(/na_C-------,ge/nwmai_V1AMS-S-,after
i(/na_C-------,ginw/meqa_V1PMS-P-,after
i(/na_C-------,gnoi=_V3AAS-S-,after
i(/na_C-------,gra/fw_V1PAI-S-,before
i(/na_C-------,dani/zousi(n)_V3PAI-P-,immediately_before
i(/na_C-------,de/dwke(n)_V3RAI-S-,before
i(/na_C-------,diermhneu/h|_V3PAS-S-,immediately_after
i(/na_C-------,dw=men_V1AAS-P-,after
i(/na_C-------,e)ba/stasan_V3AAI-P-,before
i(/na_C-------,e)ge/neto_V3AMI-S-,before
i(/na_C-------,e)gkentrisqw=_V1APS-S-,after
i(/na_C-------,e)/dwke(n)_V3AAI-S-,before
i(/na_C-------,e)zh/tei_V3IAI-S-,before
i(/na_C-------,ei)/pwsi(n)_V3AAS-P-,after
i(/na_C-------,ei)se/lqhte_V2AAS-P-,after
i(/na_C-------,e)kkaqa/rate_V2AAM-P-,before
i(/na_C-------,e)/lqh|_V3AAS-S-,immediately_after
i(/na_C-------,e)mpe/sh|_V3AAS-S-,after
i(/na_C-------,e)nte/llomai_V1PMI-S-,before
i(/na_C-------,e)ca/gousi(n)_V3PAI-P-,before
i(/na_C-------,e)cekla/sqhsan_V3API-P-,before
i(/na_C-------,e)/pemya_V1AAI-S-,before
i(/na_C-------,e)pime/nwmen_V1PAS-P-,before
i(/na_C-------,e)pita/ch|_V3AAS-S-,after
i(/na_C-------,e)/ptaisan_V3AAI-P-,immediately_before
i(/na_C-------,e)rgazw/meqa_V1PMS-P-,immediately_after
i(/na_C-------,e)reqi/zete_V2PAM-P-,before
i(/na_C-------,e)rwth/sh|_V3AAS-S-,immediately_after
i(/na_C-------,e)sqie/tw_V3PAM-S-,immediately_before
i(/na_C-------,e)sti/(n)_V3PAI-S-,before
i(/na_C-------,eu(reqh=|_V3APS-S-,after
i(/na_C-------,e)fanerw/qh_V3API-S-,before
i(/na_C-------,zhlou=te_V2PAS-P-,after
i(/na_C-------,h(toi/masan_V3AAI-P-,before
i(/na_C-------,qe/lousi(n)_V3PAI-P-,immediately_before
i(/na_C-------,i)/dw_V1AAS-S-,immediately_after
i(/na_C-------,kaqw/s_C-------,after
i(/na_C-------,kai/_v-------,any
i(/na_C-------,katala/bhte_V2AAS-P-,immediately_after
i(/na_C-------,kathgorh/swsi(n)_V3AAS-P-,immediately_after
i(/na_C-------,kra/tei_V2PAM-S-,before
i(/na_C-------,kurieu/sh|_V3AAS-S-,after
i(/na_C-------,la/bh|_V3AAS-S-,after
i(/na_C-------,le/geis_V2PAI-S-,after
i(/na_C-------,le/gw_V1PAI-S-,immediately_before
i(/na_C-------,le/gwsi(n)_V3PAS-P-,after
i(/na_C-------,lei/ph|_V3PAS-S-,after
i(/na_C-------,lela/lhka_V1RAI-S-,before
i(/na_C-------,liqa/swsi(n)_V3AAS-P-,immediately_after
i(/na_C-------,lu/sh|_V3AAS-S-,immediately_after
i(/na_C-------,marturh/sh|_V3AAS-S-,immediately_after
i(/na_C-------,neo/futon_A----ASM,immediately_before
i(/na_C-------,o)fei/lomen_V1PAI-P-,before
i(/na_C-------,o(/tan_C-------,immediately_after
i(/na_C-------,paradw=|_V3AAS-S-,after
i(/na_C-------,parakalw=_V1PAI-S-,before
i(/na_C-------,paralogi/zhtai_V3PMS-S-,after
i(/na_C-------,pare/dwke(n)_V3AAI-S-,before
i(/na_C-------,pareth/roun_V3IAI-P-,before
i(/na_C-------,pe/swsi(n)_V3AAS-P-,immediately_after
i(/na_C-------,pisteu/ete_V2PAM-P-,before
i(/na_C-------,pisteu/sw_V1AAS-S-,immediately_after
i(/na_C-------,pleona/sh|_V3AAS-S-,after
i(/na_C-------,plhroi=s_V2PAS-S-,after
i(/na_C-------,plhrwqh=|_V3APS-S-,after
i(/na_C-------,plhrwqw=si(n)_V3APS-P-,immediately_after
i(/na_C-------,po/qen_B-------,before
i(/na_C-------,poiei=s_V2PAI-S-,before
i(/na_C-------,poih=|s_V2PAS-S-,after
i(/na_C-------,poih/swsi(n)_V3AAS-P-,after
i(/na_C-------,poiw=_V1PAI-S-,before
i(/na_C-------,poiw=men_V1PAS-P-,immediately_before
i(/na_C-------,poiw=si(n)_V3PAS-P-,immediately_after
i(/na_C-------,pri/n_C-------,before
i(/na_C-------,pro/pemyon_V2AAM-S-,immediately_before
i(/na_C-------,prose/feron_V3IAI-P-,before
i(/na_C-------,profhteu/hte_V2PAS-P-,immediately_after
i(/na_C-------,salpi/swsi(n)_V3AAS-P-,immediately_after
i(/na_C-------,skandalisqh=te_V2APS-P-,after
i(/na_C-------,staurwqh=|_V3APS-S-,immediately_after
i(/na_C-------,staurw/swsi(n)_V3AAS-P-,immediately_after
i(/na_C-------,sunantila/bhtai_V3AMS-S-,after
i(/na_C-------,sune/rxhsqe_V2PMS-P-,after
i(/na_C-------,tre/xete_V2PAM-P-,immediately_before
i(/na_C-------,fe/rete_V2PAM-P-,before
i(/na_C-------,xarh=te_V2APS-P-,after
kaqa/per_C-------,goggu/zete_V2PAM-P-,immediately_before
kaqa/per_C-------,kai/_v-------,after
kaqo/_C-------,e)/xei_V3PAI-S-,after
kaqo/_C-------,e)/xh|_V3PAS-S-,after
kaqw/s_C-------,blasfhmei=tai_V3PPI-S-,before
kaqw/s_C-------,ge/graptai_V3RPI-S-,immediately_after
kaqw/s_C-------,gi/nesqe_V2PMM-P-,immediately_before
kaqw/s_C-------,ei)mi/_V1PAI-S-,after
kaqw/s_C-------,ei)=pe(n)_V3AAI-S-,immediately_after
kaqw/s_C-------,ei)rh/kei_V3LAI-S-,immediately_after
kaqw/s_C-------,ei)/rhke(n)_V3RAI-S-,immediately_after
kaqw/s_C-------,ei)si/(n)_V3PAI-P-,immediately_before
kaqw/s_C-------,e)kpeira/zwmen_V1PAS-P-,before
kaqw/s_C-------,e)poi/ei_V3IAI-S-,immediately_after
kaqw/s_C-------,e)ste/_V2PAI-P-,immediately_after
kaqw/s_C-------,e)sti/(n)_V3PAI-S-,immediately_after
kaqw/s_C-------,eu)odou=tai_V3PPI-S-,immediately_after
kaqw/s_C-------,h)=te_V2PAS-P-,before
kaqw/s_C-------,qe/lete_V2PAI-P-,immediately_after
kaqw/s_C-------,i(/na_C-------,before
kaqw/s_C-------,kai/_v-------,any
kaqw/s_C-------,lalw=_V1PAI-S-,after
kaqw/s_C-------,o)yo/meqa_V1FMI-P-,before
kaqw/s_C-------,poiei=te_V2PAM-P-,after
kaqw/s_C-------,poiei=te_V2PAI-P-,after
kaqw/s_C-------,porneu/wmen_V1PAS-P-,immediately_before
kaqw/s_C-------,prosela/beto_V3AMI-S-,after
kaqw/s_C-------,proslamba/nesqe_V2PMM-P-,before
kaqw/s_C-------,*xristou=_N----GSM,after
kai/_C-------,a(gi/a_A----NSF,immediately_before
kai/_C-------,a(/gios_A----NSM,immediately_before
kai/_C-------,a(gi/ous_A----APM,after
kai/_C-------,a)delfou/s_N----APM,any
kai/_C-------,a)dikei=te_V2PAI-P-,immediately_before
kai/_C-------,a(martwloi/_A----NPM,immediately_after
kai/_C-------,a)neka/qise(n)_V3AAI-S-,before
kai/_C-------,a)ne/pese(n)_V3AAI-S-,immediately_before
kai/_C-------,a)pe/steile(n)_V3AAI-S-,after
kai/_C-------,a)ph=lqe(n)_V3AAI-S-,before
kai/_C-------,a)posterei=te_V2PAI-P-,immediately_before
kai/_C-------,a)po/stoloi_N----NPM,immediately_before
kai/_C-------,a)rkei=sqe_V2PPM-P-,immediately_after
kai/_C-------,a)/rtous_N----APM,before
kai/_C-------,au)tou/s_E----APM,immediately_after
kai/_C-------,a)fi/hsi(n)_V3PAI-S-,before
kai/_C-------,*barnaba=s_N----NSM,immediately_after
kai/_C-------,gumno/n_A----ASM,immediately_before
kai/_C-------,dia/konoi_N----NPM,before
kai/_C-------,dikaiou=tai_V3PPI-S-,before
kai/_C-------,do/te_V2AAM-P-,before
kai/_C-------,e)ge/neto_V3AMI-S-,before
kai/_C-------,e)gw/_E----NS-,any
kai/_C-------,ei)=des_V2AAI-S-,immediately_before
kai/_C-------,ei)mi/_V1PAI-S-,before
kai/_C-------,ei)s_P-------,immediately_after
kai/_C-------,e)k_P-------,after
kai/_C-------,e)kklhsi/as_N----GSF,after
kai/_C-------,e)la/bete_V2AAI-P-,after
kai/_C-------,e)leu/setai_V3FMI-S-,immediately_before
kai/_C-------,*(/ellhnas_N----APM,immediately_after
kai/_C-------,e)n_P-------,before
kai/_C-------,e)ndu/matos_N----GSN,after
kai/_C-------,e)ch=lqon_V3AAI-P-,immediately_before
kai/_C-------,e)comologei=sqe_V2PMM-P-,before
kai/_C-------,e)/pese(n)_V3AAI-S-,before
kai/_C-------,e)pe/streye(n)_V3AAI-S-,before
kai/_C-------,e(pta/_A----APM,immediately_before
kai/_C-------,e)/rxetai_V3PMI-S-,immediately_before
kai/_C-------,e)/sontai_V3FMI-P-,before
kai/_C-------,e)sti/(n)_V3PAI-S-,any
kai/_C-------,e)/sxatoi_A----NPM,after
kai/_C-------,*eu)/boulos_N----NSM,immediately_before
kai/_C-------,e)/fagon_V3AAI-P-,immediately_before
kai/_C-------,e)xqe/s_B-------,immediately_before
kai/_C-------,zhth/sete_V2FAI-P-,before
kai/_C-------,zw/ntwn_V-PAPGPM,immediately_after
kai/_C-------,h(goume/nous_V-PMPAPM,before
kai/_C-------,h)kolou/qei_V3IAI-S-,before
kai/_C-------,h(me/ras_N----APF,before
kai/_C-------,h)=n_V3IAI-S-,before
kai/_C-------,h)=san_V3IAI-P-,before
kai/_C-------,h(toi/masan_V3AAI-P-,immediately_after
kai/_C-------,qewrei=te_V2PAI-P-,after
kai/_C-------,qhlazo/ntwn_V-PAPGPM,immediately_after
kai/_C-------,i)dou/_L-------,immediately_after
kai/_C-------,*)ioudai/ous_A----APM,immediately_before
kai/_C-------,*)iou/dan_N----ASM,immediately_before
kai/_C-------,i)xqu/as_N----APM,after
kai/_C-------,i)xqu/dia_N----APN,after
kai/_C-------,kai/_C-------,after
kai/_C-------,kai/_a-------,any
kai/_C-------,kai/_n-------,after
kai/_C-------,kai/_p-------,after
kai/_C-------,kai/_v-------,after
kai/_C-------,kate/bh_V3AAI-S-,before
kai/_C-------,kei=tai_V3PMI-S-,immediately_before
kai/_C-------,klhronomh/sei_V3FAI-S-,before
kai/_C-------,koimw=ntai_V3PMI-P-,immediately_after
kai/_C-------,kre/matai_V3PPI-S-,immediately_before
kai/_C-------,krupto/n_A----NSN,immediately_after
kai/_C-------,la/lei_V2PAM-S-,immediately_before
kai/_C-------,lamba/nei_V3PAI-S-,immediately_before
kai/_C-------,*li/nos_N----NSM,immediately_before
kai/_C-------,maqhtai/_N----NPM,after
kai/_C-------,*ma/rqan_N----ASF,immediately_before
kai/_C-------,*ma=rkos_N----NSM,immediately_after
kai/_C-------,mhde/_C-------,before
kai/_C-------,mh=nas_N----APM,immediately_before
kai/_C-------,mikro/n_A----ASN,immediately_before
kai/_C-------,mou_E----GS-,immediately_before
kai/_C-------,nai/_L-------,before
kai/_C-------,nekrw=n_A----GPM,immediately_before
kai/_C-------,nhpi/wn_A----GPM,immediately_before
kai/_C-------,nhsteu/santes_V-AAPNPM,immediately_before
kai/_C-------,nu=n_B-------,immediately_before
kai/_C-------,o(/pws_C-------,after
kai/_C-------,ou)de/_C-------,after
kai/_C-------,o)/yesqe_V2FMI-P-,immediately_after
kai/_C-------,path/r_N----NSM,any
kai/_C-------,patri/_N----DSM,immediately_before
kai/_C-------,pe/nte_A----APM,immediately_before
kai/_C-------,peri/_P-------,immediately_after
kai/_C-------,perieba/lomen_V1AAI-P-,immediately_after
kai/_C-------,perisso/teron_A----ASM,immediately_after
kai/_C-------,pla/tos_N----NSN,after
kai/_C-------,*pou/dhs_N----NSM,immediately_before
kai/_C-------,presbu/teroi_A----NPM,after
kai/_C-------,*pri/skan_N----ASF,immediately_before
kai/_C-------,probebhkui=a_V-RAPNSF,after
kai/_C-------,profh=tai_N----NPM,after
kai/_C-------,prw=toi_A----NPM,after
kai/_C-------,sh/meron_B-------,before
kai/_C-------,*sila=n_N----ASM,immediately_before
kai/_C-------,sofi/a|_N----DSF,immediately_before
kai/_C-------,su/n_P-------,after
kai/_C-------,suneklekth/_A----NSF,immediately_before
kai/_C-------,telw=nai_N----NPM,immediately_before
kai/_C-------,fro/nimoi_A----NPF,after
kai/_C-------,w(molo/ghse(n)_V3AAI-S-,immediately_before
kai/_C-------,w(s_C-------,any
kai/_a-------,a)gaqh/_A----NSF,immediately_after
kai/_a-------,a)ka/qarton_A----ASN,immediately_after
kai/_a-------,a)lhqinoi/_A----NPM,immediately_after
kai/_a-------,a(martwlo/s_A----NSM,immediately_after
kai/_a-------,a)/rrwstoi_A----NPM,immediately_after
kai/_a-------,a)sebh/s_A----NSM,immediately_before
kai/_a-------,a)sqenei=s_A----NPM,immediately_before
kai/_a-------,gluku/_A----ASN,immediately_before
kai/_a-------,dikai/a_A----NSF,immediately_before
kai/_a-------,e(/kthn_A----ASF,immediately_before
kai/_a-------,e)na/thn_A----ASF,immediately_after
kai/_a-------,e)pisth/mwn_A----NSM,immediately_after
kai/_a-------,i(kano/s_A----NSM,after
kai/_a-------,koino/n_A----ASN,immediately_before
kai/_a-------,makari/a_A----NSF,immediately_after
kai/_a-------,pikro/n_A----ASN,after
kai/_a-------,pistoi/_A----NPM,immediately_before
kai/_a-------,sofo/s_A----NSM,immediately_before
kai/_a-------,tufloi/_A----NPM,immediately_before
kai/_a-------,xwloi/_A----NPM,immediately_after
kai/_b-------,po/qen_B-------,any
kai/_c-------,a)lla/_C-------,after
kai/_c-------,e)a/n_C-------,after
kai/_c-------,e)a/nper_C-------,after
kai/_c-------,ei)_C-------,immediately_after
kai/_c-------,i(/na_C-------,after
kai/_c-------,kaqw/s_C-------,immediately_after
kai/_c-------,kai/_C-------,any
kai/_c-------,kai/_v-------,after
kai/_c-------,o(/pws_C-------,after
kai/_c-------,o(/tan_C-------,after
kai/_c-------,o(/te_C-------,immediately_after
kai/_c-------,o(/ti_C-------,any
kai/_c-------,ou)de/_C-------,after
kai/_c-------,w(s_C-------,any
kai/_c-------,w(/ste_C-------,after
kai/_n-------,*)abraa/m_N----NSM,before
kai/_n-------,a)gaqopoiou=ntes_V-PAPNPM,immediately_before
kai/_n-------,a)delfh/n_N----ASF,before
kai/_n-------,a)delfoi/_N----NPM,after
kai/_n-------,a)delfou/s_N----APM,after
kai/_n-------,a(/|dhs_N----NSM,after
kai/_n-------,a)/zuma_A----NPN,after
kai/_n-------,a)kou/santes_V-AAPNPM,before
kai/_n-------,a)kou/wn_V-PAPNSM,immediately_before
kai/_n-------,a)kroatai/_N----NPM,after
kai/_n-------,*)aku/lan_N----ASM,immediately_before
kai/_n-------,a)lhqei/a|_N----DSF,immediately_after
kai/_n-------,*)/alfa_N----NSN,immediately_before
kai/_n-------,a(martwloi/_A----NPM,after
kai/_n-------,a)nagge/llontes_V-PAPNPM,immediately_after
kai/_n-------,*)andre/ou_N----GSM,immediately_before
kai/_n-------,a)/ndres_N----VPM,before
kai/_n-------,a)ne/mois_N----DPM,immediately_before
kai/_n-------,a)nqrw/pois_N----DPM,immediately_after
kai/_n-------,a)pokalu/yeis_N----APF,immediately_after
kai/_n-------,*)apollw=n_N----ASM,immediately_after
kai/_n-------,a)po/stoloi_N----NPM,after
kai/_n-------,a)rxh/_N----NSF,immediately_before
kai/_n-------,a)rxierei=s_N----NPM,any
kai/_n-------,a)rxiere/wn_N----GPM,immediately_before
kai/_n-------,*)asu/gkriton_N----ASM,before
kai/_n-------,a)teni/sas_V-AAPNSM,before
kai/_n-------,a)tima/santes_V-AAPNPM,immediately_after
kai/_n-------,a)xlu/s_N----NSF,immediately_before
kai/_n-------,baptisqei/s_V-APPNSM,immediately_after
kai/_n-------,ble/pwn_V-PAPNSM,immediately_after
kai/_n-------,geno/menoi_V-AMPNPM,after
kai/_n-------,geno/menos_V-AMPNSM,after
kai/_n-------,gh=_N----NSF,after
kai/_n-------,grammatei=s_N----NPM,after
kai/_n-------,gunaikw=n_N----GPF,immediately_before
kai/_n-------,dei/rantes_V-AAPNPM,immediately_before
kai/_n-------,*dhma=s_N----NSM,immediately_after
kai/_n-------,dida/skalos_N----NSM,immediately_before
kai/_n-------,dida/skwn_V-PAPNSM,immediately_before
kai/_n-------,dismuria/des_N----NPF,after
kai/_n-------,diyw=ntes_V-PAPNPM,immediately_after
kai/_n-------,do/ca_N----NSF,before
kai/_n-------,du/namin_N----ASF,immediately_before
kai/_n-------,e)/qnos_N----NSN,before
kai/_n-------,ei)do/ti_V-RAPDSM,before
kai/_n-------,ei)kw/n_N----NSF,before
kai/_n-------,ei)rh/nhs_N----GSF,before
kai/_n-------,e)kklhsi/an_N----ASF,after
kai/_n-------,e)niauto/n_N----ASM,immediately_before
kai/_n-------,e)niautou/s_N----APM,immediately_after
kai/_n-------,e)comologou/menoi_V-PMPNPM,immediately_before
kai/_n-------,e)cousi/an_N----ASF,immediately_after
kai/_n-------,e)pigrafh/_N----NSF,after
kai/_n-------,e)piqe/ntes_V-AAPNPM,immediately_after
kai/_n-------,e)piqumi/ais_N----DPF,after
kai/_n-------,*)/erastos_N----NSM,before
kai/_n-------,e)/rgw|_N----DSN,immediately_before
kai/_n-------,*(erma=n_N----ASM,immediately_before
kai/_n-------,*(ermh=n_N----ASM,before
kai/_n-------,e)rxo/menoi_V-PMPNPM,immediately_before
kai/_n-------,e(stw/s_V-RAPNSM,immediately_before
kai/_n-------,eu)aggelizo/menoi_V-PMPNPM,immediately_before
kai/_n-------,eu)poii/+as_N----GSF,immediately_before
kai/_n-------,e)xou/sais_V-PAPDPF,immediately_before
kai/_n-------,*zhna=n_N----ASM,before
kai/_n-------,zhtw=n_V-PAPNSM,immediately_before
kai/_n-------,zwh/_N----NSF,immediately_after
kai/_n-------,*)hli/as_N----NSM,immediately_after
kai/_n-------,h(liki/a|_N----DSF,immediately_before
kai/_n-------,h(me/ras_N----APF,before
kai/_n-------,*)hsau=_N----ASM,after
kai/_n-------,qala/ssh|_N----DSF,after
kai/_n-------,qa/natos_N----NSM,immediately_before
kai/_n-------,qeasa/menos_V-AMPNSM,immediately_after
kai/_n-------,qeo/s_N----NSM,any
kai/_n-------,qerapeu/ontes_V-PAPNPM,immediately_after
kai/_n-------,qermaino/menos_V-PMPNSM,immediately_after
kai/_n-------,qew=|_N----DSM,before
kai/_n-------,qhlazou/sais_V-PAPDPF,after
kai/_n-------,qhsauri/zwn_V-PAPNSM,before
kai/_n-------,*)iakw/b_N----ASM,immediately_before
kai/_n-------,*)iakw/bou_N----GSM,immediately_before
kai/_n-------,i)do/ntes_V-AAPNPM,immediately_before
kai/_n-------,i(ma/tion_N----ASN,after
kai/_n-------,i(matismw=|_N----DSM,before
kai/_n-------,*)iou/dan_N----ASM,immediately_before
kai/_n-------,*)iwa/nnou_N----GSM,immediately_after
kai/_n-------,*)iwsh/f_N----ASM,before
kai/_n-------,kai/_n-------,after
kai/_n-------,kairou/s_N----APM,immediately_before
kai/_n-------,ke/rdos_N----NSN,after
kai/_n-------,*kiliki/as_N----GSF,after
kai/_n-------,klai/ontes_V-PAPNPM,immediately_before
kai/_n-------,*klaudi/a_N----NSF,immediately_before
kai/_n-------,koinwni/as_N----GSF,immediately_after
kai/_n-------,kopiw=ntes_V-PAPNPM,immediately_before
kai/_n-------,*kou/artos_N----NSM,immediately_after
kai/_n-------,kri/nwn_V-PAPNSM,immediately_after
kai/_n-------,ku/rios_N----NSM,any
kai/_n-------,kw/mas_N----APF,immediately_after
kai/_n-------,*la/zaron_N----ASM,after
kai/_n-------,*louka=s_N----NSM,before
kai/_n-------,maqhtai/_N----NPM,before
kai/_n-------,maqhth/s_N----NSM,after
kai/_n-------,*maqqi/an_N----ASM,immediately_after
kai/_n-------,mamwna=|_N----DSM,immediately_after
kai/_n-------,*mari/a_N----NSF,any
kai/_n-------,me/lh_N----NPN,immediately_after
kai/_n-------,mh=nas_N----APM,immediately_after
kai/_n-------,mhte/ra_N----ASF,after
kai/_n-------,*mwu+se/a_N----ASM,immediately_before
kai/_n-------,*mwu+sh=s_N----NSM,immediately_before
kai/_n-------,nu/ktas_N----APF,immediately_after
kai/_n-------,*nu/mfan_N----ASF,immediately_before
kai/_n-------,o)do/nta_N----ASM,immediately_after
kai/_n-------,oi)kodomh=s_N----GSF,after
kai/_n-------,oi)=kon_N----ASM,after
kai/_n-------,oi)kono/mous_N----APM,immediately_after
kai/_n-------,o)ptasi/as_N----APF,immediately_before
kai/_n-------,ou)rano/s_N----NSM,immediately_before
kai/_n-------,*ou)rbano/n_N----ASM,before
kai/_n-------,o)fqalmo/n_N----ASM,before
kai/_n-------,paqh/masi(n)_N----DPN,immediately_before
kai/_n-------,paidi/wn_N----GPN,immediately_after
kai/_n-------,pa/sxa_N----NSN,before
kai/_n-------,pa/sxontes_V-PAPNPM,immediately_after
kai/_n-------,pate/ra_N----ASM,any
kai/_n-------,pate/res_N----VPM,immediately_after
kai/_n-------,*patroba=n_N----ASM,before
kai/_n-------,peinw=ntes_V-PAPNPM,immediately_before
kai/_n-------,*pe/tron_N----ASM,immediately_before
kai/_n-------,*pe/tros_N----NSM,immediately_before
kai/_n-------,*pe/trou_N----GSM,immediately_after
kai/_n-------,pefortisme/noi_V-RPPNPM,immediately_after
kai/_n-------,pisteu/santes_V-AAPNPM,immediately_after
kai/_n-------,pisteu/sas_V-AAPNSM,immediately_before
kai/_n-------,pi/stis_N----NSF,after
kai/_n-------,pla/tos_N----NSN,after
kai/_n-------,pleura/n_N----ASF,after
kai/_n-------,ploi=on_N----ASN,immediately_before
kai/_n-------,ploutw=n_V-PAPNSM,after
kai/_n-------,pneu=ma_N----ASN,any
kai/_n-------,po/das_N----APM,after
kai/_n-------,poihtai/_N----NPM,before
kai/_n-------,poiou/menos_V-PMPNSM,after
kai/_n-------,poiou=nti_V-PAPDSM,after
kai/_n-------,po/leis_N----APF,immediately_before
kai/_n-------,presbute/rwn_A----GPM,immediately_after
kai/_n-------,proseuca/menoi_V-AMPNPM,immediately_before
kai/_n-------,profh/tas_N----APM,after
kai/_n-------,ptohqe/ntes_V-APPNPM,before
kai/_n-------,*(rou=fon_N----ASM,before
kai/_n-------,*saddoukai/wn_N----GPM,immediately_after
kai/_n-------,sko/tos_N----NSN,immediately_after
kai/_n-------,*sidw=ni_N----DSF,immediately_after
kai/_n-------,*sidw=nos_N----GSF,immediately_after
kai/_n-------,*sila=n_N----ASM,immediately_after
kai/_n-------,*si/mwn_N----NSM,before
kai/_n-------,*sta/xun_N----ASM,immediately_after
kai/_n-------,ste/fanon_N----ASM,immediately_before
kai/_n-------,strafei/s_V-APPNSM,before
kai/_n-------,sunqru/ptontes_V-PAPNPM,immediately_after
kai/_n-------,*suri/as_N----GSF,immediately_before
kai/_n-------,sw=ma_N----NSN,before
kai/_n-------,te/los_N----NSN,after
kai/_n-------,telw=nai_N----NPM,immediately_before
kai/_n-------,*tru/fainan_N----ASF,immediately_before
kai/_n-------,trufh=|_N----DSF,immediately_after
kai/_n-------,*trufw=san_N----ASF,immediately_after
kai/_n-------,*tu/rou_N----GSF,immediately_before
kai/_n-------,*tu/rw|_N----DSF,immediately_before
kai/_n-------,ui(o/n_N----ASM,after
kai/_n-------,ui(ou/s_N----APM,after
kai/_n-------,u(pa/gontes_V-PAPNPM,after
kai/_n-------,u(phre/tai_N----NPM,after
kai/_n-------,u(phre/tas_N----APM,before
kai/_n-------,u(pomonh/_N----NSF,immediately_before
kai/_n-------,*farisai=oi_N----NPM,after
kai/_n-------,*farisai/wn_N----GPM,immediately_before
kai/_n-------,*fle/gonta_N----ASM,before
kai/_n-------,xara/_N----NSF,after
kai/_n-------,xa/riti_N----DSF,immediately_after
kai/_n-------,xei=ras_N----APF,immediately_before
kai/_n-------,*xristo/s_N----NSM,immediately_before
kai/_n-------,*)=w_N----NSN,after
kai/_l-------,i)dou/_L-------,immediately_after
kai/_p-------,ei)s_P-------,any
kai/_p-------,e)k_P-------,any
kai/_p-------,e)n_P-------,any
kai/_p-------,kata/_P-------,any
kai/_e-------,au)tou=_E----GSM,immediately_before
kai/_e-------,e)moi/_E----DS-,immediately_before
kai/_e-------,e)mou=_E----GS-,immediately_after
kai/_e-------,h(ma=s_E----AP-,immediately_after
kai/_e-------,h(mi=n_E----DP-,immediately_before
kai/_e-------,seauto/n_E----ASM,immediately_before
kai/_e-------,soi/_E----DS-,immediately_after
kai/_v-------,a)gapa=|_V3PAI-S-,before
kai/_v-------,a)gapa=te_V2PAM-P-,before
kai/_v-------,a)gaph/seis_V2FAI-S-,before
kai/_v-------,a(gni/sate_V2AAM-P-,immediately_after
kai/_v-------,a)gora/swmen_V1AAS-P-,before
kai/_v-------,a)dhmonei=n_V-PAN---,immediately_after
kai/_v-------,a)qeth/sw_V1FAI-S-,after
kai/_v-------,ai)tei=te_V2PAM-P-,immediately_before
kai/_v-------,a)kolou/qei_V2PAM-S-,immediately_after
kai/_v-------,a)kou/ete_V2PAI-P-,after
kai/_v-------,a)kou/omen_V1PAI-P-,after
kai/_v-------,a)kou/sate_V2AAM-P-,before
kai/_v-------,a)naggelei=_V3FAI-S-,immediately_after
kai/_v-------,a)naplhrw/sete_V2FAI-P-,after
kai/_v-------,a)ne/bh_V3AAI-S-,any
kai/_v-------,a)ne/bhsan_V3AAI-P-,immediately_after
kai/_v-------,a)ne/bleye(n)_V3AAI-S-,after
kai/_v-------,a)neka/qise(n)_V3AAI-S-,after
kai/_v-------,a)nelh/mfqh_V3API-S-,after
kai/_v-------,a)ne/pesan_V3AAI-P-,immediately_after
kai/_v-------,a)nespa/sqh_V3API-S-,immediately_after
kai/_v-------,a)ne/sth_V3AAI-S-,any
kai/_v-------,a)nexw/rhse(n)_V3AAI-S-,any
kai/_v-------,a)nh=lqe(n)_V3AAI-S-,before
kai/_v-------,a)noigh/setai_V3FPI-S-,after
kai/_v-------,a)ntapodoqh/setai_V3FPI-S-,immediately_after
kai/_v-------,a)ntlh/sate_V2AAM-P-,before
kai/_v-------,a)pagge/llontas_V-PAPAPM,after
kai/_v-------,a)pai/tei_V2PAM-S-,after
kai/_v-------,a)pe/qane(n)_V3AAI-S-,immediately_before
kai/_v-------,a)pe/qanon_V3AAI-P-,after
kai/_v-------,a)pe/qento_V3AMI-P-,after
kai/_v-------,a)pekalu/fqh_V3API-S-,after
kai/_v-------,a)pe/koyan_V3AAI-P-,before
kai/_v-------,a)pekri/qh_V3API-S-,any
kai/_v-------,a)pekri/qhsan_V3API-P-,immediately_before
kai/_v-------,a)pekri/nato_V3AMI-S-,after
kai/_v-------,a)pe/kteinan_V3AAI-P-,after
kai/_v-------,a)peleu/sontai_V3FMI-P-,immediately_after
kai/_v-------,a)pe/luse(n)_V3AAI-S-,after
kai/_v-------,a)pe/pnican_V3AAI-P-,after
kai/_v-------,a)pe/steile(n)_V3AAI-S-,any
kai/_v-------,a)pe/sth_V3AAI-S-,after
kai/_v-------,a)ph/ggeilan_V3AAI-P-,after
kai/_v-------,a)ph/ggeile(n)_V3AAI-S-,after
kai/_v-------,a)ph/gcato_V3AMI-S-,after
kai/_v-------,a)ph/lase(n)_V3AAI-S-,immediately_after
kai/_v-------,a)ph=lqa_V1AAI-S-,immediately_after
kai/_v-------,a)ph=lqan_V3AAI-P-,after
kai/_v-------,a)ph=lqe(n)_V3AAI-S-,after
kai/_v-------,a)ph=lqon_V3AAI-P-,any
kai/_v-------,a)ph/negke(n)_V3AAI-S-,immediately_after
kai/_v-------,a)podokimasqh=nai_V-APN---,immediately_after
kai/_v-------,a)poqli/bousi(n)_V3PAI-P-,immediately_after
kai/_v-------,a)poqnh/|skomen_V1PAI-P-,after
kai/_v-------,a)pole/sei_V3FAI-S-,before
kai/_v-------,a)pole/sei_V3FAI-S-,immediately_after
kai/_v-------,a)po/lhtai_V3AMS-S-,after
kai/_v-------,a)po/lousai_V2AMM-S-,immediately_after
kai/_v-------,a)polu=sai_V-AAN---,immediately_after
kai/_v-------,a)polw=_V1FAI-S-,before
kai/_v-------,a)poste/llei_V3PAI-S-,after
kai/_v-------,a)postrafh=|s_V2APS-S-,after
kai/_v-------,a)pw/llunto_V3IPI-P-,after
kai/_v-------,a)pw/lonto_V3AMI-P-,immediately_after
kai/_v-------,a)rkei=_V3PAI-S-,immediately_after
kai/_v-------,a)rkei=sqe_V2PPM-P-,immediately_after
kai/_v-------,a)=ron_V2AAM-S-,before
kai/_v-------,a)sqenei=_V3PAI-S-,immediately_before
kai/_v-------,a)sqenw=_V1PAI-S-,after
kai/_v-------,a)spa/shsqe_V2AMS-P-,after
kai/_v-------,a)/fete_V2AAM-P-,immediately_after
kai/_v-------,a)fh/kamen_V1AAI-P-,before
kai/_v-------,a)fh=kan_V3AAI-P-,immediately_after
kai/_v-------,ba/lletai_V3PPI-S-,after
kai/_v-------,ba/ptisai_V2AMM-S-,immediately_before
kai/_v-------,basta/zete_V2PAM-P-,before
kai/_v-------,ble/pete_V2PAI-P-,immediately_before
kai/_v-------,ble/pomen_V1PAI-P-,immediately_after
kai/_v-------,ge/gone(n)_V3RAI-S-,before
kai/_v-------,gennhqh=nai_V-APN---,immediately_after
kai/_v-------,gi/nou_V2PMM-S-,before
kai/_v-------,gra/yai_V-AAN---,immediately_before
kai/_v-------,da/knete_V2PAI-P-,immediately_before
kai/_v-------,dapanh/sw_V1FAI-S-,immediately_before
kai/_v-------,de/dwke(n)_V3RAI-S-,after
kai/_v-------,dei=_V3PAI-S-,after
kai/_v-------,dei/knumi_V1PAI-S-,after
kai/_v-------,dei/cei_V3FAI-S-,after
kai/_v-------,dei=con_V2AAM-S-,before
kai/_v-------,de/xetai_V3PMI-S-,any
kai/_v-------,diarpa/sei_V3FAI-S-,after
kai/_v-------,di/daske_V2PAM-S-,any
kai/_v-------,dida/skein_V-PAN---,immediately_after
kai/_v-------,dida/skeis_V2PAI-S-,after
kai/_v-------,dido/asi(n)_V3PAI-P-,after
kai/_v-------,di/dou_V2PAM-S-,immediately_before
kai/_v-------,diego/gguzon_V3IAI-P-,after
kai/_v-------,diela/loun_V3IAI-P-,immediately_after
kai/_v-------,dielogi/zeto_V3IMI-S-,immediately_after
kai/_v-------,dielogi/zonto_V3IMI-P-,immediately_after
kai/_v-------,diepe/rase(n)_V3AAI-S-,after
kai/_v-------,dieporeu/eto_V3IMI-S-,immediately_after
kai/_v-------,diepri/onto_V3IPI-P-,before
kai/_v-------,diestei/lato_V3AMI-S-,immediately_after
kai/_v-------,die/tace(n)_V3AAI-S-,immediately_after
kai/_v-------,dietara/xqh_V3API-S-,immediately_before
kai/_v-------,dieth/rei_V3IAI-S-,after
kai/_v-------,diefhmi/sqh_V3API-S-,immediately_after
kai/_v-------,dihgh/santo_V3AMI-P-,after
kai/_v-------,dihko/noun_V3IAI-P-,immediately_after
kai/_v-------,dihpo/roun_V3IAI-P-,immediately_after
kai/_v-------,dih/rxeto_V3IMI-S-,after
kai/_v-------,doqh=nai_V-APN---,immediately_after
kai/_v-------,doqh/setai_V3FPI-S-,immediately_after
kai/_v-------,dokimaze/sqwsan_V3PPM-P-,after
kai/_v-------,doca/sw_V1FAI-S-,after
kai/_v-------,do/s_V2AAM-S-,immediately_before
kai/_v-------,dou=nai_V-AAN---,before
kai/_v-------,du/namai_V1PMI-S-,after
kai/_v-------,du/nasqe_V2PMI-P-,after
kai/_v-------,du/natai_V3PMI-S-,after
kai/_v-------,dw/sei_V3FAI-S-,immediately_after
kai/_v-------,dw/somen_V1FAI-P-,immediately_after
kai/_v-------,dw/sw_V1FAI-S-,immediately_after
kai/_v-------,e)/balon_V3AAI-P-,before
kai/_v-------,e)bla/sthse(n)_V3AAI-S-,before
kai/_v-------,e)blh/qhsan_V3API-P-,after
kai/_v-------,e)bo/hse(n)_V3AAI-S-,after
kai/_v-------,e)bou/lonto_V3IMI-P-,immediately_after
kai/_v-------,e)/bruxon_V3IAI-P-,immediately_after
kai/_v-------,e)/geire_V2PAM-S-,before
kai/_v-------,e)ge/misan_V3AAI-P-,immediately_after
kai/_v-------,e)ge/neto_V3AMI-S-,any
kai/_v-------,e)genh/qhsan_V3API-P-,immediately_after
kai/_v-------,e)gennh/qhs_V2API-S-,before
kai/_v-------,e)ge/nnhse(n)_V3AAI-S-,immediately_after
kai/_v-------,e)ge/rqhte_V2APM-P-,immediately_before
kai/_v-------,e)/ghma_V1AAI-S-,immediately_before
kai/_v-------,e)gnw/kamen_V1RAI-P-,immediately_before
kai/_v-------,e)go/ggusan_V3AAI-P-,immediately_before
kai/_v-------,e)/graye(n)_V3AAI-S-,after
kai/_v-------,e)/deice(n)_V3AAI-S-,after
kai/_v-------,e)di/daske(n)_V3IAI-S-,after
kai/_v-------,e)di/daskon_V3IAI-P-,immediately_after
kai/_v-------,e)di/doun_V3IAI-P-,immediately_after
kai/_v-------,e)dikaiw/qh_V3API-S-,immediately_after
kai/_v-------,e)do/casa_V1AAI-S-,immediately_after
kai/_v-------,e)/dwkas_V2AAI-S-,any
kai/_v-------,e)/dwke(n)_V3AAI-S-,any
kai/_v-------,e)/zhse(n)_V3AAI-S-,immediately_after
kai/_v-------,e)zh/tei_V3IAI-S-,after
kai/_v-------,e)zh/toun_V3IAI-P-,before
kai/_v-------,e)qau/masan_V3AAI-P-,any
kai/_v-------,e)/qayan_V3AAI-P-,after
kai/_v-------,e)qera/peuse(n)_V3AAI-S-,immediately_after
kai/_v-------,ei)/asan_V3AAI-P-,immediately_after
kai/_v-------,ei)=dan_V3AAI-P-,before
kai/_v-------,ei)=de(n)_V3AAI-S-,any
kai/_v-------,ei)/domen_V1AAI-P-,before
kai/_v-------,ei)=don_V3AAI-P-,after
kai/_v-------,ei)/lhfe(n)_V3RAI-S-,immediately_after
kai/_v-------,ei)mi/_V1PAI-S-,after
kai/_v-------,ei)=pan_V3AAI-P-,any
kai/_v-------,ei)/pate_V2AAM-P-,immediately_after
kai/_v-------,ei)=pe(n)_V3AAI-S-,any
kai/_v-------,ei)=pon_V1AAI-S-,any
kai/_v-------,ei)=pon_V3AAI-P-,after
kai/_v-------,ei)/pw_V1AAS-S-,after
kai/_v-------,ei)/rhka_V1RAI-S-,immediately_after
kai/_v-------,ei)rhneu/ete_V2PAM-P-,immediately_after
kai/_v-------,ei)selqei=n_V-AAN---,immediately_before
kai/_v-------,ei)sh=lqe(n)_V3AAI-S-,any
kai/_v-------,ei)sh=lqon_V3AAI-P-,before
kai/_v-------,ei)si/(n)_V3PAI-P-,any
kai/_v-------,ei)sporeu/ontai_V3PMI-P-,immediately_after
kai/_v-------,ei(sth/kei_V3LAI-S-,immediately_after
kai/_v-------,ei)=xon_V3IAI-P-,immediately_after
kai/_v-------,e)kaqezo/mhn_V1IMI-S-,before
kai/_v-------,e)ka/qeudon_V3IAI-P-,immediately_after
kai/_v-------,e)ka/qhto_V3IMI-S-,after
kai/_v-------,e)kba/llei_V3PAI-S-,after
kai/_v-------,e)kdapanhqh/somai_V1FPI-S-,immediately_after
kai/_v-------,e)kefali/wsan_V3AAI-P-,immediately_before
kai/_v-------,e)kindu/neuon_V3IAI-P-,immediately_after
kai/_v-------,e)kko/ptetai_V3PPI-S-,immediately_before
kai/_v-------,e)/klaion_V3IAI-P-,before
kai/_v-------,e)/klause(n)_V3AAI-S-,after
kai/_v-------,e)ko/pase(n)_V3AAI-S-,any
kai/_v-------,e)ko/ptonto_V3IMI-P-,immediately_after
kai/_v-------,e)ko/smhsan_V3AAI-P-,immediately_after
kai/_v-------,e)kra/thsan_V3AAI-P-,after
kai/_v-------,e)krath/sate_V2AAI-P-,after
kai/_v-------,e)krau/gase(n)_V3AAI-S-,after
kai/_v-------,e)kru/bh_V3API-S-,after
kai/_v-------,e)/labe(n)_V3AAI-S-,any
kai/_v-------,e)/labon_V3AAI-P-,after
kai/_v-------,e)la/lhse(n)_V3AAI-S-,any
kai/_v-------,e)la/mbanon_V3IAI-P-,immediately_after
kai/_v-------,e)/lege(n)_V3IAI-S-,after
kai/_v-------,e)/legon_V3IAI-P-,after
kai/_v-------,e)/legxe_V2PAM-S-,immediately_after
kai/_v-------,e)le/gxw_V1PAI-S-,immediately_before
kai/_v-------,e)leu/sontai_V3FMI-P-,before
kai/_v-------,e)lqe/_V2AAM-S-,immediately_after
kai/_v-------,e(/lkousi(n)_V3PAI-P-,after
kai/_v-------,e)logi/sqh_V3API-S-,immediately_after
kai/_v-------,e)lpiou=si(n)_V3FAI-P-,after
kai/_v-------,e)luph/qhsan_V3API-P-,immediately_after
kai/_v-------,e)masti/gwse(n)_V3AAI-S-,immediately_after
kai/_v-------,e)/mene(n)_V3IAI-S-,immediately_before
kai/_v-------,e)ndu/sasqai_V-AMN---,any
kai/_v-------,e)ne/bhsan_V3AAI-P-,immediately_after
kai/_v-------,e)ne/xesqe_V2PPM-P-,after
kai/_v-------,e)ni/yato_V3AMI-S-,immediately_after
kai/_v-------,e)nu/stacan_V3AAI-P-,before
kai/_v-------,e)cape/steilan_V3AAI-P-,immediately_after
kai/_v-------,e)ce/balon_V3AAI-P-,immediately_after
kai/_v-------,e)ceqambh/qhsan_V3API-P-,after
kai/_v-------,e)ceqau/mazon_V3IAI-P-,immediately_after
kai/_v-------,e)/celqe_V2AAM-S-,immediately_after
kai/_v-------,e)cemukth/rizon_V3IAI-P-,immediately_after
kai/_v-------,e)ceplh/ssonto_V3IPI-P-,after
kai/_v-------,e)ceporeu/eto_V3IMI-S-,immediately_after
kai/_v-------,e)ce/rxesqe_V2PMM-P-,after
kai/_v-------,e)ce/sthsan_V3AAI-P-,immediately_after
kai/_v-------,e)ch/gage(n)_V3AAI-S-,before
kai/_v-------,e)ch=lqe(n)_V3AAI-S-,any
kai/_v-------,e)ch=lqon_V3AAI-P-,any
kai/_v-------,e)ci/stanto_V3IMI-P-,immediately_after
kai/_v-------,e)cwmolo/ghse(n)_V3AAI-S-,immediately_after
kai/_v-------,e)pe/balan_V3AAI-P-,before
kai/_v-------,e)pe/balon_V3AAI-P-,before
kai/_v-------,e)pe/gnwmen_V1AAI-P-,after
kai/_v-------,e)pe/dwkan_V3AAI-P-,before
kai/_v-------,e)pei/nase(n)_V3AAI-S-,after
kai/_v-------,e)pei/rasan_V3AAI-P-,immediately_before
kai/_v-------,e)pe/keinto_V3IMI-P-,before
kai/_v-------,e)pela/qonto_V3AMI-P-,after
kai/_v-------,e)pemei/namen_V1AAI-P-,after
kai/_v-------,e)peri/sseuon_V3IAI-P-,immediately_after
kai/_v-------,e)/pesa_V1AAI-S-,immediately_after
kai/_v-------,e)/pesan_V3AAI-P-,any
kai/_v-------,e)/pese(n)_V3AAI-S-,after
kai/_v-------,e)pe/pese(n)_V3AAI-S-,after
kai/_v-------,e)/pesan_V3AAI-P-,immediately_after
kai/_v-------,e)pe/streye(n)_V3AAI-S-,immediately_after
kai/_v-------,e)pe/tace(n)_V3AAI-S-,immediately_after
kai/_v-------,e)peti/qesan_V3IAI-P-,before
kai/_v-------,e)peti/ma_V3IAI-S-,after
kai/_v-------,e)peti/mhse(n)_V3AAI-S-,any
kai/_v-------,e)pe/treye(n)_V3AAI-S-,immediately_after
kai/_v-------,e)pe/fwske(n)_V3IAI-S-,after
kai/_v-------,e)phggei/lanto_V3AMI-P-,immediately_after
kai/_v-------,e)phrw/ta_V3IAI-S-,after
kai/_v-------,e)phrw/thsan_V3AAI-P-,immediately_after
kai/_v-------,e)phrw/thse(n)_V3AAI-S-,after
kai/_v-------,e)phrw/twn_V3IAI-P-,after
kai/_v-------,e)/pion_V3AAI-P-,immediately_after
kai/_v-------,e)pi/asan_V3AAI-P-,after
kai/_v-------,e)pi/steusan_V3AAI-P-,after
kai/_v-------,e)pisteu/sate_V2AAI-P-,after
kai/_v-------,e)pi/steuse(n)_V3AAI-S-,before
kai/_v-------,e)pita/ssei_V3PAI-S-,immediately_before
kai/_v-------,e)plhqu/neto_V3IPI-S-,immediately_after
kai/_v-------,e)plh/sqh_V3API-S-,before
kai/_v-------,e)plh/sqhsan_V3API-P-,before
kai/_v-------,e)/pnican_V3AAI-P-,immediately_after
kai/_v-------,e)poi/hsa_V1AAI-S-,immediately_before
kai/_v-------,e)poi/hsan_V3AAI-P-,any
kai/_v-------,e)poi/hse(n)_V3AAI-S-,after
kai/_v-------,e)poreu/eto_V3IMI-S-,after
kai/_v-------,e)poreu/qh_V3API-S-,after
kai/_v-------,e)poreu/qhsan_V3API-P-,immediately_after
kai/_v-------,e)poreu/onto_V3IMI-P-,immediately_after
kai/_v-------,e)po/rneusan_V3AAI-P-,immediately_before
kai/_v-------,e)rau/nhson_V2AAM-S-,immediately_before
kai/_v-------,e)rou=si(n)_V3FAI-P-,immediately_after
kai/_v-------,e)/rxesqe_V2PMM-P-,immediately_before
kai/_v-------,e)/rxetai_V3PMI-S-,after
kai/_v-------,e)/rxomai_V1PMI-S-,immediately_after
kai/_v-------,e)/rxontai_V3PMI-P-,immediately_after
kai/_v-------,e)/rxou_V2PMM-S-,immediately_before
kai/_v-------,e)sei/sqh_V3API-S-,after
kai/_v-------,e)sei/sqhsan_V3API-P-,before
kai/_v-------,e)sqi/ei_V3PAI-S-,after
kai/_v-------,e)sqi/ein_V-PAN---,immediately_before
kai/_v-------,e)si/ghsan_V3AAI-P-,after
kai/_v-------,e)siw/pa_V3IAI-S-,immediately_before
kai/_v-------,e)skandali/zonto_V3IPI-P-,immediately_after
kai/_v-------,e)sme/n_V1PAI-P-,any
kai/_v-------,e)/somai_V1FMI-S-,immediately_after
kai/_v-------,e)splagxni/sqh_V3API-S-,after
kai/_v-------,e)sta/qhsan_V3API-P-,immediately_after
kai/_v-------,e)/stai_V3FMI-S-,after
kai/_v-------,e)stau/rwsan_V3AAI-P-,immediately_after
kai/_v-------,e)stereou=nto_V3IPI-P-,before
kai/_v-------,e)/sthsan_V3AAI-P-,immediately_after
kai/_v-------,e)sti/(n)_V3PAI-S-,any
kai/_v-------,e)sxi/sqh_V3API-S-,after
kai/_v-------,e)sw/qh_V3API-S-,immediately_after
kai/_v-------,e)tara/xqh_V3API-S-,immediately_after
kai/_v-------,e(toima/sate_V2AAM-P-,after
kai/_v-------,e)to/lma_V3IAI-S-,after
kai/_v-------,eu)logei=te_V2PAM-P-,before
kai/_v-------,eu)odou=sqai_V-PPN---,immediately_before
kai/_v-------,eu(re/qh_V3API-S-,after
kai/_v-------,eu(=re(n)_V3AAI-S-,after
kai/_v-------,eu(rh/sete_V2FAI-P-,any
kai/_v-------,eu(ri/skei_V3PAI-S-,before
kai/_v-------,eu)kai/roun_V3IAI-P-,after
kai/_v-------,eu)lo/ghse(n)_V3AAI-S-,after
kai/_v-------,eu(ri/skei_V3PAI-S-,after
kai/_v-------,eu(=ron_V3AAI-P-,any
kai/_v-------,e)/fage(n)_V3AAI-S-,any
kai/_v-------,e)/fagon_V3AAI-P-,immediately_after
kai/_v-------,e)fanerw/qh_V3API-S-,after
kai/_v-------,e)fa/nhsan_V3API-P-,immediately_after
kai/_v-------,e)fe/sthke(n)_V3RAI-S-,after
kai/_v-------,e)/fh_V3IAI-S-,any
kai/_v-------,e)fobh/qhsan_V3API-P-,immediately_after
kai/_v-------,e)fobou=nto_V3IMI-P-,immediately_after
kai/_v-------,e)/fugon_V3AAI-P-,after
kai/_v-------,e)fw/nhse(n)_V3AAI-S-,any
kai/_v-------,e)xa/rhsan_V3API-P-,immediately_after
kai/_v-------,e)/xei_V3PAI-S-,immediately_before
kai/_v-------,e)/xeis_V2PAI-S-,immediately_before
kai/_v-------,e)/xete_V2PAM-P-,before
kai/_v-------,e)xorta/sqhsan_V3API-P-,immediately_after
kai/_v-------,e)/xousi(n)_V3PAI-P-,immediately_before
kai/_v-------,e)/xw_V1PAI-S-,any
kai/_v-------,e(w/rakas_V2RAI-S-,after
kai/_v-------,e(wra/kate_V2RAI-P-,before
kai/_v-------,zh/leue_V2PAM-S-,before
kai/_v-------,zhmiwqh=nai_V-APN---,immediately_after
kai/_v-------,zh/sh|_V2FMI-S-,immediately_after
kai/_v-------,zhtei=te_V2PAM-P-,before
kai/_v-------,h)/gage(n)_V3AAI-S-,after
kai/_v-------,h)/gagon_V3AAI-P-,any
kai/_v-------,h)gana/kthsan_V3AAI-P-,after
kai/_v-------,h)/ggisan_V3AAI-P-,immediately_after
kai/_v-------,h)/geiran_V3AAI-P-,after
kai/_v-------,h)/geire(n)_V3AAI-S-,before
kai/_v-------,h)ge/rqhsan_V3API-P-,before
kai/_v-------,h)gno/oun_V3IAI-P-,before
kai/_v-------,h)dunh/qhsan_V3API-P-,after
kai/_v-------,h)/qele(n)_V3IAI-S-,after
kai/_v-------,h)kolou/qei_V3IAI-S-,any
kai/_v-------,h)kolouqh/kamen_V1RAI-P-,immediately_after
kai/_v-------,h)kolou/qhsan_V3AAI-P-,any
kai/_v-------,h)kolou/qhse(n)_V3AAI-S-,after
kai/_v-------,h)/koue(n)_V3IAI-S-,after
kai/_v-------,h)/kouon_V3IAI-P-,any
kai/_v-------,h)/kousan_V3AAI-P-,immediately_after
kai/_v-------,h)kou/sate_V2AAI-P-,after
kai/_v-------,h)=lqe(n)_V3AAI-S-,any
kai/_v-------,h)/lqomen_V1AAI-P-,immediately_after
kai/_v-------,h)=lqon_V1AAI-S-,before
kai/_v-------,h)=lqon_V3AAI-P-,any
kai/_v-------,h)mu/nato_V3AMI-S-,after
kai/_v-------,h)=n_V3IAI-S-,any
kai/_v-------,h)/negkan_V3AAI-P-,immediately_after
kai/_v-------,h)new/|xqhsan_V3API-P-,immediately_after
kai/_v-------,h)/noice(n)_V3AAI-S-,before
kai/_v-------,h)pi/stoun_V3IAI-P-,immediately_after
kai/_v-------,h)=ran_V3AAI-P-,any
kai/_v-------,h)=re(n)_V3AAI-S-,any
kai/_v-------,h)/rqh_V3API-S-,immediately_after
kai/_v-------,h)rnh/sato_V3AMI-S-,any
kai/_v-------,h)/rcanto_V3AMI-P-,after
kai/_v-------,h)/rcato_V3AMI-S-,any
kai/_v-------,h)/rxonto_V3IMI-P-,immediately_after
kai/_v-------,h)rw/ta_V3IAI-S-,immediately_after
kai/_v-------,h)rw/thsan_V3AAI-P-,immediately_after
kai/_v-------,h)=san_V3IAI-P-,any
kai/_v-------,h)spa/zonto_V3IMI-P-,after
kai/_v-------,h)ti/masan_V3AAI-P-,immediately_after
kai/_v-------,h(toi/masan_V3AAI-P-,immediately_after
kai/_v-------,hu)li/sqh_V3API-S-,immediately_after
kai/_v-------,hu)/cane(n)_V3IAI-S-,immediately_before
kai/_v-------,qauma/zete_V2PAI-P-,after
kai/_v-------,qe/lei_V3PAI-S-,after
kai/_v-------,qe/lw_V1PAI-S-,after
kai/_v-------,qewrou=si(n)_V3PAI-P-,after
kai/_v-------,qu=son_V2AAM-S-,immediately_before
kai/_v-------,i)a/qh_V3API-S-,immediately_after
kai/_v-------,i)a/sato_V3AMI-S-,after
kai/_v-------,i)/de_V2AAM-S-,immediately_after
kai/_v-------,i)/dwmen_V1AAS-P-,immediately_before
kai/_v-------,i)/sxue(n)_V3IAI-S-,immediately_after
kai/_v-------,i)/sxuon_V3IAI-P-,after
kai/_v-------,i)/sxusan_V3AAI-P-,after
kai/_v-------,kaqari/sate_V2AAM-P-,before
kai/_v-------,kalei=_V3PAI-S-,immediately_before
kai/_v-------,kalei=te_V2PAI-P-,before
kai/_v-------,katadunasteu/ousi(n)_V3PAI-P-,before
kai/_v-------,kataisxu/nete_V2PAI-P-,immediately_after
kai/_v-------,katara=sqe_V2PMM-P-,after
kai/_v-------,katafronei=te_V2PAI-P-,immediately_before
kai/_v-------,katege/lwn_V3IAI-P-,immediately_after
kai/_v-------,kate/bh_V3AAI-S-,after
kai/_v-------,kate/keito_V3IMI-S-,before
kai/_v-------,kate/klinan_V3AAI-P-,immediately_after
kai/_v-------,kate/pausan_V3AAI-P-,after
kai/_v-------,kate/pleusan_V3AAI-P-,immediately_after
kai/_v-------,katesqi/ete_V2PAI-P-,immediately_after
kai/_v-------,kateulo/gei_V3IAI-S-,after
kai/_v-------,katefi/lhse(n)_V3AAI-S-,immediately_after
kai/_v-------,kath/gagon_V3AAI-P-,before
kai/_v-------,kathgo/roun_V3IAI-P-,immediately_after
kai/_v-------,kath=lqe(n)_V3AAI-S-,immediately_after
kai/_v-------,kati/sxuon_V3IAI-P-,immediately_after
kai/_v-------,kei=tai_V3PMI-S-,after
kai/_v-------,kerdh=sai_V-AAN---,before
kai/_v-------,khru/ssomen_V1PAI-P-,immediately_before
kai/_v-------,klau/sete_V2FAI-P-,immediately_after
kai/_v-------,klhqw=men_V1APS-P-,immediately_before
kai/_v-------,kollh/qhti_V2APM-S-,immediately_after
kai/_v-------,krou/ete_V2PAM-P-,immediately_before
kai/_v-------,lalei=s_V2PAI-S-,immediately_before
kai/_v-------,lalei=te_V2PAM-P-,immediately_before
kai/_v-------,lamba/nousi(n)_V3PAI-P-,after
kai/_v-------,le/gei_V3PAI-S-,any
kai/_v-------,le/gein_V-PAN---,immediately_after
kai/_v-------,le/geis_V2PAI-S-,after
kai/_v-------,le/getai_V3PPI-S-,after
kai/_v-------,le/gete_V2PAI-P-,after
kai/_v-------,le/gousi(n)_V3PAI-P-,after
kai/_v-------,le/gw_V1PAS-S-,after
kai/_v-------,lh/myetai_V3FMI-S-,immediately_before
kai/_v-------,lupei=sqai_V-PPN---,immediately_before
kai/_v-------,lu/sate_V2AAM-P-,before
kai/_v-------,mai/netai_V3PMI-S-,immediately_after
kai/_v-------,me/llei_V3PAI-S-,after
kai/_v-------,me/lleis_V2PAI-S-,after
kai/_v-------,me/nete_V2PAM-P-,immediately_before
kai/_v-------,merimna=te_V2PAI-P-,after
kai/_v-------,metano/hson_V2AAM-S-,immediately_after
kai/_v-------,metoikiw=_V1FAI-S-,immediately_after
kai/_v-------,metrhqh/setai_V3FPI-S-,before
kai/_v-------,mish/seis_V2FAI-S-,immediately_after
kai/_v-------,nhsteu/sousi(n)_V3FAI-P-,after
kai/_v-------,oi)=da_V1RAI-S-,after
kai/_v-------,oi)/date_V2RAI-P-,after
kai/_v-------,oi)kodomei=te_V2PAM-P-,immediately_after
kai/_v-------,o(moiw/sw_V1FAI-S-,any
kai/_v-------,o)/yesqe_V2FMI-P-,immediately_after
kai/_v-------,paqei=n_V-AAN---,immediately_before
kai/_v-------,paideu/w_V1PAI-S-,immediately_after
kai/_v-------,para/ggelle_V2PAM-S-,before
kai/_v-------,paraka/lei_V2PAM-S-,any
kai/_v-------,parakalei=te_V2PAM-P-,before
kai/_v-------,parakalou=si(n)_V3PAI-P-,immediately_after
kai/_v-------,parakalw=_V1PAI-S-,any
kai/_v-------,pareka/lesa_V1AAI-S-,before
kai/_v-------,pareka/loun_V3IAI-P-,immediately_after
kai/_v-------,pareklh/qhsan_V3API-P-,immediately_after
kai/_v-------,pare/labon_V3AAI-P-,after
kai/_v-------,pei=n_V-AAN---,immediately_after
kai/_v-------,penqh/sete_V2FAI-P-,immediately_before
kai/_v-------,pepisteu/kamen_V1RAI-P-,immediately_after
kai/_v-------,peribalou=_V2AMM-S-,before
kai/_v-------,perieble/peto_V3IMI-S-,immediately_after
kai/_v-------,periepa/tei_V3IAI-S-,immediately_after
kai/_v-------,perih=ge(n)_V3IAI-S-,immediately_after
kai/_v-------,peripa/tei_V2PAM-S-,immediately_after
kai/_v-------,peripatei=te_V2PAM-P-,immediately_before
kai/_v-------,pesei=tai_V3FMI-S-,after
kai/_v-------,pikrai/nesqe_V2PPM-P-,after
kai/_v-------,pi/nein_V-PAN---,immediately_after
kai/_v-------,pisteu/ete_V2PAI-P-,after
kai/_v-------,pisteu/ousi(n)_V3PAI-P-,immediately_before
kai/_v-------,pi/steuson_V2AAM-S-,immediately_before
kai/_v-------,pisteu/swmen_V1AAS-P-,immediately_after
kai/_v-------,pi/wmen_V1AAS-P-,immediately_after
kai/_v-------,poi/ei_V2PAM-S-,any
kai/_v-------,poiei=_V3PAI-S-,after
kai/_v-------,poiei=te_V2PAI-P-,any
kai/_v-------,poiei=te_V2PAM-P-,after
kai/_v-------,poih/sete_V2FAI-P-,immediately_after
kai/_v-------,poimai/nei_V3PAI-S-,before
kai/_v-------,poreu/esqai_V-PMN---,immediately_before
kai/_v-------,poreu/ou_V2PMM-S-,immediately_before
kai/_v-------,praqh=nai_V-APN---,before
kai/_v-------,pra/ssein_V-PAN---,after
kai/_v-------,probebhkui=a_V-RAPNSF,after
kai/_v-------,proe/dwke(n)_V3AAI-S-,before
kai/_v-------,proe/kopte(n)_V3IAI-S-,after
kai/_v-------,prose/qeto_V3AMI-S-,immediately_after
kai/_v-------,proseku/nhsan_V3AAI-P-,immediately_after
kai/_v-------,proseku/nhse(n)_V3AAI-S-,immediately_after
kai/_v-------,pro/selqe_V2AAM-S-,immediately_before
kai/_v-------,prosepoih/sato_V3AMI-S-,after
kai/_v-------,prosete/qh_V3API-S-,immediately_after
kai/_v-------,prosh=lqe(n)_V3AAI-S-,any
kai/_v-------,prosh=lqon_V3AAI-P-,immediately_after
kai/_v-------,prosh/negka_V1AAI-S-,immediately_after
kai/_v-------,proshu/cato_V3AMI-S-,after
kai/_v-------,prosteqh/setai_V3FPI-S-,after
kai/_v-------,proshu/cato_V3AMI-S-,after
kai/_v-------,proswrmi/sqhsan_V3API-P-,immediately_after
kai/_v-------,purou=mai_V1PPI-S-,after
kai/_v-------,skandali/zetai_V3PPI-S-,immediately_before
kai/_v-------,spe/ndomai_V1PPI-S-,immediately_before
kai/_v-------,sth/kete_V2PAM-P-,before
kai/_v-------,sthri/cei_V3FAI-S-,before
kai/_v-------,sunape/steila_V1AAI-S-,immediately_after
kai/_v-------,sune/qento_V3AMI-P-,immediately_after
kai/_v-------,sune/qlibon_V3IAI-P-,immediately_after
kai/_v-------,sune/kleisan_V3AAI-P-,after
kai/_v-------,suneko/misan_V3AAI-P-,before
kai/_v-------,suneplhrou=nto_V3IPI-P-,immediately_after
kai/_v-------,sune/steilan_V3AAI-P-,before
kai/_v-------,su/nete_V2AAM-P-,immediately_after
kai/_v-------,sune/xomai_V1PPI-S-,after
kai/_v-------,sune/xousi(n)_V3PAI-P-,before
kai/_v-------,sunhga/gomen_V1AAI-P-,immediately_after
kai/_v-------,sunh=kan_V3AAI-P-,after
kai/_v-------,swqh/setai_V3FPI-S-,immediately_after
kai/_v-------,tapeinwqh/setai_V3FPI-S-,immediately_before
kai/_v-------,tele/shte_V2AAS-P-,after
kai/_v-------,teta/raktai_V3RPI-S-,immediately_before
kai/_v-------,teth/rhkan_V3RAI-P-,after
kai/_v-------,u(giai/nein_V-PAN---,immediately_after
kai/_v-------,u(/page_V2PAM-S-,before
kai/_v-------,u(pa/gei_V3PAI-S-,after
kai/_v-------,u(pa/gw_V1PAI-S-,immediately_before
kai/_v-------,u(pakou/ousi(n)_V3PAI-P-,immediately_after
kai/_v-------,u(pa/rxein_V-PAN---,immediately_before
kai/_v-------,u(pede/cato_V3AMI-S-,immediately_after
kai/_v-------,u(pe/streye(n)_V3AAI-S-,immediately_after
kai/_v-------,u(pexw/rhse(n)_V3AAI-S-,after
kai/_v-------,u(ph=rxe(n)_V3IAI-S-,after
kai/_v-------,u(ywqh/setai_V3FPI-S-,after
kai/_v-------,u(ywqh/sh|_V2FPI-S-,after
kai/_v-------,fa/ge_V2AAM-S-,immediately_after
kai/_v-------,fagei=n_V-AAN---,immediately_before
kai/_v-------,fa/gwmen_V1AAS-P-,immediately_before
kai/_v-------,fe/rete_V2PAM-P-,immediately_after
kai/_v-------,fe/rousi(n)_V3PAI-P-,any
kai/_v-------,fimw/qhti_V2APM-S-,immediately_before
kai/_v-------,fobei=sqe_V2PMM-P-,after
kai/_v-------,fri/ssousi(n)_V3PAI-P-,immediately_after
kai/_v-------,fula/cei_V3FAI-S-,immediately_after
kai/_v-------,futeu/ei_V3PAI-S-,before
kai/_v-------,fwnei=te_V2PAI-P-,before
kai/_v-------,fw/nhson_V2AAM-S-,before
kai/_v-------,fwnou=si(n)_V3PAI-P-,immediately_after
kai/_v-------,w(molo/ghse(n)_V3AAI-S-,immediately_after
kai/_v-------,w)nei/dizon_V3IAI-P-,after
kai/_v-------,w)rgi/sqh_V3API-S-,before
kai/_v-------,w)/fqh_V3API-S-,immediately_after
mhde/_C-------,a)gapa=te_V2PAM-P-,before
mhde/_C-------,a)gapw=men_V1PAS-P-,before
mhde/_C-------,a)pe/lqhte_V2AAS-P-,immediately_before
mhde/_C-------,glw/ssh|_N----DSF,after
mhde/_C-------,deilia/tw_V3PAM-S-,immediately_after
mhde/_C-------,diasei/shte_V2AAS-P-,immediately_before
mhde/_C-------,diw/chte_V2AAS-P-,immediately_after
mhde/_C-------,e)n_P-------,after
mhde/_C-------,e)piti/qei_V2PAM-S-,immediately_before
mhde/_C-------,kaqa/per_C-------,after
mhde/_C-------,kaqw/s_C-------,after
mhde/_C-------,koinw/nei_V2PAM-S-,immediately_after
mhde/_C-------,sukofanth/shte_V2AAS-P-,immediately_after
mhde/_C-------,tarasse/sqw_V3PPM-S-,before
mh/pote_C-------,dei=_V3PAI-S-,before
mh/pote_C-------,pararuw=men_V1AAS-P-,immediately_after
o(/pws_C-------,a)pole/swsi(n)_V3AAS-P-,after
o(/pws_C-------,e)/labon_V3AAI-P-,before
o(/pws_C-------,eu)/xesqe_V2PMM-P-,before
o(/pws_C-------,i)aqh=te_V2APS-P-,immediately_after
o(/pws_C-------,pagideu/swsi(n)_V3AAS-P-,after
o(/tan_C-------,a)nastw=si(n)_V3AAS-P-,immediately_after
o(/tan_C-------,a)fe/lwmai_V1AMS-S-,immediately_after
o(/tan_C-------,ge/nhtai_V3AMS-S-,immediately_after
o(/tan_C-------,diaqh/kh_N----NSF,immediately_before
o(/tan_C-------,e)ge/neto_V3AMI-S-,after
o(/tan_C-------,ei)mi/_V1PAI-S-,after
o(/tan_C-------,e)/lqh|_V3AAS-S-,after
o(/tan_C-------,e)/lqh|s_V2AAS-S-,immediately_after
o(/tan_C-------,e)ceporeu/onto_V3IMI-P-,after
o(/tan_C-------,e)sqi/wsi(n)_V3PAS-P-,after
o(/tan_C-------,e)/stai_V3FMI-S-,after
o(/tan_C-------,mnh/sqhti_V2APM-S-,before
o(/tan_C-------,ni/ptontai_V3PMI-P-,before
o(/tan_C-------,o(/ti_C-------,after
o(/tan_C-------,paradoi=_V3AAS-S-,after
o(/tan_C-------,pisteu/shte_V2AAS-P-,after
o(/tan_C-------,poih/sei_V3FAI-S-,after
o(/tan_C-------,w)=_V1PAS-S-,after
o(/te_C-------,e)ge/neto_V3AMI-S-,immediately_after
o(/te_C-------,ei)=don_V3AAI-P-,after
o(/te_C-------,e)/krace(n)_V3AAI-S-,immediately_after
o(/te_C-------,e)krau/gasan_V3AAI-P-,after
o(/te_C-------,e)la/lhsan_V3AAI-P-,after
o(/te_C-------,e)te/lese(n)_V3AAI-S-,after
o(/te_C-------,e)fa/nh_V3API-S-,after
o(/te_C-------,h)/kousa_V1AAI-S-,after
o(/te_C-------,h)/noice(n)_V3AAI-S-,immediately_after
o(/te_C-------,h)/rate_V2AAI-P-,after
o(/te_C-------,h)=te_V2IAI-P-,after
o(/te_C-------,kai/_C-------,after
o(/te_C-------,kai/_p-------,immediately_after
o(/te_C-------,kai/_v-------,after
o(/te_C-------,meth=re(n)_V3AAI-S-,after
o(/ti_C-------,a)gapw=_V1PAI-S-,after
o(/ti_C-------,a)gapw=men_V1PAI-P-,immediately_before
o(/ti_C-------,ai)/retai_V3PPI-S-,immediately_after
o(/ti_C-------,a)kou/ousi(n)_V3PAI-P-,immediately_after
o(/ti_C-------,a)lla/_C-------,after
o(/ti_C-------,a(marth/swmen_V1AAS-P-,immediately_before
o(/ti_C-------,a)pe/qane(n)_V3AAI-S-,immediately_after
o(/ti_C-------,a)pe/xete_V2PAI-P-,immediately_after
o(/ti_C-------,a)pokeku/listai_V3RPI-S-,immediately_after
o(/ti_C-------,a)pologou/meqa_V1PMI-P-,after
o(/ti_C-------,a)poste/llei_V3PAI-S-,before
o(/ti_C-------,a)fh=kes_V2AAI-S-,after
o(/ti_C-------,ble/pousi(n)_V3PAI-P-,immediately_after
o(/ti_C-------,ble/pw_V1PAI-S-,immediately_before
o(/ti_C-------,gela/sete_V2FAI-P-,immediately_after
o(/ti_C-------,ginw/skei_V3PAI-S-,before
o(/ti_C-------,gnw/sesqe_V2FMI-P-,immediately_after
o(/ti_C-------,gra/yon_V2AAM-S-,immediately_before
o(/ti_C-------,grhgorei=te_V2PAM-P-,before
o(/ti_C-------,de/dotai_V3RPI-S-,after
o(/ti_C-------,dei=_V3PAI-S-,after
o(/ti_C-------,de/omai_V1PMI-S-,after
o(/ti_C-------,doca/sei_V3FAI-S-,immediately_before
o(/ti_C-------,du/nasqe_V2PMI-P-,after
o(/ti_C-------,e)a/n_C-------,after
o(/ti_C-------,e)bapti/sqh_V3API-S-,after
o(/ti_C-------,e)bapti/sqhmen_V1API-P-,after
o(/ti_C-------,e)gei/retai_V3PPI-S-,after
o(/ti_C-------,e)/gnw_V3AAI-S-,any
o(/ti_C-------,e)gnw/kamen_V1RAI-P-,immediately_after
o(/ti_C-------,e)di/wkon_V3IAI-P-,before
o(/ti_C-------,e)zhtei=te_V2IAI-P-,immediately_after
o(/ti_C-------,e)/qou_V2AMI-S-,immediately_after
o(/ti_C-------,ei)_C-------,immediately_after
o(/ti_C-------,ei)=_V2PAI-S-,after
o(/ti_C-------,ei)/a_V3IAI-S-,before
o(/ti_C-------,ei)=de(n)_V3AAI-S-,immediately_after
o(/ti_C-------,ei)mi/_V1PAI-S-,after
o(/ti_C-------,ei)=pe(n)_V3AAI-S-,any
o(/ti_C-------,ei)=pon_V1AAI-S-,any
o(/ti_C-------,ei)sh=lqe(n)_V3AAI-S-,after
o(/ti_C-------,ei)si/(n)_V3PAI-P-,after
o(/ti_C-------,e)kpe/ptwke(n)_V3RAI-S-,immediately_after
o(/ti_C-------,e)la/bomen_V1AAI-P-,after
o(/ti_C-------,e)/lege(n)_V3IAI-S-,after
o(/ti_C-------,e)/legon_V3IAI-P-,immediately_after
o(/ti_C-------,e)/legon_V1IAI-S-,after
o(/ti_C-------,e)lehqh/sontai_V3FPI-P-,after
o(/ti_C-------,e)lh/luqas_V2RAI-S-,immediately_after
o(/ti_C-------,e)/lqh|_V3AAS-S-,after
o(/ti_C-------,e)luph/qh_V3API-S-,before
o(/ti_C-------,e)misqw/sato_V3AMI-S-,after
o(/ti_C-------,e)capostelw=_V1FAI-S-,after
o(/ti_C-------,e)ce/sth_V3AAI-S-,immediately_after
o(/ti_C-------,e)pizhtou=si(n)_V3PAI-P-,after
o(/ti_C-------,e)pisteu/qhsan_V3API-P-,immediately_after
o(/ti_C-------,e)poi/ei_V3IAI-S-,after
o(/ti_C-------,e)poi/hse(n)_V3AAI-S-,immediately_after
o(/ti_C-------,e)rre/qh_V3API-S-,immediately_after
o(/ti_C-------,e)sme/n_V1PAI-P-,after
o(/ti_C-------,e)so/meqa_V1FMI-P-,immediately_before
o(/ti_C-------,e)/stai_V3FMI-S-,after
o(/ti_C-------,e)ste/_V2PAI-P-,after
o(/ti_C-------,e)sti/(n)_V3PAI-S-,any
o(/ti_C-------,e)/fagon_V1AAI-S-,after
o(/ti_C-------,e)fi/mwse(n)_V3AAI-S-,immediately_after
o(/ti_C-------,e)xari/sato_V3AMI-S-,after
o(/ti_C-------,e)/xei_V3PAI-S-,any
o(/ti_C-------,e)/xeis_V2PAI-S-,after
o(/ti_C-------,e)/xete_V2PAI-P-,after
o(/ti_C-------,e)/xomen_V1PAI-P-,after
o(/ti_C-------,e)/xousi(n)_V3PAI-P-,after
o(/ti_C-------,e(w/rakas_V2RAI-S-,immediately_after
o(/ti_C-------,zh=|_V3PAI-S-,immediately_after
o(/ti_C-------,zumoi=_V3PAI-S-,after
o(/ti_C-------,h)ga/phse(n)_V3AAI-S-,after
o(/ti_C-------,h)/ggike(n)_V3RAI-S-,after
o(/ti_C-------,h)/|deisan_V3LAI-P-,immediately_after
o(/ti_C-------,h)dunh/qhsan_V3API-P-,after
o(/ti_C-------,h)/mhn_V1IMI-S-,after
o(/ti_C-------,h)=n_V3IAI-S-,after
o(/ti_C-------,h)=ran_V3AAI-P-,immediately_after
o(/ti_C-------,qanatou/meqa_V1PPI-P-,after
o(/ti_C-------,qarrw=_V1PAI-S-,after
o(/ti_C-------,qauma/sh|s_V2AAS-S-,immediately_before
o(/ti_C-------,kaqw/s_C-------,after
o(/ti_C-------,kai/_C-------,after
o(/ti_C-------,kai/_c-------,after
o(/ti_C-------,kai/_v-------,after
o(/ti_C-------,kalei=tai_V3PPI-S-,after
o(/ti_C-------,kalo/s_A----NSM,immediately_after
o(/ti_C-------,katabe/bhka_V1RAI-S-,after
o(/ti_C-------,kathrti/sw_V2AMI-S-,after
o(/ti_C-------,klhqh/sontai_V3FPI-P-,after
o(/ti_C-------,klhronomh/sousi(n)_V3FAI-P-,after
o(/ti_C-------,krinou=men_V1FAI-P-,after
o(/ti_C-------,krinou=si(n)_V3FAI-P-,after
o(/ti_C-------,le/gei_V3PAI-S-,after
o(/ti_C-------,le/gete_V2PAI-P-,immediately_after
o(/ti_C-------,le/gousi(n)_V3PAI-P-,immediately_after
o(/ti_C-------,le/gw_V1PAI-S-,after
o(/ti_C-------,lela/lhka_V1RAI-S-,after
o(/ti_C-------,maka/rioi_A----NPM,before
o(/ti_C-------,memi/shke(n)_V3RAI-S-,after
o(/ti_C-------,mhdamw=s_B-------,before
o(/ti_C-------,misei=s_V2PAI-S-,immediately_after
o(/ti_C-------,oi)/date_V2RAI-P-,after
o(/ti_C-------,o(rw=_V1PAI-S-,after
o(/ti_C-------,ou)ai/_J-------,before
o(/ti_C-------,ou)de/_C-------,after
o(/ti_C-------,o)/yontai_V3FMI-P-,after
o(/ti_C-------,paraklhqh/sontai_V3FPI-P-,after
o(/ti_C-------,paregeno/mhn_V1AMI-S-,after
o(/ti_C-------,paradedw/keisan_V3LAI-P-,after
o(/ti_C-------,paredo/qh_V3API-S-,after
o(/ti_C-------,pare/dwkan_V3AAI-P-,after
o(/ti_C-------,pare/sthke(n)_V3RAI-S-,immediately_after
o(/ti_C-------,peina/sete_V2FAI-P-,immediately_after
o(/ti_C-------,pepi/steukas_V2RAI-S-,after
o(/ti_C-------,peplh/rwke(n)_V3RAI-S-,after
o(/ti_C-------,pisteu/eis_V2PAI-S-,immediately_after
o(/ti_C-------,pisteu/ete_V2PAI-P-,after
o(/ti_C-------,poih/sei_V3FAI-S-,immediately_after
o(/ti_C-------,poih/seis_V2FAI-S-,after
o(/ti_C-------,poih/sousi(n)_V3FAI-P-,immediately_before
o(/ti_C-------,poreu/ou_V2PMM-S-,immediately_before
o(/ti_C-------,prosefw/nei_V3IAI-S-,after
o(/ti_C-------,sthri/cate_V2AAM-P-,before
o(/ti_C-------,sunefwnh/qh_V3API-S-,immediately_after
o(/ti_C-------,tapeinwqh/setai_V3FPI-S-,after
o(/ti_C-------,u(pa/gw_V1PAI-S-,immediately_after
o(/ti_C-------,filw=_V1PAI-S-,immediately_after
o(/ti_C-------,fwnei=_V3PAI-S-,after
o(/ti_C-------,xai/rw_V1PAI-S-,immediately_before
o(/ti_C-------,xortasqh/sesqe_V2FPI-P-,immediately_after
o(/ti_C-------,xortasqh/sontai_V3FPI-P-,after
o(/ti_C-------,yeu/domai_V1PMI-S-,after
o(/ti_C-------,w(s_P-------,after
o(/ti_C-------,w)=ta_N----NPN,before
ou)de/_C-------,a)kou/sei_V3FAI-S-,immediately_after
ou)de/_C-------,e)/gnwsan_V3AAI-P-,before
ou)de/_C-------,e)me/_E----AS-,immediately_after
ou)de/_C-------,e)/pie(n)_V3AAI-S-,immediately_after
ou)de/_C-------,e)ri/sei_V3FAI-S-,immediately_before
ou)de/_C-------,e)sti/(n)_V3PAI-S-,before
ou)de/_C-------,e)/fage(n)_V3AAI-S-,immediately_before
ou)de/_C-------,h(me/ran_N----ASF,immediately_before
ou)de/_C-------,qe/lontos_V-PAPGSM,immediately_before
ou)de/_C-------,krauga/sei_V3FAI-S-,immediately_before
ou)de/_C-------,le/gw_V1PAI-S-,after
ou)de/_C-------,mnhmoneu/ete_V2PAI-P-,immediately_after
ou)de/_C-------,noei=te_V2PAI-P-,immediately_before
ou)de/_C-------,ou)de/_C-------,after
ou)de/_C-------,suni/ete_V2PAI-P-,immediately_after
ou)de/_C-------,tre/xontos_V-PAPGSM,after
ou)de/_C-------,u(pe/r_P-------,after
ou)de/_C-------,w(/ran_N----ASF,after
ou)/te_C-------,a)krobusti/a_N----NSF,immediately_after
ou)/te_C-------,blasfhmou=ntas_V-PAPAPM,immediately_after
ou)/te_C-------,ei)s_P-------,any
ou)/te_C-------,e)sti/(n)_V3PAI-S-,immediately_before
ou)/te_C-------,i(erosu/lous_A----APM,immediately_before
ou)/te_C-------,ou)/te_C-------,after
ou)/te_C-------,poih=sai_V-AAN---,after
plh/n_C-------,do/te_V2AAM-P-,after
plh/n_C-------,e)poih/sate_V2AAI-P-,after
plh/n_C-------,e)/stai_V3FMI-S-,after
plh/n_C-------,eu(rh/sei_V3FAI-S-,after
plh/n_C-------,kai/_C-------,after
plh/n_C-------,kai/_v-------,after
plh/n_C-------,le/gw_V1PAI-S-,immediately_after
plh/n_C-------,o(/ti_C-------,after
pri/n_C-------,a)poqanei=n_V-AAN---,immediately_after
pri/n_C-------,gene/sqai_V-AMN---,after
pri/n_C-------,ei)mi/_V1PAI-S-,after
pri/n_C-------,ei)/rhka_V1RAI-S-,before
pri/n_C-------,kata/bhqi_V2AAM-S-,immediately_before
toi/nun_C-------,e)cerxw/meqa_V1PMS-P-,immediately_after
w(s_C-------,a)nh=ke(n)_V3IAI-S-,immediately_after
w(s_C-------,a)sfali/sasqe_V2AMM-P-,before
w(s_C-------,diata/comai_V1FMI-S-,after
w(s_C-------,e)/dwke(n)_V3AAI-S-,after
w(s_C-------,ei)=pe(n)_V3AAI-S-,after
w(s_C-------,e(ka/stw|_A----DSM,immediately_before
w(s_C-------,e)/lege(n)_V3IAI-S-,after
w(s_C-------,e)/lqw_V1AAS-S-,after
w(s_C-------,e)piginw/skeis_V2PAI-S-,after
w(s_C-------,e)plh/rou_V3IAI-S-,after
w(s_C-------,e)poi/hsan_V3AAI-P-,before
w(s_C-------,e)/sesqe_V2FMI-P-,before
w(s_C-------,e)sti/(n)_V3PAI-S-,after
w(s_C-------,e)/xete_V2PAI-P-,after
w(s_C-------,h)di/khsa_V1AAI-S-,immediately_before
w(s_C-------,i(/na_C-------,after
w(s_C-------,kai/_v-------,any
w(s_C-------,kauxa=sai_V2PMI-S-,immediately_before
w(s_C-------,kakouxoume/nwn_V-PPPGPM,immediately_before
w(s_C-------,labw/n_V-AAPNSM,after
w(s_C-------,me/llontes_V-PAPNPM,after
w(s_C-------,mimnh/|skesqe_V2PMM-P-,before
w(s_C-------,oi)/date_V2RAI-P-,immediately_after
w(s_C-------,o)/ntes_V-PAPNPM,after
w(s_C-------,sundedeme/noi_V-RPPNPM,immediately_after
w(s_C-------,sune/tace(n)_V3AAI-S-,immediately_after
w(s_C-------,tine/s_I----NPM,immediately_after
w(s_C-------,u(pota/ssesqe_V2PPM-P-,before
w(s_C-------,xrh/|zomen_V1PAI-P-,immediately_before
w(s_C-------,w(s_C-------,after
w(/ste_C-------,a)lla/_C-------,after
w(/ste_C-------,a)pekri/qh_V3API-S-,before
w(/ste_C-------,ge/gona_V1RAI-S-,after
w(/ste_C-------,e)qambh/qhsan_V3API-P-,before
w(/ste_C-------,e)kde/xesqe_V2PMM-P-,after
w(/ste_C-------,e)nergei=tai_V3PMI-S-,after
w(/ste_C-------,e)/cesti(n)_V3PAI-S-,immediately_after
w(/ste_C-------,eu)logou=ntai_V3PPI-P-,after
w(/ste_C-------,qauma/zein_V-PAN---,immediately_after
w(/ste_C-------,kai/_C-------,after
w(/ste_C-------,parakalei=te_V2PAM-P-,immediately_after
w(/ste_C-------,suzhtei=n_V-PAN---,immediately_after
a)ga/ph|_N----DSF,pneu/mati_N----DSN,immediately_after
a)ga/ph|_N----DSF,u(pomonh=|_N----DSF,after
a)gge/lous_N----APM,biwtika/_A----APN,after
a)nagnw/sei_N----DSF,paraklh/sei_N----DSF,after
ga/la_N----ASN,brw=ma_N----ASN,after
dialogismoi/_N----NPM,fo/noi_N----NPM,after
dikaiw/mata_N----APN,a(/gion_A----ASN,after
klopai/_N----NPF,yeudomarturi/ai_N----NPF,immediately_after
me/lh_N----NPN,sw=ma_N----NSN,after
moixei=ai_N----NPF,pornei=ai_N----NPF,immediately_after
paraklh/sei_N----DSF,didaskali/a|_N----DSF,after
pi/stei_N----DSF,a)ga/ph|_N----DSF,after
pornei=ai_N----NPF,klopai/_N----NPF,immediately_after
fo/noi_N----NPM,moixei=ai_N----NPF,immediately_after
yeudomarturi/ai_N----NPF,blasfhmi/ai_N----NPF,after
a)=ron_V2AAM-S-,a)=ron_V2AAM-S-,immediately_after
a)=ron_V2AAM-S-,stau/rwson_V2AAM-S-,immediately_after
ai)th/sei_V3FAI-S-,e)pidw/sei_V3FAI-S-,after
a)peleu/sontai_V3FMI-P-,ei)s_P-------,after
au)ca/nein_V-PAN---,e)lattou=sqai_V-PMN---,after
a)/fes_V2AAM-S-,i)/dwmen_V1AAS-P-,immediately_after
deu=te_V2-AM---,a)napau/sw_V1FAI-S-,after
ei)mi/_V1PAI-S-,klh/mata_N----NPN,after
ei)si/(n)_V3PAI-P-,e)klektoi/_A----NPM,after
e)ste/_V2PAI-P-,klhrono/moi_N----NPM,after
h)=n_V3IAI-S-,di/kaia_A----NPN,after
e)nergei=tai_V3PMI-S-,e)n_P-------,after
kerdh/sas_V-AAPNSM,h)/_n-------,after
lamba/nousi(n)_V3PAI-P-,marturou/menos_V-PPPNSM,after
le/gh|_V3PAS-S-,e)/xh|_V3PAS-S-,after
prokalou/menoi_V-PMPNPM,fqonou=ntes_V-PAPNPM,after
stau/rou_V2PAM-S-,stau/rou_V2PAM-S-,immediately_after
stau/rwson_V2AAM-S-,stau/rwson_V2AAM-S-,immediately_after
thrh/sh|_V3AAS-S-,ptai/sh|_V3AAS-S-,immediately_after
u(/page_V2PAM-S-,e)rga/zou_V2PMM-S-,after
xarh=te_V2APS-P-,w)=_V1PAS-S-,after
