lemma,gender,distant_determiner
a)poka/luyis,feminine,n
*)ihsou=s,masculine,y
*xristo/s,masculine,n
qeo/s,masculine,y
dou=los,masculine,y
ta/xos,neuter,n
a)/ggelos,masculine,n
*)iwa/nnhs,masculine,n
lo/gos,masculine,y
marturi/a,feminine,n
profhtei/a,feminine,n
kairo/s,masculine,n
e)kklhsi/a,feminine,y
*)asi/a,feminine,n
xa/ris,feminine,n
ei)rh/nh,feminine,n
pneu=ma,neuter,y
qro/nos,masculine,n
ma/rtus,masculine,n
a)/rxwn,masculine,y
basileu/s,masculine,n
gh=,feminine,n
a(marti/a,feminine,y
ai(=ma,neuter,n
basilei/a,feminine,n
i(ereu/s,masculine,n
path/r,masculine,y
do/ca,feminine,n
kra/tos,neuter,n
ai)w/n,masculine,n
nefe/lh,feminine,n
o)fqalmo/s,masculine,n
fulh/,feminine,n
*)/alfa,neuter,n
*)=w,neuter,n
ku/rios,masculine,y
pantokra/twr,masculine,n
a)delfo/s,masculine,y
sugkoinwno/s,masculine,n
qli=yis,feminine,n
u(pomonh/,feminine,n
nh=sos,feminine,n
*pa/tmos,feminine,n
h(me/ra,feminine,y
fwnh/,feminine,y
sa/lpigc,feminine,n
bibli/on,neuter,n
*)/efesos,feminine,n
*smu/rna,feminine,n
*pe/rgamos,feminine,n
*qua/teira,neuter,n
*sa/rdeis,feminine,n
*filade/lfeia,feminine,n
*laodi/keia,feminine,n
luxni/a,feminine,n
ui(o/s,masculine,y
a)/nqrwpos,masculine,y
masto/s,masculine,n
zw/nh,feminine,n
kefalh/,feminine,y
qri/c,feminine,n
e)/rion,neuter,n
xiw/n,feminine,n
flo/c,feminine,n
pu=r,neuter,n
pou/s,masculine,n
xalkoli/banon,neuter,n
ka/minos,feminine,n
u(/dwr,neuter,n
xei/r,feminine,y
a)sth/r,masculine,n
sto/ma,neuter,n
r(omfai/a,feminine,n
o)/yis,feminine,n
h(/lios,masculine,n
du/namis,feminine,n
klei/s,feminine,n
qa/natos,masculine,n
a(/|dhs,masculine,n
musth/rion,neuter,n
e)/rgon,neuter,y
ko/pos,masculine,n
a)po/stolos,masculine,n
o)/noma,neuter,y
a)ga/ph,feminine,y
to/pos,masculine,n
*nikolai/+ths,masculine,n
ou)=s,neuter,n
cu/lon,neuter,n
zwh/,feminine,y
para/deisos,masculine,n
ptwxei/a,feminine,n
blasfhmi/a,feminine,n
sunagwgh/,feminine,n
*satana=s,masculine,n
fulakh/,feminine,n
ste/fanos,masculine,n
pi/stis,feminine,n
*)antipa=s,masculine,n
didaxh/,feminine,n
*balaa/m,masculine,n
*bala/k,masculine,n
ska/ndalon,neuter,n
*)israh/l,masculine,n
ma/nna,neuter,n
yh=fos,feminine,n
diakoni/a,feminine,n
gunh/,feminine,n
*)ieza/bel,feminine,n
profh=tis,feminine,n
xro/nos,masculine,n
pornei/a,feminine,n
kli/nh,feminine,n
te/knon,neuter,n
nefro/s,masculine,n
kardi/a,feminine,n
ba/ros,neuter,n
te/los,neuter,n
e)cousi/a,feminine,y
e)/qnos,neuter,n
r(a/bdos,feminine,n
skeu=os,neuter,n
kle/pths,masculine,n
w(/ra,feminine,y
i(ma/tion,neuter,n
bi/blos,feminine,n
*daui/d,masculine,n
qu/ra,feminine,n
peirasmo/s,masculine,n
oi)koume/nh,feminine,n
stu=los,masculine,n
nao/s,masculine,n
po/lis,feminine,y
*)ierousalh/m,feminine,n
ou)rano/s,masculine,n
a)rxh/,feminine,n
kti/sis,feminine,n
xrei/a,feminine,n
xrusi/on,neuter,n
ai)sxu/nh,feminine,n
gumno/ths,feminine,n
kollou/rion,neuter,n
o(/rasis,feminine,n
li/qos,masculine,n
i)/aspis,feminine,n
sa/rdion,neuter,n
i)=ris,feminine,n
a)straph/,feminine,n
bronth/,feminine,y
lampa/s,feminine,n
qa/lassa,feminine,n
kru/stallos,masculine,n
zw=|on,neuter,y
le/wn,masculine,n
mo/sxos,masculine,n
pro/swpon,neuter,n
a)eto/s,masculine,n
pte/ruc,feminine,n
a)na/pausis,feminine,n
nu/c,feminine,n
timh/,feminine,n
eu)xaristi/a,feminine,n
qe/lhma,neuter,n
sfragi/s,feminine,n
*)iou/das,masculine,n
r(i/za,feminine,n
a)rni/on,neuter,n
ke/ras,neuter,n
kiqa/ra,feminine,n
fia/lh,feminine,n
qumi/ama,neuter,n
proseuxh/,feminine,n
w)|dh/,feminine,n
glw=ssa,feminine,n
lao/s,masculine,n
a)riqmo/s,masculine,n
muria/s,feminine,n
xilia/s,feminine,n
plou=tos,masculine,n
sofi/a,feminine,n
i)sxu/s,feminine,n
eu)logi/a,feminine,n
kti/sma,neuter,n
i(/ppos,masculine,n
to/con,neuter,n
ma/xaira,feminine,n
zugo/s,masculine,n
xoi=nic,feminine,n
si=tos,masculine,n
dhna/rion,neuter,n
kriqh/,feminine,n
e)/laion,neuter,n
oi)=nos,masculine,n
limo/s,masculine,n
qhri/on,neuter,y
qusiasth/rion,neuter,n
yuxh/,feminine,y
despo/ths,masculine,n
stolh/,feminine,n
su/ndoulos,masculine,n
seismo/s,masculine,n
sa/kkos,masculine,n
selh/nh,feminine,n
sukh=,feminine,n
o)/lunqos,masculine,n
a)/nemos,masculine,n
o)/ros,neuter,n
megista/n,masculine,n
xili/arxos,masculine,n
sph/laion,neuter,n
pe/tra,feminine,n
o)rgh/,feminine,n
gwni/a,feminine,n
de/ndron,neuter,n
a)natolh/,feminine,n
me/twpon,neuter,n
*(roubh/n,masculine,n
*ga/d,masculine,n
*)ash/r,masculine,n
*nefqali/m,masculine,n
*manassh=s,masculine,n
*sumew/n,masculine,n
*leui/,masculine,n
*)issaxa/r,masculine,n
*zaboulw/n,masculine,n
*)iwsh/f,masculine,n
*beniami/n,masculine,n
o)/xlos,masculine,y
foi=nic,masculine,n
swthri/a,feminine,n
kau=ma,neuter,n
phgh/,feminine,n
da/kruon,neuter,n
sigh/,feminine,n
h(miw/rion,neuter,n
libanwto/s,masculine,n
kapno/s,masculine,n
xa/laza,feminine,n
xo/rtos,masculine,y
ploi=on,neuter,n
potamo/s,masculine,n
*)/ayinqos,masculine,n
a)/yinqos,feminine,n
mesoura/nhma,neuter,n
fre/ar,neuter,n
a)/bussos,feminine,n
a)h/r,masculine,n
a)kri/s,feminine,n
skorpi/os,masculine,n
mh/n,masculine,n
basanismo/s,masculine,n
o(moi/wma,neuter,n
po/lemos,masculine,n
xruso/s,masculine,n
o)dou/s,masculine,n
qw/rac,masculine,n
a(/rma,neuter,n
ou)ra/,feminine,n
ke/ntron,neuter,n
*)abaddw/n,masculine,n
*)apollu/wn,masculine,n
ou)ai/,feminine,n
*eu)fra/ths,masculine,n
e)niauto/s,masculine,n
stra/teuma,neuter,n
dismuria/s,feminine,n
qei=on,neuter,n
plhgh/,feminine,n
o)/fis,masculine,n
daimo/nion,neuter,n
ei)/dwlon,neuter,n
fo/nos,masculine,n
fa/rmakon,neuter,n
kle/mma,neuter,n
biblari/dion,neuter,n
profh/ths,masculine,n
koili/a,feminine,n
me/li,neuter,n
ka/lamos,masculine,n
au)lh/,feminine,n
e)lai/a,feminine,n
u(eto/s,masculine,n
ptw=ma,neuter,n
*so/doma,neuter,n
*ai)/guptos,feminine,n
mnh=ma,neuter,n
dw=ron,neuter,n
fo/bos,masculine,n
ko/smos,masculine,n
misqo/s,masculine,n
kibwto/s,feminine,n
diaqh/kh,feminine,y
shmei=on,neuter,n
gasth/r,feminine,n
dra/kwn,masculine,n
dia/dhma,neuter,n
*mixah/l,masculine,n
kath/gwr,masculine,n
qumo/s,masculine,n
spe/rma,neuter,n
e)ntolh/,feminine,y
a)/mmos,feminine,n
pa/rdalis,feminine,n
a)/rkos,feminine,n
skhnh/,feminine,n
katabolh/,feminine,n
ai)xmalwsi/a,feminine,n
ei)kw/n,feminine,n
xa/ragma,neuter,n
nou=s,masculine,n
*siw/n,feminine,n
kiqarw|do/s,masculine,n
parqe/nos,masculine,n
a)parxh/,feminine,n
yeu=dos,neuter,n
eu)agge/lion,neuter,n
kri/sis,feminine,y
*babulw/n,feminine,n
poth/rion,neuter,n
dre/panon,neuter,n
qerismo/s,masculine,n
bo/trus,masculine,n
a)/mpelos,feminine,n
stafulh/,feminine,n
lhno/s,feminine,n
xalino/s,masculine,n
sta/dios,masculine,n
*mwu+sh=s,masculine,n
o(do/s,feminine,n
dikai/wma,neuter,n
martu/rion,neuter,n
li/non,neuter,n
sth=qos,neuter,n
e(/lkos,neuter,n
po/nos,masculine,n
yeudoprofh/ths,masculine,n
ba/traxos,masculine,n
a)sxhmosu/nh,feminine,n
*(armagedw/n,neuter,n
me/ros,neuter,n
kri/ma,neuter,n
po/rnh,feminine,n
margari/ths,masculine,n
bde/lugma,neuter,n
mh/thr,feminine,n
qau=ma,neuter,n
a)pw/leia,feminine,n
gnw/mh,feminine,n
sa/rc,feminine,n
katoikhth/rion,neuter,n
o)/rneon,neuter,n
e)/mporos,masculine,n
strh=nos,neuter,n
a)di/khma,neuter,n
pe/nqos,neuter,n
basi/lissa,feminine,n
xh/ra,feminine,y
pu/rwsis,feminine,n
go/mos,masculine,n
a)/rguros,masculine,n
porfu/ra,feminine,n
xalko/s,masculine,n
si/dhros,masculine,n
ma/rmaros,masculine,n
kinna/mwmon,neuter,n
a)/mwmon,neuter,n
mu/ron,neuter,n
li/banos,masculine,n
semi/dalis,feminine,n
kth=nos,neuter,n
pro/baton,neuter,n
r(e/dh,feminine,n
sw=ma,neuter,n
o)pw/ra,feminine,n
e)piqumi/a,feminine,n
kubernh/ths,masculine,n
nau/ths,masculine,n
xou=s,masculine,n
timio/ths,feminine,n
o(/rmhma,neuter,n
au)lhth/s,masculine,n
salpisth/s,masculine,n
texni/ths,masculine,n
te/xnh,feminine,n
mu/los,masculine,n
fw=s,neuter,n
lu/xnos,masculine,n
numfi/os,masculine,n
nu/mfh,feminine,n
farmakei/a,feminine,n
ga/mos,masculine,n
dei=pnon,neuter,n
dikaiosu/nh,feminine,n
mhro/s,masculine,n
li/mnh,feminine,n
a(/lusis,feminine,n
e)/tos,neuter,y
a)na/stasis,feminine,n
*gw/g,masculine,n
*magw/g,masculine,n
pla/tos,neuter,n
parembolh/,feminine,n
a)nh/r,masculine,n
kraugh/,feminine,n
foneu/s,masculine,n
po/rnos,masculine,n
fa/rmakos,masculine,n
ei)dwlola/trhs,masculine,n
fwsth/r,masculine,n
tei=xos,neuter,n
pulw/n,masculine,n
borra=s,masculine,n
no/tos,masculine,n
dusmh/,feminine,n
qeme/lios,masculine,n
me/tron,neuter,n
mh=kos,neuter,n
u(/yos,neuter,n
ph=xus,masculine,n
e)ndw/mhsis,feminine,n
u(/alos,masculine,n
sa/pfiros,feminine,n
xalkhdw/n,masculine,n
sma/ragdos,masculine,n
sardo/nuc,masculine,n
xruso/liqos,masculine,n
bh/rullos,masculine,n
topa/zion,neuter,n
xruso/prasos,masculine,n
u(a/kinqos,masculine,n
a)me/qustos,feminine,n
karpo/s,masculine,n
fu/llon,neuter,n
qerapei/a,feminine,n
kata/qema,neuter,n
ku/wn,masculine,n
ge/nos,neuter,n
dih/ghsis,feminine,n
pra=gma,neuter,n
au)to/pths,masculine,n
u(phre/ths,masculine,n
*qeo/filos,masculine,n
a)sfa/leia,feminine,n
*(hrw/|dhs,masculine,n
*)ioudai/a,feminine,n
*zaxari/as,masculine,n
e)fhmeri/a,feminine,n
*)abia/,masculine,n
quga/thr,feminine,n
*)aarw/n,masculine,n
*)elisa/bet,feminine,n
ta/cis,feminine,n
e)/qos,neuter,n
i(eratei/a,feminine,n
plh=qos,neuter,n
de/hsis,feminine,n
xara/,feminine,n
a)galli/asis,feminine,n
ge/nesis,feminine,n
si/kera,neuter,n
*)hli/as,masculine,n
fro/nhsis,feminine,n
presbu/ths,masculine,n
*gabrih/l,masculine,n
o)ptasi/a,feminine,n
leitourgi/a,feminine,n
oi)=kos,masculine,y
o)/neidos,neuter,n
*galilai/a,feminine,n
*nazare/q,feminine,n
parqe/nos,feminine,n
*maria/m,feminine,n
a)spasmo/s,masculine,n
*)iakw/b,masculine,n
suggeni/s,feminine,n
gh=ras,neuter,n
r(h=ma,neuter,n
dou/lh,feminine,n
spoudh/,feminine,n
*mari/a,feminine,n
bre/fos,neuter,n
telei/wsis,feminine,n
swth/r,masculine,n
tapei/nwsis,feminine,n
genea/,feminine,n
e)/leos,neuter,n
braxi/wn,masculine,n
dia/noia,feminine,n
duna/sths,masculine,n
pai=s,masculine,n
*)abraa/m,masculine,y
paidi/on,neuter,n
sugge/neia,feminine,n
pinaki/dion,neuter,n
lu/trwsis,feminine,n
o(/rkos,masculine,n
o(sio/ths,feminine,n
gnw=sis,feminine,n
a)/fesis,feminine,n
spla/gxnon,neuter,n
sko/tos,neuter,n
skia/,feminine,n
a)na/deicis,feminine,n
do/gma,neuter,n
*kai=sar,masculine,n
*au)gou=stos,masculine,n
a)pografh/,feminine,n
*suri/a,feminine,n
*kurh/nios,masculine,n
*bhqle/em,feminine,n
patria/,feminine,n
fa/tnh,feminine,n
kata/luma,neuter,n
poimh/n,masculine,n
xw/ra,feminine,n
poi/mnh,feminine,n
stratia/,feminine,n
eu)doki/a,feminine,n
kaqarismo/s,masculine,n
no/mos,masculine,y
*(ieroso/luma,neuter,n
mh/tra,feminine,n
qusi/a,feminine,n
zeu=gos,neuter,n
trugw/n,feminine,n
nosso/s,masculine,n
peristera/,feminine,n
para/klhsis,feminine,n
goneu/s,masculine,n
a)gka/lh,feminine,n
ptw=sis,feminine,n
dialogismo/s,masculine,n
*(/anna,feminine,n
*fanouh/l,masculine,n
parqeni/a,feminine,n
nhstei/a,feminine,n
e(orth/,feminine,n
pa/sxa,neuter,n
sunodi/a,feminine,n
dida/skalos,masculine,n
su/nesis,feminine,n
a)po/krisis,feminine,n
h(liki/a,feminine,n
h(gemoni/a,feminine,n
*tibe/rios,masculine,n
*po/ntios,masculine,n
*pila=tos,masculine,y
*fi/lippos,masculine,n
*lusani/as,masculine,n
*)abilhnh/,feminine,n
a)rxiereu/s,masculine,n
*(/annas,masculine,n
*kai+a/fas,masculine,n
*)iorda/nhs,masculine,n
ba/ptisma,neuter,y
meta/noia,feminine,n
*)hsai/+as,masculine,n
tri/bos,feminine,n
fa/ragc,feminine,n
bouno/s,masculine,n
ge/nnhma,neuter,n
e)/xidna,feminine,n
a)ci/nh,feminine,n
xitw/n,masculine,n
brw=ma,neuter,n
telw/nhs,masculine,n
o)yw/nion,neuter,n
i(ma/s,masculine,n
u(po/dhma,neuter,n
ptu/on,neuter,n
a(/lwn,feminine,n
a)poqh/kh,feminine,n
a)/xuron,neuter,n
tetraa/rxhs,masculine,n
*(hrw|dia/s,feminine,n
ei)=dos,neuter,n
*)hli/,masculine,n
*maqqa/t,masculine,n
*melxi/,masculine,n
*)iannai/,masculine,n
*mattaqi/as,masculine,n
*)amw/s,masculine,n
*naou/m,masculine,n
*(esli/,masculine,n
*naggai/,masculine,n
*ma/aq,masculine,n
*semei/+n,masculine,n
*)iwsh/x,masculine,n
*)iwda/,masculine,n
*)iwana/n,masculine,n
*(rhsa/,masculine,n
*zorobabe/l,masculine,n
*salaqih/l,masculine,n
*nhri/,masculine,n
*)addi/,masculine,n
*kwsa/m,masculine,n
*)elmada/m,masculine,n
*)/hr,masculine,n
*)elie/zer,masculine,n
*)iwri/m,masculine,n
*)iwna/m,masculine,n
*)eliaki/m,masculine,n
*melea/,masculine,n
*menna/,masculine,n
*mattaqa/,masculine,n
*naqa/m,masculine,n
*)iessai/,masculine,n
*)iwbh/l,masculine,n
*bo/os,masculine,n
*sala/,masculine,n
*naassw/n,masculine,n
*)aminada/b,masculine,n
*)admi/n,masculine,n
*)arni/,masculine,n
*(esrw/m,masculine,n
*fare/s,masculine,n
*)isaa/k,masculine,n
*qa/ra,masculine,n
*naxw/r,masculine,n
*serou/x,masculine,n
*(ragau/,masculine,n
*fa/lek,masculine,n
*)/eber,masculine,n
*kai+na/m,masculine,n
*)arfaca/d,masculine,n
*sh/m,masculine,n
*nw=e,masculine,n
*la/mex,masculine,n
*maqousala/,masculine,n
*(enw/x,masculine,n
*)ia/ret,masculine,n
*maleleh/l,masculine,n
*)enw/s,masculine,n
*sh/q,masculine,n
*)ada/m,masculine,n
a)/rtos,masculine,y
stigmh/,feminine,n
pteru/gion,neuter,n
fh/mh,feminine,n
*nazara/,feminine,n
sa/bbaton,neuter,n
ai)xma/lwtos,masculine,n
a)na/bleyis,feminine,n
grafh/,feminine,n
parabolh/,feminine,n
i)atro/s,masculine,n
*kafarnaou/m,feminine,n
patri/s,feminine,n
a)lh/qeia,feminine,n
*sa/repta,neuter,n
*)elisai=os,masculine,n
*naima/n,masculine,n
*su/ros,masculine,n
o)fru=s,feminine,n
qa/mbos,neuter,n
h)=xos,masculine,n
oi)ki/a,feminine,y
*si/mwn,masculine,n
penqera/,feminine,n
pureto/s,masculine,n
no/sos,feminine,n
*gennhsare/t,feminine,n
a(lieu/s,masculine,n
di/ktuon,neuter,n
ba/qos,neuter,n
a)/gra,feminine,n
e)pista/ths,masculine,n
i)xqu/s,masculine,n
*pe/tros,masculine,y
go/nu,neuter,n
*)ia/kwbos,masculine,n
*zebedai=os,masculine,n
koinwno/s,masculine,n
le/pra,feminine,n
a)sqe/neia,feminine,n
*farisai=os,masculine,y
nomodida/skalos,masculine,n
kw/mh,feminine,n
dw=ma,neuter,n
ke/ramos,masculine,n
klini/dion,neuter,n
grammateu/s,masculine,n
e)/kstasis,feminine,n
telw/nion,neuter,n
doxh/,feminine,n
*leui/s,masculine,n
maqhth/s,masculine,y
numfw/n,masculine,n
e)pi/blhma,neuter,n
a)sko/s,masculine,n
sta/xus,masculine,n
pro/qesis,feminine,n
a)/noia,feminine,n
*)andre/as,masculine,n
*barqolomai=os,masculine,n
*maqqai=os,masculine,n
*qwma=s,masculine,n
*(alfai=os,masculine,n
*zhlwth/s,masculine,n
*)iskariw/q,masculine,n
prodo/ths,masculine,n
*tu/ros,feminine,n
*sidw/n,feminine,n
siagw/n,feminine,n
ko/lpos,masculine,n
bo/qunos,masculine,n
ka/rfos,neuter,n
doko/s,feminine,n
u(pokrith/s,masculine,n
a)/kanqa,feminine,n
su=kon,neuter,n
ba/tos,feminine,n
qhsauro/s,masculine,n
peri/sseuma,neuter,n
plh/mmura,feminine,n
r(h=gma,neuter,n
a)koh/,feminine,y
e(katonta/rxhs,masculine,n
ste/gh,feminine,n
stratiw/ths,masculine,y
*nai/+n,feminine,n
pu/lh,feminine,n
soro/s,feminine,n
neani/skos,masculine,n
baptisth/s,masculine,n
ma/stic,feminine,n
i(matismo/s,masculine,n
trufh/,feminine,n
boulh/,feminine,n
a)gora/,feminine,n
fa/gos,masculine,n
oi)nopo/ths,masculine,n
a)la/bastron,neuter,n
xreofeile/ths,masculine,n
danisth/s,masculine,n
fi/lhma,neuter,n
*magdalhnh/,feminine,n
*)iwa/nna,feminine,n
*xouza=s,masculine,n
e)pi/tropos,masculine,n
*sousa/nna,feminine,n
spo/ros,masculine,n
i)kma/s,feminine,n
me/rimna,feminine,n
h(donh/,feminine,n
bi/os,masculine,n
lai=lay,feminine,n
klu/dwn,masculine,n
galh/nh,feminine,n
pe/dh,feminine,n
desmo/n,neuter,n
legiw/n,feminine,n
a)ge/lh,feminine,n
xoi=ros,masculine,n
krhmno/s,masculine,n
a)gro/s,masculine,n
*)ia/i+ros,masculine,n
r(u/sis,feminine,n
kra/spedon,neuter,n
ai)ti/a,feminine,n
a)rxisuna/gwgos,masculine,n
pai=s,feminine,n
ph/ra,feminine,n
a)rgu/rion,neuter,n
koniorto/s,masculine,n
*bhqsai+da/,feminine,n
e)pisitismo/s,masculine,n
klisi/a,feminine,n
kla/sma,neuter,n
ko/finos,masculine,n
stauro/s,masculine,n
e)/codos,feminine,n
u(/pnos,masculine,n
a)fro/s,masculine,n
megaleio/ths,feminine,n
a)na/lhmyis,feminine,n
*samari/ths,masculine,n
a)lw/phc,feminine,n
fwleo/s,masculine,n
kataskh/nwsis,feminine,n
a)/rotron,neuter,n
e)rga/ths,masculine,y
a)rh/n,masculine,n
lu/kos,masculine,n
balla/ntion,neuter,n
*xorazi/n,feminine,n
spodo/s,feminine,n
*)ierixw/,feminine,n
lh|sth/s,masculine,n
sugkuri/a,feminine,n
*leui/ths,masculine,n
trau=ma,neuter,n
pandoxei=on,neuter,n
pandoxeu/s,masculine,n
*ma/rqa,feminine,n
a)delfh/,feminine,n
meri/s,feminine,n
mesonu/ktion,neuter,n
koi/th,feminine,n
a)nai/deia,feminine,n
w)|o/n,neuter,n
do/ma,neuter,n
*beelzebou/l,masculine,n
diano/hma,neuter,n
krith/s,masculine,n
da/ktulos,masculine,n
panopli/a,feminine,n
sku=lon,neuter,n
*)iwna=s,masculine,n
*nineui/ths,masculine,n
pe/ras,neuter,n
*solomw/n,masculine,n
kh/rugma,neuter,n
kru/pth,feminine,n
mo/dios,masculine,n
fe/ggos,neuter,n
a)/riston,neuter,n
pi/nac,masculine,n
a(rpagh/,feminine,n
ponhri/a,feminine,n
e)lehmosu/nh,feminine,n
h(du/osmon,neuter,n
ph/ganon,neuter,n
la/xanon,neuter,n
prwtokaqedri/a,feminine,n
mnhmei=on,neuter,n
forti/on,neuter,n
*(/abel,masculine,n
zu/mh,feminine,y
u(po/krisis,feminine,n
skoti/a,feminine,n
tamei=on,neuter,n
ge/enna,feminine,n
strouqi/on,neuter,n
a)ssa/rion,neuter,n
klhronomi/a,feminine,n
meristh/s,masculine,n
pleoneci/a,feminine,n
trofh/,feminine,n
e)/nduma,neuter,n
ko/rac,masculine,n
kri/non,neuter,n
kli/banos,masculine,n
poi/mnion,neuter,n
sh/s,masculine,n
o)sfu/s,feminine,n
oi)kodespo/ths,masculine,n
oi)kono/mos,masculine,n
sitome/trion,neuter,n
paidi/skh,feminine,n
diamerismo/s,masculine,n
o)/mbros,masculine,n
kau/swn,masculine,n
a)nti/dikos,masculine,n
e)rgasi/a,feminine,n
pra/ktwr,masculine,n
pu/rgos,masculine,n
*silwa/m,masculine,n
o)feile/ths,masculine,n
a)mpelw/n,masculine,n
a)mpelourgo/s,masculine,n
ko/prion,neuter,n
bou=s,masculine,n
o)/nos,masculine,n
desmo/s,masculine,n
ko/kkos,masculine,n
si/napi,neuter,n
kh=pos,masculine,n
kla/dos,masculine,n
a)/leuron,neuter,n
sa/ton,neuter,n
porei/a,feminine,n
a)diki/a,feminine,n
klauqmo/s,masculine,n
brugmo/s,masculine,n
i)/asis,feminine,n
tro/pos,masculine,n
o)/rnis,feminine,n
nossia/,feminine,n
prwtoklisi/a,feminine,n
gei/twn,masculine,n
a)ntapo/doma,neuter,n
a)na/gkh,feminine,n
r(u/mh,feminine,n
fragmo/s,masculine,n
dapa/nh,feminine,n
a)partismo/s,masculine,n
presbei/a,feminine,n
a(/las,neuter,n
kopri/a,feminine,n
w)=mos,masculine,n
draxmh/,feminine,n
gei/twn,feminine,n
ou)si/a,feminine,n
limo/s,feminine,n
poli/ths,masculine,n
kera/tion,neuter,n
tra/xhlos,masculine,n
daktu/lios,masculine,n
sumfwni/a,feminine,n
xoro/s,masculine,n
e)/rifos,masculine,n
oi)konomi/a,feminine,n
ba/tos,masculine,n
gra/mma,neuter,n
ko/ros,masculine,n
mamwna=s,masculine,n
oi)ke/ths,masculine,n
kerai/a,feminine,n
bu/ssos,feminine,n
*la/zaros,masculine,n
tra/peza,feminine,n
ba/sanos,feminine,n
a)/kron,neuter,n
xa/sma,neuter,n
suka/minos,feminine,n
*sama/reia,feminine,n
parath/rhsis,feminine,n
kataklusmo/s,masculine,n
*lw/t,masculine,n
e)kdi/khsis,feminine,n
moixo/s,masculine,n
neo/ths,feminine,n
xrh=ma,neuter,n
ka/mhlos,feminine,y
trh=ma,neuter,n
belo/nh,feminine,n
*nazwrai=os,masculine,n
ai)=nos,masculine,n
*zakxai=os,masculine,n
a)rxitelw/nhs,masculine,n
sukomore/a,feminine,n
mna=,feminine,n
souda/rion,neuter,n
to/kos,masculine,n
*bhqfagh/,feminine,n
*bhqani/a,feminine,n
pw=los,masculine,n
kata/basis,feminine,n
xa/rac,masculine,n
e)piskoph/,feminine,n
gewrgo/s,masculine,n
klhrono/mos,masculine,n
h(gemw/n,masculine,n
fo/ros,masculine,n
panourgi/a,feminine,n
e)pigrafh/,feminine,n
*saddoukai=os,masculine,n
yalmo/s,masculine,n
u(popo/dion,neuter,n
pro/fasis,feminine,n
gazofula/kion,neuter,n
u(ste/rhma,neuter,n
a)na/qema,neuter,n
a)katastasi/a,feminine,n
loimo/s,masculine,n
fo/bhtron,neuter,n
strato/pedon,neuter,n
e)rh/mwsis,feminine,n
a)/stron,neuter,n
sunoxh/,feminine,n
a)pori/a,feminine,n
h)=xos,neuter,n
sa/los,masculine,n
prosdoki/a,feminine,n
a)polu/trwsis,feminine,n
qe/ros,neuter,n
kraipa/lh,feminine,n
me/qh,feminine,n
pagi/s,feminine,n
*)iskariw/ths,masculine,n
strathgo/s,masculine,n
eu)kairi/a,feminine,n
kera/mion,neuter,n
a)na/gaion,neuter,n
ge/nhma,neuter,n
a)na/mnhsis,feminine,n
filoneiki/a,feminine,n
eu)erge/ths,masculine,n
a)le/ktwr,masculine,n
bolh/,feminine,n
a)gwni/a,feminine,n
i(drw/s,masculine,n
qro/mbos,masculine,n
lu/ph,feminine,n
w)ti/on,neuter,n
presbute/rion,neuter,n
sune/drion,neuter,n
e)sqh/s,feminine,n
e)/xqra,feminine,n
*barabba=s,masculine,n
sta/sis,feminine,n
ai)/thma,neuter,n
*kurhnai=os,masculine,n
krani/on,neuter,n
klh=ros,masculine,n
o)/cos,neuter,n
katape/tasma,neuter,n
qewri/a,feminine,n
bouleuth/s,masculine,n
pra=cis,feminine,n
*(arimaqai/a,feminine,n
sindw/n,feminine,n
paraskeuh/,feminine,n
a)/rwma,neuter,n
o)/rqros,masculine,n
lh=ros,masculine,n
o)qo/nion,neuter,n
*)emmaou=s,feminine,n
*kleopa=s,masculine,n
e(spe/ra,feminine,n
kla/sis,feminine,n
o)ste/on,neuter,n
e)paggeli/a,feminine,n
*pau=los,masculine,y
*swsqe/nhs,masculine,n
*ko/rinqos,feminine,n
xa/risma,neuter,n
koinwni/a,feminine,n
sxi/sma,neuter,n
*xlo/h,feminine,n
e)/ris,feminine,n
*)apollw=s,masculine,n
*khfa=s,masculine,n
*kri/spos,masculine,n
*ga/i+os,masculine,n
*stefana=s,masculine,n
mwri/a,feminine,n
suzhthth/s,masculine,n
*(/ellhn,masculine,n
klh=sis,feminine,n
a(giasmo/s,masculine,n
u(peroxh/,feminine,n
tro/mos,masculine,n
a)po/deicis,feminine,n
ga/la,neuter,n
zh=los,masculine,n
dia/konos,masculine,n
gew/rgion,neuter,n
oi)kodomh/,feminine,y
a)rxite/ktwn,masculine,n
kala/mh,feminine,n
e)/painos,masculine,n
qe/atron,neuter,n
perika/qarma,neuter,n
peri/yhma,neuter,n
paidagwgo/s,masculine,n
mimhth/s,masculine,n
*timo/qeos,masculine,n
prau/+ths,feminine,n
o)/leqros,masculine,n
kau/xhma,neuter,n
fu/rama,neuter,n
kaki/a,feminine,n
ei)likri/neia,feminine,n
e)pistolh/,feminine,n
pleone/kths,masculine,n
loi/doros,masculine,n
me/qusos,masculine,n
krith/rion,neuter,n
e)ntroph/,feminine,n
h(/tthma,neuter,n
a)rsenokoi/ths,masculine,n
me/los,neuter,n
a(ma/rthma,neuter,n
o)feilh/,feminine,n
a)krasi/a,feminine,n
suggnw/mh,feminine,n
e)pitagh/,feminine,n
a)/gamos,masculine,n
a)/gamos,feminine,n
a)krobusti/a,feminine,n
peritomh/,feminine,n
th/rhsis,feminine,n
lu/sis,feminine,n
sxh=ma,neuter,n
bro/xos,masculine,n
brw=sis,feminine,n
sunh/qeia,feminine,n
sunei/dhsis,feminine,n
pro/skomma,neuter,n
ei)dwlei=on,neuter,n
kre/as,neuter,n
a)postolh/,feminine,n
a)pologi/a,feminine,y
*barnaba=s,masculine,n
e)lpi/s,feminine,n
e)gkoph/,feminine,n
sta/dion,neuter,n
brabei=on,neuter,n
po/ma,neuter,n
tu/pos,masculine,n
e)piqumhth/s,masculine,n
o)loqreuth/s,masculine,n
nouqesi/a,feminine,n
e)/kbasis,feminine,n
ei)dwlolatri/a,feminine,n
ma/kellon,neuter,n
plh/rwma,neuter,n
e)leuqeri/a,feminine,n
para/dosis,feminine,n
fu/sis,feminine,n
a)timi/a,feminine,n
ko/mh,feminine,n
peribo/laion,neuter,n
ai(/resis,feminine,n
diai/resis,feminine,n
e)ne/rghma,neuter,n
fane/rwsis,feminine,n
i)/ama,neuter,n
dia/krisis,feminine,n
e(rmhnei/a,feminine,n
o)/sfrhsis,feminine,n
eu)sxhmosu/nh,feminine,n
a)nti/lhmyis,feminine,n
kube/rnhsis,feminine,n
u(perbolh/,feminine,n
ku/mbalon,neuter,n
e)/soptron,neuter,n
ai)/nigma,neuter,n
paramuqi/a,feminine,n
au)lo/s,masculine,n
diastolh/,feminine,n
fqo/ggos,masculine,n
zhlwth/s,masculine,n
i)diw/ths,masculine,n
frh/n,feminine,n
xei=los,neuter,n
diermhneuth/s,masculine,n
e)/ktrwma,neuter,n
yeudo/martus,masculine,n
ta/gma,neuter,n
parousi/a,feminine,n
kau/xhsis,feminine,n
o)/felos,neuter,n
h)=qos,neuter,n
o(mili/a,feminine,n
a)gnwsi/a,feminine,n
fqora/,feminine,n
a)fqarsi/a,feminine,n
r(iph/,feminine,n
a)qanasi/a,feminine,n
ni=kos,neuter,n
logei/a,feminine,n
*galati/a,feminine,n
*makedoni/a,feminine,n
pa/rodos,feminine,n
penthkosth/,feminine,n
*)axai/+a,feminine,n
*fortouna=tos,masculine,n
*)axai+ko/s,masculine,n
*)aku/las,masculine,n
*pri/ska,feminine,n
mara/na,masculine,n
diaspora/,feminine,n
doki/mion,neuter,n
a)/nqos,neuter,n
eu)pre/peia,feminine,n
do/sis,feminine,n
dw/rhma,neuter,n
parallagh/,feminine,n
troph/,feminine,n
a)poski/asma,neuter,n
r(upari/a,feminine,n
perissei/a,feminine,n
poihth/s,masculine,n
a)kroath/s,masculine,n
e)pilhsmonh/,feminine,n
poi/hsis,feminine,n
qrhskei/a,feminine,n
proswpolhmyi/a,feminine,n
paraba/ths,masculine,n
*(raa/b,feminine,n
phda/lion,neuter,n
o(rmh/,feminine,n
u(/lh,feminine,n
troxo/s,masculine,n
e(rpeto/n,neuter,n
i)o/s,masculine,n
o(moi/wsis,feminine,n
kata/ra,feminine,n
o)ph/,feminine,n
a)nastrofh/,feminine,y
e)riqei/a,feminine,n
ma/xh,feminine,n
fili/a,feminine,n
fqo/nos,masculine,n
ge/lws,masculine,n
kath/feia,feminine,n
nomoqe/ths,masculine,n
a)tmi/s,feminine,n
a)lazonei/a,feminine,n
talaipwri/a,feminine,n
boh/,feminine,n
*sabaw/q,masculine,n
sfagh/,feminine,n
u(po/deigma,neuter,n
kakopaqi/a,feminine,n
makroqumi/a,feminine,n
*)iw/b,masculine,n
eu)xh/,feminine,n
pla/nh,feminine,n
*silouano/s,masculine,n
*qessalonikeu/s,masculine,n
mnei/a,feminine,n
e)klogh/,feminine,n
plhrofori/a,feminine,n
ei)/sodos,feminine,n
*fi/lippoi,masculine,n
a)gw/n,masculine,n
a)kaqarsi/a,feminine,n
do/los,masculine,n
kolakei/a,feminine,n
trofo/s,feminine,n
mo/xqos,masculine,n
sumfule/ths,masculine,n
*)aqh=nai,feminine,n
a(giwsu/nh,feminine,n
paraggeli/a,feminine,n
pa/qos,neuter,n
filadelfi/a,feminine,n
ke/leusma,neuter,n
a)rxa/ggelos,masculine,n
a)pa/nthsis,feminine,n
w)di/n,feminine,n
perikefalai/a,feminine,n
peripoi/hsis,feminine,n
a)mno/s,masculine,n
r(abbi/,masculine,n
*messi/as,masculine,n
*naqanah/l,masculine,n
*nazare/t,feminine,n
*)israhli/ths,masculine,n
*kana/,feminine,n
u(dri/a,feminine,n
metrhth/s,masculine,n
a)rxitri/klinos,masculine,n
kermatisth/s,masculine,n
frage/llion,neuter,n
sxoini/on,neuter,n
kollubisth/s,masculine,n
ke/rma,neuter,n
e)mpo/rion,neuter,n
*niko/dhmos,masculine,n
ge/rwn,masculine,n
*ai)nw/n,feminine,n
*salei/m,neuter,n
zh/thsis,feminine,n
*suxa/r,feminine,n
xwri/on,neuter,n
o(doipori/a,feminine,n
*samari=tis,feminine,n
dwrea/,feminine,y
a)/ntlhma,neuter,n
qre/mma,neuter,n
proskunhth/s,masculine,n
lalia/,feminine,n
te/ras,neuter,n
kolumbh/qra,feminine,n
*bhqesda/,feminine,n
stoa/,feminine,n
kra/battos,masculine,n
*tiberia/s,feminine,n
paida/rion,neuter,n
o)ya/rion,neuter,n
ploia/rion,neuter,n
po/sis,feminine,n
skhnophgi/a,feminine,n
parrhsi/a,feminine,n
goggusmo/s,masculine,n
*(ierosolumi/ths,masculine,n
a)nqrwpokto/nos,masculine,n
yeu/sths,masculine,n
geneth/,feminine,n
phlo/s,masculine,n
ptu/sma,neuter,n
prosai/ths,masculine,n
qurwro/s,masculine,n
paroimi/a,feminine,n
nomh/,feminine,n
e)gkai/nia,neuter,n
xeimw/n,masculine,n
koi/mhsis,feminine,n
*di/dumos,masculine,n
summaqhth/s,masculine,n
keiri/a,feminine,n
*)efrai/m,masculine,n
li/tra,feminine,n
na/rdos,feminine,n
o)smh/,feminine,n
glwsso/komon,neuter,n
e)ntafiasmo/s,masculine,n
ba/i+on,neuter,n
u(pa/nthsis,feminine,n
o)na/rion,neuter,n
o)/nos,feminine,n
le/ntion,neuter,n
nipth/r,masculine,n
pte/rna,feminine,n
ywmi/on,neuter,n
tekni/on,neuter,n
monh/,feminine,n
para/klhtos,masculine,n
klh=ma,neuter,n
latrei/a,feminine,n
xei/marros,masculine,n
*kedrw/n,masculine,n
spei=ra,feminine,n
fano/s,masculine,n
o(/plon,neuter,n
w)ta/rion,neuter,n
*ma/lxos,masculine,n
qh/kh,feminine,n
penqero/s,masculine,n
qurwro/s,feminine,n
a)nqrakia/,feminine,n
yu=xos,neuter,n
r(a/pisma,neuter,n
praitw/rion,neuter,n
kathgori/a,feminine,n
bh=ma,neuter,n
*gabbaqa,neuter,n
*golgoqa=,feminine,n
ti/tlos,masculine,n
*klwpa=s,masculine,n
spo/ggos,masculine,n
u(/sswpos,feminine,n
ske/los,neuter,n
lo/gxh,feminine,n
pleura/,feminine,n
mi/gma,neuter,n
smu/rna,feminine,n
a)lo/h,feminine,n
khpouro/s,masculine,n
rabbouni,masculine,n
h(=los,masculine,n
prwi/+a,feminine,n
ai)gialo/s,masculine,n
prosfa/gion,neuter,n
e)pendu/ths,masculine,n
u(pakoh/,feminine,n
*(rw/mh,feminine,n
a)se/beia,feminine,n
poi/hma,neuter,n
qeio/ths,feminine,n
xrh=sis,feminine,n
o)/recis,feminine,n
a)ntimisqi/a,feminine,n
e)pi/gnwsis,feminine,n
kakoh/qeia,feminine,n
yiquristh/s,masculine,n
u(bristh/s,masculine,n
a)lazw/n,masculine,n
e)feureth/s,masculine,n
xrhsto/ths,feminine,n
a)noxh/,feminine,n
sklhro/ths,feminine,n
dikaiokrisi/a,feminine,n
stenoxwri/a,feminine,n
logismo/s,masculine,n
o(dhgo/s,masculine,n
paideuth/s,masculine,n
mo/rfwsis,feminine,n
para/basis,feminine,n
w)fe/leia,feminine,n
lo/gion,neuter,n
a)pisti/a,feminine,n
yeu=sma,neuter,n
ta/fos,masculine,n
la/rugc,masculine,n
a)spi/s,feminine,n
a)ra/,feminine,n
pikri/a,feminine,n
su/ntrimma,neuter,n
i(lasth/rion,neuter,n
e)/ndeicis,feminine,n
pa/resis,feminine,n
propa/twr,masculine,n
o)fei/lhma,neuter,n
makarismo/s,masculine,n
a)nomi/a,feminine,n
i)/xnos,neuter,y
ne/krwsis,feminine,n
*sa/rra,feminine,n
para/ptwma,neuter,n
dikai/wsis,feminine,n
prosagwgh/,feminine,n
dokimh/,feminine,n
katallagh/,feminine,n
kata/krima,neuter,n
parakoh/,feminine,n
kaino/ths,feminine,n
pa/qhma,neuter,n
palaio/ths,feminine,n
a)formh/,feminine,n
fro/nhma,neuter,n
doulei/a,feminine,n
ui(oqesi/a,feminine,n
abba,masculine,n
a)pokaradoki/a,feminine,n
mataio/ths,feminine,n
stenagmo/s,masculine,n
diwgmo/s,masculine,n
ki/ndunos,masculine,n
u(/ywma,neuter,n
o)du/nh,feminine,n
nomoqesi/a,feminine,n
*(rebe/kka,feminine,n
*)hsau=,masculine,n
*faraw/,masculine,n
bou/lhma,neuter,y
pla/sma,neuter,n
kerameu/s,masculine,n
*(wshe/,masculine,n
u(po/leimma,neuter,n
*go/morra,feminine,n
xrhmatismo/s,masculine,n
*ba/al,feminine,n
*ba/al,masculine,n
lei=mma,neuter,n
kata/nucis,feminine,n
qh/ra,feminine,n
nw=tos,masculine,n
a)pobolh/,feminine,n
pro/slhmyis,feminine,n
a)grie/laios,feminine,n
pio/ths,feminine,n
a)potomi/a,feminine,n
kallie/laios,feminine,n
pw/rwsis,feminine,n
a)pei/qeia,feminine,n
su/mboulos,masculine,n
oi)ktirmo/s,masculine,n
a)nakai/nwsis,feminine,n
a)nalogi/a,feminine,n
didaskali/a,feminine,y
a(plo/ths,feminine,n
i(laro/ths,feminine,n
filoceni/a,feminine,n
a)/nqrac,masculine,n
diatagh/,feminine,n
leitourgo/s,masculine,n
kw=mos,masculine,n
a)se/lgeia,feminine,n
pro/noia,feminine,n
a)sqe/nhma,neuter,n
o)neidismo/s,masculine,n
a)gaqwsu/nh,feminine,n
prosfora/,feminine,n
*)illuriko/n,neuter,n
kli/ma,neuter,n
e)pipoqi/a,feminine,n
*spani/a,feminine,n
*foi/bh,feminine,n
dia/konos,feminine,n
*kegxreai/,feminine,n
prosta/tis,feminine,n
*)epai/netos,masculine,n
*)andro/nikos,masculine,n
*)iouni/a,feminine,n
sunaixma/lwtos,masculine,n
*)amplia=tos,masculine,n
*ou)rbano/s,masculine,n
*sta/xus,masculine,n
*)apellh=s,masculine,n
*)aristo/boulos,masculine,n
*(hrw|di/wn,masculine,n
*na/rkissos,masculine,n
*tru/faina,feminine,n
*trufw=sa,feminine,n
*persi/s,feminine,n
*(rou=fos,masculine,n
*)asu/gkritos,masculine,n
*fle/gwn,masculine,n
*(ermh=s,masculine,n
*patroba=s,masculine,n
*(erma=s,masculine,n
*filo/logos,masculine,n
*)iouli/a,feminine,n
*nhreu/s,masculine,n
*)olumpa=s,masculine,n
dixostasi/a,feminine,n
xrhstologi/a,feminine,n
*lou/kios,masculine,n
*)ia/swn,masculine,n
*swsi/patros,masculine,n
*te/rtios,masculine,n
*)/erastos,masculine,n
*kou/artos,masculine,n
e)/ndeigma,neuter,n
a)/nesis,feminine,n
di/kh,feminine,n
e)pisunagwgh/,feminine,n
a)postasi/a,feminine,n
se/basma,neuter,n
e)pifa/neia,feminine,n
e)ne/rgeia,feminine,n
a)pa/th,feminine,n
h(suxi/a,feminine,n
e)pi/skopos,masculine,n
bebai/wsis,feminine,n
ai)/sqhsis,feminine,n
prokoph/,feminine,n
e)pixorhgi/a,feminine,n
ke/rdos,neuter,n
paramu/qion,neuter,n
kenodoci/a,feminine,n
tapeinofrosu/nh,feminine,n
morfh/,feminine,n
a(rpagmo/s,masculine,n
a)pousi/a,feminine,n
*)epafro/ditos,masculine,n
sustratiw/ths,masculine,n
katatomh/,feminine,n
pepoi/qhsis,feminine,n
*(ebrai=os,masculine,n
zh=los,neuter,n
zhmi/a,feminine,n
sku/balon,neuter,n
e)cana/stasis,feminine,n
skopo/s,masculine,n
summimhth/s,masculine,n
poli/teuma,neuter,n
*eu)odi/a,feminine,n
*suntu/xh,feminine,n
*klh/mhs,masculine,n
no/hma,neuter,n
a)reth/,feminine,n
u(ste/rhsis,feminine,n
*filipph/sios,masculine,n
lh=myis,feminine,n
*qessaloni/kh,feminine,n
eu)wdi/a,feminine,n
plou=tos,neuter,n
de/smios,masculine,n
*filh/mwn,masculine,n
*)apfi/a,feminine,n
*)/arxippos,masculine,n
*)onh/simos,masculine,n
ceni/a,feminine,n
*)epafra=s,masculine,n
*ma=rkos,masculine,n
*)ari/starxos,masculine,n
*dhma=s,masculine,n
*louka=s,masculine,n
tekmh/rion,neuter,n
e)laiw/n,masculine,n
u(perw=|on,neuter,n
dia/lektos,feminine,y
*(akeldama/x,neuter,n
e)/paulis,feminine,n
*barsabba=s,masculine,n
*)iou=stos,masculine,n
*maqqi/as,masculine,n
kardiognw/sths,masculine,n
pnoh/,feminine,n
*pa/rqos,masculine,n
*mh=dos,masculine,n
*)elami/ths,masculine,n
*mesopotami/a,feminine,n
*kappadoki/a,feminine,n
*po/ntos,masculine,n
*frugi/a,feminine,n
*pamfuli/a,feminine,n
*libu/h,feminine,n
*kurh/nh,feminine,n
prosh/lutos,masculine,n
*krh/s,masculine,n
*)/aray,masculine,n
gleu=kos,neuter,n
*)iwh/l,masculine,n
e)nu/pnion,neuter,n
pro/gnwsis,feminine,n
diafqora/,feminine,n
eu)frosu/nh,feminine,n
patria/rxhs,masculine,n
kth=ma,neuter,n
u(/parcis,feminine,n
a)felo/ths,feminine,n
ba/sis,feminine,n
sfudro/n,neuter,n
*solomw=n,masculine,n
eu)se/beia,feminine,n
a)rxhgo/s,masculine,n
o(loklhri/a,feminine,n
a)/gnoia,feminine,n
a)na/yucis,feminine,n
a)pokata/stasis,feminine,n
*samouh/l,masculine,n
*)ale/candros,masculine,n
eu)ergesi/a,feminine,n
oi)kodo/mos,masculine,n
a)peilh/,feminine,n
kth/twr,masculine,n
*ku/prios,masculine,n
*(anani/as,masculine,n
*sa/pfira,feminine,n
dia/sthma,neuter,n
*stoa/,feminine,n
klina/rion,neuter,n
gerousi/a,feminine,n
desmwth/rion,neuter,n
fu/lac,masculine,n
bi/a,feminine,n
*gamalih/l,masculine,n
*qeuda=s,masculine,n
*(ellhnisth/s,masculine,n
*ste/fanos,masculine,n
*pro/xoros,masculine,n
*nika/nwr,masculine,n
*ti/mwn,masculine,n
*parmena=s,masculine,n
*niko/laos,masculine,n
*)antioxeu/s,masculine,n
*liberti=nos,masculine,n
*)alecandreu/s,masculine,n
*kiliki/a,feminine,n
*xarra/n,feminine,n
*xaldai=os,masculine,n
kata/sxesis,feminine,n
*xana/an,feminine,n
xo/rtasma,neuter,n
siti/on,neuter,n
*suxe/m,feminine,n
*(emmw/r,masculine,n
dikasth/s,masculine,n
*madia/m,masculine,n
*sina=,neuter,n
o(/rama,neuter,n
ka/kwsis,feminine,n
lutrwth/s,masculine,n
*qa/lassa,feminine,n
sfa/gion,neuter,n
*molo/x,masculine,n
*(raifa/n,masculine,n
skh/nwma,neuter,n
kata/pausis,feminine,n
e)/leusis,feminine,n
neani/as,masculine,n
*sau=los,masculine,n
a)nai/resis,feminine,n
kopeto/s,masculine,n
magei/a,feminine,n
e)pi/qesis,feminine,n
e)pi/noia,feminine,n
xolh/,feminine,n
su/ndesmos,masculine,n
meshmbri/a,feminine,n
*ga/za,feminine,n
*ai)qi/oy,masculine,n
eu)nou=xos,masculine,n
*kanda/kh,feminine,n
ga/za,feminine,n
perioxh/,feminine,n
*)/azwtos,feminine,n
*kaisa/reia,feminine,n
*damasko/s,feminine,n
*saou/l,masculine,n
*tarseu/s,masculine,n
lepi/s,feminine,n
e)piboulh/,feminine,n
spuri/s,feminine,n
*tarso/s,feminine,n
*lu/dda,feminine,n
*ai)ne/as,masculine,n
*sarw/n,masculine,n
*)io/pph,feminine,n
maqh/tria,feminine,n
*tabiqa/,feminine,n
*dorka/s,feminine,n
burseu/s,masculine,n
*kornh/lios,masculine,n
mnhmo/sunon,neuter,n
o)qo/nh,feminine,n
proswpolh/mpths,masculine,n
*foini/kh,feminine,n
*ku/pros,feminine,n
*)antio/xeia,feminine,n
*xristiano/s,masculine,n
*(/agabos,masculine,n
*klau/dios,masculine,n
tetra/dion,neuter,n
oi)/khma,neuter,n
sanda/lion,neuter,n
*(ro/dh,feminine,n
ta/raxos,masculine,n
*tu/rios,masculine,n
*bla/stos,masculine,n
koitw/n,masculine,n
dh=mos,masculine,n
*ni/ger,masculine,n
*manah/n,masculine,n
*seleu/keia,feminine,n
*salami/s,feminine,n
*pa/fos,feminine,n
ma/gos,masculine,n
*barihsou=s,masculine,n
a)nqu/patos,masculine,n
*se/rgios,masculine,n
*)elu/mas,masculine,n
r(a|diourgi/a,feminine,n
a)xlu/s,feminine,n
xeiragwgo/s,masculine,n
*pe/rgh,feminine,n
a)na/gnwsis,feminine,n
paroiki/a,feminine,n
*ki/s,masculine,n
dro/mos,masculine,n
katafronhth/s,masculine,n
o(/rion,neuter,n
*)iko/nion,neuter,n
*lukaoni/a,feminine,n
*lu/stra,feminine,n
*de/rbh,feminine,n
*lu/stra,neuter,n
*zeu/s,masculine,n
tau=ros,masculine,n
ste/mma,neuter,n
*pisidi/a,feminine,n
*)atta/leia,feminine,n
zh/thma,neuter,n
e)pistrofh/,feminine,n
a)li/sghma,neuter,n
*sila=s,masculine,n
parocusmo/s,masculine,n
*musi/a,feminine,n
*biquni/a,feminine,n
*trw|a/s,feminine,n
*makedw/n,masculine,n
*samoqra/|kh,feminine,n
*po/lis,feminine,n
kolwni/a,feminine,n
*ludi/a,feminine,n
porfuro/pwlis,feminine,n
pu/qwn,masculine,n
desmofu/lac,masculine,n
qeme/lion,neuter,n
r(abdou=xos,masculine,n
*)amfi/polis,feminine,n
*)apollwni/a,feminine,n
polita/rxhs,masculine,n
*be/roia,feminine,n
proqumi/a,feminine,n
*(ellhni/s,feminine,n
*)epikou/reios,masculine,n
filo/sofos,masculine,n
kataggeleu/s,masculine,n
*pa/gos,masculine,n
bwmo/s,masculine,n
o(roqesi/a,feminine,n
katoiki/a,feminine,n
e)nqu/mhsis,feminine,n
*dionu/sios,masculine,n
*)areopagi/ths,masculine,n
*da/maris,feminine,n
*)itali/a,feminine,n
*pri/skilla,feminine,n
skhnopoio/s,masculine,n
*ti/tios,masculine,n
*kori/nqios,masculine,n
*galli/wn,masculine,n
r(a|diou/rghma,neuter,n
sxolh/,feminine,n
*tu/rannos,masculine,n
xrw/s,masculine,n
simiki/nqion,neuter,n
e)corkisth/s,masculine,n
*skeua=s,masculine,n
*dhmh/trios,masculine,n
a)rguroko/pos,masculine,n
*)/artemis,feminine,n
eu)pori/a,feminine,n
a)pelegmo/s,masculine,n
qea/,feminine,n
su/gxusis,feminine,n
sune/kdhmos,masculine,n
*)asia/rxhs,masculine,n
newko/ros,masculine,n
qeo/s,feminine,n
sustrofh/,feminine,n
qo/rubos,masculine,n
*(ella/s,feminine,n
*sw/patros,masculine,n
*pu/rros,masculine,n
*sekou=ndos,masculine,n
*)asiano/s,masculine,n
*tuxiko/s,masculine,n
*tro/fimos,masculine,n
*eu)/tuxos,masculine,n
quri/s,feminine,n
tri/stegon,neuter,n
au)gh/,feminine,n
*)=assos,feminine,n
*mitulh/nh,feminine,n
*xi/os,feminine,n
*sa/mos,feminine,n
*mi/lhtos,feminine,n
a)/ficis,feminine,n
trieti/a,feminine,n
*kw/s,feminine,n
*(ro/dos,feminine,n
*pa/tara,neuter,n
plou=s,masculine,n
*ptolemai/+s,feminine,n
eu)aggelisth/s,masculine,n
*mna/swn,masculine,n
e)kplh/rwsis,feminine,n
a(gnismo/s,masculine,n
sundromh/,feminine,n
fa/sis,feminine,n
a)nabaqmo/s,masculine,n
sika/rios,masculine,n
a)kri/beia,feminine,n
e)/dafos,neuter,n
kefa/laion,neuter,n
politei/a,feminine,n
toi=xos,masculine,n
sunwmosi/a,feminine,n
e)ne/dra,feminine,n
i(ppeu/s,masculine,n
deciola/bos,masculine,n
*fh=lic,masculine,n
*lusi/as,masculine,n
e)/gklhma,neuter,n
kath/goros,masculine,n
*)antipatri/s,feminine,n
e)parxei/a,feminine,n
r(h/twr,masculine,n
*te/rtullos,masculine,n
dio/rqwma,neuter,n
e)piei/keia,feminine,n
prwtosta/ths,masculine,n
e)pi/stasis,feminine,n
*drou/silla,feminine,n
e)gkra/teia,feminine,n
dieti/a,feminine,n
dia/doxos,masculine,n
*po/rkios,masculine,n
*fh=stos,masculine,n
ai)ti/wma,neuter,n
sumbou/lion,neuter,n
*)agri/ppas,masculine,n
*berni/kh,feminine,n
katadi/kh,feminine,n
a)nabolh/,feminine,n
deisidaimoni/a,feminine,n
dia/gnwsis,feminine,n
fantasi/a,feminine,n
a)kroath/rion,neuter,n
e)coxh/,feminine,n
a)na/krisis,feminine,n
gnw/sths,masculine,n
bi/wsis,feminine,n
dwdeka/fulon,neuter,n
e)kte/neia,feminine,n
e)pitroph/,feminine,n
lampro/ths,feminine,n
e)pikouri/a,feminine,n
mani/a,feminine,n
swfrosu/nh,feminine,n
desmw/ths,masculine,n
*)iou/lios,masculine,n
e)pime/leia,feminine,n
pe/lagos,neuter,n
*mu/ra,neuter,n
*luki/a,feminine,n
*kni/dos,feminine,n
*krh/th,feminine,n
*salmw/nh,feminine,n
*limh/n,masculine,n
*lasai/a,feminine,n
u(/bris,feminine,n
nau/klhros,masculine,n
limh/n,masculine,n
paraxeimasi/a,feminine,n
*foi=nic,masculine,n
li/y,masculine,n
xw=ros,masculine,n
eu)raku/lwn,masculine,n
nhsi/on,neuter,n
*kau=da,neuter,n
ska/fh,feminine,n
boh/qeia,feminine,n
*su/rtis,feminine,n
e)kbolh/,feminine,n
skeuh/,feminine,n
a)siti/a,feminine,n
*)adri/as,masculine,n
o)rguia/,feminine,n
pru/mna,feminine,n
a)/gkura,feminine,n
prw=|ra,feminine,n
zeukthri/a,feminine,n
a)rte/mwn,masculine,n
nau=s,feminine,n
sani/s,feminine,n
*meli/th,feminine,n
filanqrwpi/a,feminine,n
pura/,feminine,n
fru/ganon,neuter,n
qe/rmh,feminine,n
*po/plios,masculine,n
dusente/rion,neuter,n
*dio/skouroi,masculine,n
*sura/kousai,feminine,n
*(rh/gion,neuter,n
*poti/oloi,masculine,n
*)/appios,masculine,n
*fo/ron,neuter,n
*tabe/rnh,feminine,n
qa/rsos,neuter,n
mi/sqwma,neuter,n
kwmo/polis,feminine,n
r(a/kos,neuter,n
*)abiaqa/r,masculine,n
*(hrw|dianoi/,masculine,n
*)idoumai/a,feminine,n
*boanhrge/s,masculine,n
*qaddai=os,masculine,n
*kananai=os,masculine,n
ku=ma,neuter,n
proskefa/laion,neuter,n
katoi/khsis,feminine,n
legiw/n,masculine,n
*deka/polis,feminine,n
quga/trion,neuter,n
taliqa,feminine,n
kora/sion,neuter,n
te/ktwn,masculine,n
*)iwsh=s,masculine,n
gene/sia,neuter,n
spekoula/twr,masculine,n
sumpo/sion,neuter,n
prasia/,feminine,n
*bhqsai+da/n,feminine,n
fa/ntasma,neuter,n
pugmh/,feminine,n
baptismo/s,masculine,n
ce/sths,masculine,n
xalki/on,neuter,n
e)/ntalma,neuter,n
*korba=n,masculine,n
a)fedrw/n,masculine,n
kloph/,feminine,n
moixei/a,feminine,n
u(perhfani/a,feminine,n
a)frosu/nh,feminine,n
*surofoini/kissa,feminine,n
kuna/rion,neuter,n
yixi/on,neuter,n
e)rhmi/a,feminine,n
i)xqu/dion,neuter,n
*dalmanouqa/,feminine,n
o)/mma,neuter,n
a)nta/llagma,neuter,n
gnafeu/s,masculine,n
skw/lhc,masculine,n
a)posta/sion,neuter,n
sklhrokardi/a,feminine,n
trumalia/,feminine,n
r(afi/s,feminine,n
lu/tron,neuter,n
*timai=os,masculine,n
*bartimai=os,masculine,n
a)/mfodon,neuter,n
stiba/s,feminine,n
kaqe/dra,feminine,n
u(polh/nion,neuter,n
kh=nsos,masculine,n
o(lokau/twma,neuter,n
kodra/nths,masculine,n
yeudo/xristos,masculine,n
a)lektorofwni/a,feminine,n
a)la/bastros,feminine,n
tru/blion,neuter,n
*geqshmani/,neuter,n
su/sshmon,neuter,n
proau/lion,neuter,n
stasiasth/s,masculine,n
e)lwi/+,masculine,n
kenturi/wn,masculine,n
*salw/mh,feminine,n
prosa/bbaton,neuter,n
du/sis,feminine,n
*)ioudai+smo/s,masculine,n
sunhlikiw/ths,masculine,n
*)arabi/a,feminine,n
*ti/tos,masculine,n
yeuda/delfos,masculine,n
u(potagh/,feminine,n
tou)nanti/on,neuter,n
*gala/ths,masculine,n
mesi/ths,masculine,n
proqesmi/a,feminine,n
stoixei=on,neuter,n
*(aga/r,feminine,n
peismonh/,feminine,n
kanw/n,masculine,n
sti/gma,neuter,n
a)rrabw/n,masculine,n
me/geqos,neuter,n
kurio/ths,feminine,n
meso/toixon,neuter,n
sumpoli/ths,masculine,n
e(no/ths,feminine,n
katartismo/s,masculine,n
kubei/a,feminine,n
meqodei/a,feminine,n
a(fh/,feminine,n
au)/chsis,feminine,n
parorgismo/s,masculine,n
ai)sxro/ths,feminine,n
mwrologi/a,feminine,n
eu)trapeli/a,feminine,n
a)swti/a,feminine,n
u(/mnos,masculine,n
loutro/n,neuter,n
spi/los,masculine,n
r(uti/s,feminine,n
paidei/a,feminine,n
o)fqalmodouli/a,feminine,n
eu)/noia,feminine,n
pa/lh,feminine,n
kosmokra/twr,masculine,n
e(toimasi/a,feminine,n
qureo/s,masculine,n
be/los,neuter,n
proskarte/rhsis,feminine,n
a)/noicis,feminine,n
r(antismo/s,masculine,n
spora/,feminine,n
katalalia/,feminine,n
i(era/teuma,neuter,n
kakopoio/s,masculine,n
a)gaqopoio/s,masculine,n
e)pika/lumma,neuter,n
a)delfo/ths,feminine,n
kle/os,neuter,n
u(pogrammo/s,masculine,n
mw/lwy,masculine,n
e)mplokh/,feminine,n
peri/qesis,feminine,n
e)/ndusis,feminine,n
pto/hsis,feminine,n
loidori/a,feminine,n
a)po/qesis,feminine,n
r(u/pos,masculine,n
e)perw/thma,neuter,n
e)/nnoia,feminine,n
oi)noflugi/a,feminine,n
po/tos,masculine,n
a)na/xusis,feminine,n
a)llotriepi/skopos,masculine,n
kti/sths,masculine,n
a)gaqopoii/+a,feminine,n
sumpresbu/teros,masculine,n
a)rxipoi/mhn,masculine,n
u(po/mnhsis,feminine,n
ma/mmh,feminine,n
*lwi/+s,feminine,n
*eu)ni/kh,feminine,n
deili/a,feminine,n
swfronismo/s,masculine,n
kh=ruc,masculine,n
paraqh/kh,feminine,n
u(potu/pwsis,feminine,n
*fu/gelos,masculine,n
*(ermoge/nhs,masculine,n
*)onhsi/foros,masculine,n
pragmatei/a,feminine,n
katastrofh/,feminine,n
kenofwni/a,feminine,n
ga/ggraina,feminine,n
*(ume/naios,masculine,n
*fi/lhtos,masculine,n
gunaika/rion,neuter,n
*)ia/nnhs,masculine,n
*)iambrh=s,masculine,n
a)gwgh/,feminine,n
go/hs,masculine,n
e)legmo/s,masculine,n
e)pano/rqwsis,feminine,n
mu=qos,masculine,n
a)na/lusis,feminine,n
*krh/skhs,masculine,n
*dalmati/a,feminine,n
failo/nhs,masculine,n
*ka/rpos,masculine,n
membra/na,feminine,n
xalkeu/s,masculine,n
*eu)/boulos,masculine,n
*pou/dhs,masculine,n
*li/nos,masculine,n
*klaudi/a,feminine,n
plh/kths,masculine,n
frenapa/ths,masculine,n
presbu=tis,feminine,n
kata/sthma,neuter,n
a)fqori/a,feminine,n
semno/ths,feminine,n
paliggenesi/a,feminine,n
genealogi/a,feminine,n
*)artema=s,masculine,n
*niko/polis,feminine,n
*zhna=s,masculine,n
oi)khth/rion,neuter,n
zo/fos,masculine,n
dei=gma,neuter,n
*ka/i+n,masculine,n
a)ntilogi/a,feminine,n
*ko/re,masculine,n
spila/s,feminine,n
goggusth/s,masculine,n
e)mpai/kths,masculine,n
megalwsu/nh,feminine,n
a)ggeli/a,feminine,n
i(lasmo/s,masculine,n
a)nti/xristos,masculine,n
xri=sma,neuter,n
ko/lasis,feminine,n
ni/kh,feminine,n
*diotre/fhs,masculine,n
me/lan,neuter,n
kuri/a,feminine,n
xa/rths,masculine,n
e)kzh/thsis,feminine,n
mataiologi/a,feminine,n
patrolw/|as,masculine,n
mhtrolw/|as,masculine,n
a)ndrofo/nos,masculine,n
a)ndrapodisth/s,masculine,n
diw/kths,masculine,n
a)podoxh/,feminine,n
stratei/a,feminine,n
e)/nteucis,feminine,n
a)nti/lutron,neuter,n
katastolh/,feminine,n
ai)dw/s,feminine,n
ple/gma,neuter,n
qeose/beia,feminine,n
*eu(/a,feminine,n
teknogoni/a,feminine,n
baqmo/s,masculine,n
e(drai/wma,neuter,n
meta/lhmyis,feminine,n
gumnasi/a,feminine,n
a(gnei/a,feminine,n
a)moibh/,feminine,n
pro/krima,neuter,n
pro/sklisis,feminine,n
sto/maxos,masculine,n
logomaxi/a,feminine,n
u(po/noia,feminine,n
diaparatribh/,feminine,n
porismo/s,masculine,n
au)ta/rkeia,feminine,n
diatrofh/,feminine,n
ske/pasma,neuter,n
filarguri/a,feminine,n
prau+paqi/a,feminine,n
o(mologi/a,feminine,n
a)dhlo/ths,feminine,n
a)po/lausis,feminine,n
a)nti/qesis,feminine,n
*za/ra,masculine,n
*qama/r,feminine,n
*)ara/m,masculine,n
*salmw/n,masculine,n
*bo/es,masculine,n
*(raxa/b,feminine,n
*)iwbh/d,masculine,n
*(rou/q,feminine,n
*ou)ri/as,masculine,n
*(roboa/m,masculine,n
*)asa/f,masculine,n
*)iwsafa/t,masculine,n
*)iwra/m,masculine,n
*)ozi/as,masculine,n
*)iwaqa/m,masculine,n
*)axa/z,masculine,n
*(ezeki/as,masculine,n
*)iwsi/as,masculine,n
*)iexoni/as,masculine,n
metoikesi/a,feminine,n
*)abiou/d,masculine,n
*)azw/r,masculine,n
*sadw/k,masculine,n
*)axi/m,masculine,n
*)eliou/d,masculine,n
*)elea/zar,masculine,n
*matqa/n,masculine,n
o)/nar,neuter,n
*)emmanouh/l,masculine,n
*(ieroso/luma,feminine,n
teleuth/,feminine,n
*)ieremi/as,masculine,n
*(rama/,feminine,n
o)durmo/s,masculine,n
*(raxh/l,feminine,n
*)arxe/laos,masculine,n
a)mfi/blhstron,neuter,n
malaki/a,feminine,n
i)w=ta,neuter,n
r(aka/,masculine,n
mi/lion,neuter,n
polulogi/a,feminine,n
tri/bolos,masculine,n
broxh/,feminine,n
e(kato/ntarxos,masculine,n
dai/mwn,masculine,n
*go/morra,neuter,n
oi)kiako/s,masculine,n
biasth/s,masculine,n
kh=tos,neuter,n
ziza/nion,neuter,n
qeristh/s,masculine,n
de/smh,feminine,n
sunte/leia,feminine,n
sagh/nh,feminine,n
a)/ggos,neuter,n
futei/a,feminine,n
yeudomarturi/a,feminine,n
*magada/n,feminine,n
eu)di/a,feminine,n
*bariwna=,masculine,n
o)ligopisti/a,feminine,n
di/draxmon,neuter,n
a)/gkistron,neuter,n
stath/r,masculine,n
ta/lanton,neuter,n
da/neion,neuter,n
basanisth/s,masculine,n
tru/phma,neuter,n
e(tai=ros,masculine,n
u(pozu/gion,neuter,n
e)mpori/a,feminine,n
die/codos,feminine,n
no/misma,neuter,n
fulakth/rion,neuter,n
kaqhghth/s,masculine,n
a)/nhqon,neuter,n
ku/minon,neuter,n
kw/nwy,masculine,n
paroyi/s,feminine,n
*baraxi/as,masculine,n
nossi/on,neuter,n
*danih/l,masculine,n
fugh/,feminine,n
oi)ketei/a,feminine,n
a)ggei=on,neuter,n
trapezi/ths,masculine,n
e)ri/fion,neuter,n
dei=na,masculine,n
korbana=s,masculine,n
tafh/,feminine,n
xlamu/s,feminine,n
h)li/,masculine,n
e)/gersis,feminine,n
tou)/noma,neuter,n
koustwdi/a,feminine,n
ei)de/a,feminine,n
e)pa/ggelma,neuter,n
lh/qh,feminine,n
mnh/mh,feminine,n
e)po/pths,masculine,n
e)pi/lusis,feminine,n
yeudodida/skalos,masculine,n
seira/,feminine,n
ble/mma,neuter,n
miasmo/s,masculine,n
tolmhth/s,masculine,n
a(/lwsis,feminine,n
mw=mos,masculine,n
*boso/r,masculine,n
e)/legcis,feminine,n
paranomi/a,feminine,n
parafroni/a,feminine,n
o(mi/xlh,feminine,n
mi/asma,neuter,n
e)ce/rama,neuter,n
u(=s,feminine,n
kulismo/s,masculine,n
bo/rboros,masculine,n
e)mpaigmonh/,feminine,n
bradu/ths,feminine,n
sthrigmo/s,masculine,n
a)pau/gasma,neuter,n
xarakth/r,masculine,n
u(po/stasis,feminine,n
eu)qu/ths,feminine,n
misqapodosi/a,feminine,n
merismo/s,masculine,n
qe/lhsis,feminine,n
qera/pwn,masculine,n
parapikrasmo/s,masculine,n
dokimasi/a,feminine,n
kw=lon,neuter,n
sabbatismo/s,masculine,n
a(rmo/s,masculine,n
muelo/s,masculine,n
o(moio/ths,feminine,n
*melxise/dek,masculine,n
i(kethri/a,feminine,n
eu)la/beia,feminine,n
e(/cis,feminine,n
ai)sqhth/rion,neuter,n
teleio/ths,feminine,n
bota/nh,feminine,n
kau=sis,feminine,n
*salh/m,feminine,n
koph/,feminine,n
a)kroqi/nion,neuter,n
e)/pos,neuter,n
i(erwsu/nh,feminine,n
meta/qesis,feminine,n
a)qe/thsis,feminine,n
e)peisagwgh/,feminine,n
o(rkwmosi/a,feminine,n
a)fanismo/s,masculine,n
qumiath/rion,neuter,n
sta/mnos,feminine,n
pla/c,feminine,n
*xerou=b,neuter,n
a)gno/hma,neuter,n
dio/rqwsis,feminine,n
tra/gos,masculine,n
da/malis,feminine,n
kaqaro/ths,feminine,n
ai(matekxusi/a,feminine,n
kefali/s,feminine,n
e)kdoxh/,feminine,n
timwri/a,feminine,n
a)/qlhsis,feminine,n
u(postolh/,feminine,n
e)/legxos,masculine,n
misqapodo/ths,masculine,n
dhmiourgo/s,masculine,n
dia/tagma,neuter,n
pro/sxusis,feminine,n
pei=ra,feminine,n
kata/skopos,masculine,n
*gedew/n,masculine,n
*bara/k,masculine,n
*samyw/n,masculine,n
*)iefqa/e,masculine,n
e)mpaigmo/s,masculine,n
mhlwth/,feminine,n
de/rma,neuter,n
ne/fos,neuter,n
o)/gkos,masculine,n
teleiwth/s,masculine,n
a(gio/ths,feminine,n
troxia/,feminine,n
prwtoto/kia,neuter,n
gno/fos,masculine,n
qu/ella,feminine,n
panh/guris,feminine,n
de/os,neuter,n
ai)/nesis,feminine,n
eu)poii/+a,feminine,n
*kolossai/,feminine,n
a)reskei/a,feminine,n
piqanologi/a,feminine,n
stere/wma,neuter,n
filosofi/a,feminine,n
qeo/ths,feminine,n
a)pe/kdusis,feminine,n
xeiro/grafon,neuter,n
noumhni/a,feminine,n
a)po/xrhsis,feminine,n
e)qeloqrhski/a,feminine,n
a)feidi/a,feminine,n
plhsmonh/,feminine,n
ai)sxrologi/a,feminine,n
*sku/qhs,masculine,n
momfh/,feminine,n
a)ntapo/dosis,feminine,n
i)so/ths,feminine,n
a)neyio/s,masculine,n
parhgori/a,feminine,n
*(iera/polis,feminine,n
*nu/mfa,feminine,n
*laodikeu/s,masculine,n
a)po/krima,neuter,n
e)lafri/a,feminine,n
e)pitimi/a,feminine,n
i(kano/ths,feminine,n
kata/krisis,feminine,n
ka/lumma,neuter,n
fwtismo/s,masculine,n
skh=nos,neuter,n
proskoph/,feminine,n
a)grupni/a,feminine,n
a(gno/ths,feminine,n
dusfhmi/a,feminine,n
eu)fhmi/a,feminine,n
metoxh/,feminine,n
sumfw/nhsis,feminine,n
*belia/r,masculine,n
sugkata/qesis,feminine,n
molusmo/s,masculine,n
e)pipo/qhsis,feminine,n
a)gana/kthsis,feminine,n
a(dro/ths,feminine,n
do/ths,masculine,n
kaqai/resis,feminine,n
o)xu/rwma,neuter,n
yeudapo/stolos,masculine,n
nuxqh/meron,neuter,n
buqo/s,masculine,n
di/yos,neuter,n
e)qna/rxhs,masculine,n
*(are/tas,masculine,n
sarga/nh,feminine,n
sko/loy,masculine,n
yiqurismo/s,masculine,n
fusi/wsis,feminine,n
kata/rtisis,feminine,n
