lemma,gender,declension,gs
ta/xos,neuter,,ta/xous
*)/alfa,neuter,3,
sugkoinwno/s,masculine,,sugkoinwnou=
*pa/tmos,feminine,,*pa/tmou
*smu/rna,feminine,,*smu/rnhs
*pe/rgamos,feminine,,*perga/mou
*qua/teira,feminine,2,*quatei/rwn
*sa/rdeis,feminine,,*sa/rdewn
*filade/lfeia,feminine,,*filadelfei/as
qri/c,feminine,,trixo/s
xalkoli/banon,masculine,,xalkoliba/nou
r(omfai/a,feminine,,r(omfai/as
klei/s,feminine,,kleido/s
*nikolai/+ths,masculine,,*nikolai/+tou
*satana=s,masculine,3,
ste/fanos,masculine,,stefa/nou
*bala/k,masculine,,*bala/k
ma/nna,neuter,3,
yh=fos,feminine,,yh/fou
*)ieza/bel,feminine,,*)ieza/bel
profh=tis,feminine,,profh/tidos
nefro/s,masculine,,nefrou=
ba/ros,neuter,,ba/rous
skeu=os,neuter,,skeu/ous
kollou/rion,neuter,,kollouri/ou
i)/aspis,feminine,,i)a/spidos
lampa/s,feminine,,lampa/dos
a)na/pausis,feminine,,a)napau/sews
sfragi/s,feminine,,sfragi/dos
*)iou/das,masculine,3,
ke/ras,neuter,,ke/ratos
fia/lh,feminine,,fia/lhs
muria/s,feminine,,muria/dos
xilia/s,feminine,,xilia/dos
kti/sma,neuter,,kti/smatos
xoi=nic,feminine,,xoi/nikos
limo/s,masculine,,limou=
o)/lunqos,masculine,,o)lu/nqou
megista/n,masculine,,megista=nos
xili/arxos,masculine,,xilia/rxou
*manassh=s,masculine,3,
foi=nic,masculine,,foi/nikos
kau=ma,neuter,3,kau/matos
da/kruon,neuter,,dakru/ou
h(miw/rion,neuter,,h(miwri/ou
a)/yinqos,feminine,,a)yi/nqou
mesoura/nhma,neuter,3,mesouranh/matos
a)kri/s,feminine,,a)kri/dos
mh/n,masculine,,mhno/s
o(moi/wma,neuter,3,o(moiw/matos
dismuria/s,feminine,3,dismuria/dos
fa/rmakon,neuter,,farma/kou
kle/mma,neuter,3,kle/mmatos
biblari/dion,neuter,,bibliaridi/ou
me/li,neuter,,me/litos
ptw=ma,neuter,3,ptw/matos
*so/doma,neuter,2,*sodo/mwn
mnh=ma,neuter,3,mnh/matos
dw=ron,neuter,,dw/rou
dia/dhma,neuter,3,diadh/matos
pa/rdalis,feminine,,parda/lews
ai)xmalwsi/a,feminine,,ai)xmalwsi/as
xa/ragma,neuter,3,xara/gmatos
kiqarw|do/s,masculine,,kiqarw|dou=
a)parxh/,feminine,,a)parxh=s
dre/panon,neuter,,drepa/nou
xalino/s,masculine,,xalinou=
sta/dios,masculine,,stadi/ou
li/non,neuter,,li/nou
sth=qos,neuter,,sth/qous
e(/lkos,neuter,,e(/lkous
ba/traxos,masculine,,batra/xou
a)sxhmosu/nh,feminine,,a)sxhmosu/nhs
bde/lugma,neuter,3,bdelu/gmatos
qau=ma,neuter,3,qau/matos
katoikhth/rion,neuter,,katoikhthri/ou
e)/mporos,masculine,,e)mpo/rou
a)di/khma,neuter,3,a)dikh/matos
pe/nqos,neuter,,pe/nqous
go/mos,masculine,,go/mou
kinna/mwmon,neuter,,kinnamw/mou
a)/mwmon,neuter,,a)mw/mou
li/banos,masculine,,liba/nou
kth=nos,neuter,3,kth/nous
r(e/dh,feminine,,r(e/dhs
o)pw/ra,feminine,1,
kubernh/ths,masculine,,kubernh/tou
nau/ths,masculine,,nau/tou
o(/rmhma,neuter,3,o(rmh/matos
au)lhth/s,masculine,,au)lhtou=
salpisth/s,masculine,,salpistou=
a(/lusis,feminine,,a(lu/sews
e)/tos,neuter,,e)/tous
*gw/g,masculine,,*gw/g
*magw/g,masculine,,*magw/g
pla/tos,neuter,,pla/tous
foneu/s,masculine,,fone/ws
po/rnos,masculine,,po/rnou
ei)dwlola/trhs,masculine,,ei)dwlola/trou
fwsth/r,masculine,,fwsth/ros
borra=s,masculine,3,
dusmh/,feminine,,dusmh=s
ph=xus,masculine,,ph/xeos
u(/alos,masculine,,u(a/lou
dih/ghsis,feminine,,dihgh/sews
au)to/pths,masculine,,au)to/ptou
u(phre/ths,masculine,,u(phre/tou
*qeo/filos,masculine,,*qeofi/lou
a)sfa/leia,feminine,,a)sfalei/as
*)abia/,masculine,3,
*)elisa/bet,feminine,,*)elisa/bet
e)/qos,neuter,,e)/qous
si/kera,neuter,2,
o)ptasi/a,feminine,,o)ptasi/as
o)/neidos,neuter,,o)nei/dou
*maria/m,feminine,,*maria/m
gh=ras,neuter,3,gh/rws
pinaki/dion,neuter,,pinakidi/ou
o(sio/ths,feminine,3,o(sio/thtos
a)/fesis,feminine,,a)fe/sews
spla/gxnon,neuter,,spla/gxnou
do/gma,neuter,3,do/gmatos
kata/luma,neuter,3,katalu/matos
*(ieroso/luma,neuter,2,*(ierosolu/mwn
zeu=gos,neuter,,zeu/gous
trugw/n,feminine,,trugo/nos
nosso/s,masculine,,nossou=
peristera/,feminine,,peristera=s
goneu/s,masculine,,gone/ws
a)gka/lh,feminine,,a)gka/lhs
pa/sxa,neuter,3,
sunodi/a,feminine,,sunodi/as
dida/skalos,masculine,,didaska/lou
a)po/krisis,feminine,,a)pokri/sews
tri/bos,feminine,,tri/bou
bouno/s,masculine,,bounou=
ge/nnhma,neuter,3,gennh/matos
e)/xidna,feminine,,e)xi/dnas
telw/nhs,masculine,,telw/nou
o)yw/nion,neuter,,o)qwni/ou
i(ma/s,masculine,3,i(ma/ntos
ptu/on,neuter,2,
a)poqh/kh,feminine,,a)poqh/khs
*)iwda/,masculine,3,
*(rhsa/,masculine,3,
*melea/,masculine,3,
*menna/,masculine,3,
*mattaqa/,masculine,3,
*sala/,masculine,3,
*qa/ra,masculine,3,
*maqousala/,masculine,3,
stigmh/,feminine,,stigmh=s
*nazara/,feminine,3,*nazara/
ai)xma/lwtos,masculine,,ai)xmalw/tou
a)na/bleyis,feminine,,a)nable/yews
*kafarnaou/m,feminine,,*kafarnaou/m
patri/s,feminine,,patri/dos
*sa/repta,neuter,3,*sa/repta
h)=xos,masculine,3,
pureto/s,masculine,,puretou=
a(lieu/s,masculine,,a(lie/ws
a)/gra,feminine,,a)/gras
e)pista/ths,masculine,,e)pista/tou
go/nu,neuter,,go/natos
koinwno/s,masculine,,koinwnou=
nomodida/skalos,masculine,,nomodidaska/lou
klini/dion,neuter,,klinidi/ou
grammateu/s,masculine,,grammate/ws
telw/nion,neuter,,telwni/ou
doxh/,feminine,,doxh=s
e)pi/blhma,neuter,3,e)piblh/matos
sta/xus,masculine,,sta/xuos
*barqolomai=os,masculine,,*barqolomai/ou
*maqqai=os,masculine,,*maqqai/ou
*qwma=s,masculine,1,*qwma=
*zhlwth/s,masculine,,*zhlw/tou
*)iskariw/q,masculine,,*)iskariw/q
prodo/ths,masculine,,prodo/tou
ka/rfos,neuter,,ka/rfou
doko/s,feminine,,dokou=
u(pokrith/s,masculine,,u(pokritou=
ste/gh,feminine,,ste/ghs
stratiw/ths,masculine,,stratiw/tou
*nai/+n,feminine,,*nai/+n
neani/skos,masculine,,neani/skou
a)la/bastron,neuter,,a)laba/strou
xreofeile/ths,masculine,,xreofeile/tou
danisth/s,masculine,,danistou=
fi/lhma,neuter,3,filh/matos
*magdalhnh/,feminine,,*magdalhnh=s
*xouza=s,masculine,3,
i)kma/s,feminine,3,i)kma/dos
pe/dh,feminine,,pe/dhs
desmo/n,neuter,,desmou=
legiw/n,feminine,,legiw/nos
xoi=ros,masculine,,xoi/rou
*bhqsai+da/,feminine,3,
e)pisitismo/s,masculine,,e)pisitismou=
klisi/a,feminine,,klisi/as
kla/sma,neuter,3,kla/smatos
ko/finos,masculine,,kofi/nou
*samari/ths,masculine,,*samari/tou
a)lw/phc,feminine,,a)lw/pekos
fwleo/s,masculine,,fwleou=
kataskh/nwsis,feminine,,kataskhnw/sews
a)rh/n,masculine,,a)rno/s
lu/kos,masculine,,lu/kou
*xorazi/n,feminine,,*xorazi/n
lh|sth/s,masculine,,lh|stou=
sugkuri/a,feminine,,sugkuri/as
*leui/ths,masculine,,*leui/tou
trau=ma,neuter,3,trau/matos
pandoxei=on,neuter,,pandoxei/ou
pandoxeu/s,masculine,,pandoxe/ws
a)nai/deia,feminine,,a)naidei/as
w)|o/n,neuter,,w)|ou=
do/ma,neuter,3,do/matos
*beelzebou/l,masculine,,*beelzebou/l
diano/hma,neuter,3,dianoh/matos
sku=lon,neuter,2,sku/ou
*)iwna=s,masculine,3,
*nineui/ths,masculine,,*nineui/tou
pe/ras,neuter,3,pe/ratos
kru/pth,feminine,,kru/pths
mo/dios,masculine,,modi/ou
fe/ggos,neuter,,fe/ggous
e)lehmosu/nh,feminine,,e)lehmosu/nhs
h(du/osmon,neuter,,h(duo/smou
ph/ganon,neuter,,phga/nou
la/xanon,neuter,,laxa/nou
prwtokaqedri/a,feminine,,prwtokaqedri/as
tamei=on,neuter,,tamei/ou
meristh/s,masculine,,meristou=
ko/rac,masculine,,ko/rakos
kli/banos,masculine,,kliba/nou
oi)kono/mos,masculine,,oi)kono/mou
sitome/trion,neuter,,sitometri/ou
diamerismo/s,masculine,,diamerismou=
pra/ktwr,masculine,,pra/ktoros
o)feile/ths,masculine,,o)feile/tou
a)mpelourgo/s,masculine,,a)mpelourgou=
ko/prion,neuter,,kopri/ou
bou=s,masculine,,boo/s
ko/kkos,masculine,,ko/kkou
kla/dos,masculine,,kla/dou
sa/ton,neuter,,sa/tou
tro/pos,masculine,,tro/pou
nossia/,feminine,,nossia/s
prwtoklisi/a,feminine,,prwtoklisi/as
gei/twn,masculine,,gei/tonos
a)ntapo/doma,neuter,3,a)ntapodo/matos
r(u/mh,feminine,,r(u/mhs
dapa/nh,feminine,,dapa/nhs
a)partismo/s,masculine,,a)partismou=
presbei/a,feminine,,presbei/as
a(/las,neuter,3,a(/latos
draxmh/,feminine,,draxmh=s
gei/twn,feminine,,gei/tonos
limo/s,feminine,,limou=
poli/ths,masculine,,poli/tou
kera/tion,neuter,,kerati/ou
xoro/s,masculine,,xorou=
e)/rifos,masculine,,e)ri/fou
mamwna=s,masculine,3,
kerai/a,feminine,,kerai/as
*la/zaros,masculine,,*laza/rou
suka/minos,feminine,,sukami/nou
xrh=ma,neuter,3,xrh/matos
ai)=nos,masculine,,ai)/nou
*zakxai=os,masculine,,*zakxai/ou
sukomore/a,feminine,,sukomore/as
souda/rion,neuter,,soudari/ou
*bhqfagh/,feminine,,*bhqfagh=s
pw=los,masculine,,pw/lou
kata/basis,feminine,,kataba/sews
xa/rac,masculine,,xa/rakos
gewrgo/s,masculine,,gewrgou=
klhrono/mos,masculine,,klhrono/mou
e)pigrafh/,feminine,,e)pigrafh=s
*saddoukai=os,masculine,,*saddoukai/ou
u(popo/dion,neuter,,u(popodi/ou
pro/fasis,feminine,,profa/sews
a)na/qema,neuter,3,a)naqe/matos
loimo/s,masculine,,loimou=
fo/bhtron,neuter,,fobh/trou
strato/pedon,neuter,,stratope/dou
a)/stron,neuter,,a)/strou
a)pori/a,feminine,,a)pori/as
kraipa/lh,feminine,,kraipa/lhs
strathgo/s,masculine,,stratghou=
eu)kairi/a,feminine,,eu)kairi/as
a)na/gaion,neuter,,a)nagai/ou
a)na/mnhsis,feminine,,a)namnh/sews
eu)erge/ths,masculine,,eu)erge/tou
a)le/ktwr,masculine,,a)le/ktoros
bolh/,feminine,,bolh=s
a)gwni/a,feminine,,a)gwni/as
qro/mbos,masculine,,qro/mbou
e)sqh/s,feminine,3,e)sqh/tos
*barabba=s,masculine,3,*barabba=
ai)/thma,neuter,3,ai)th/matos
qewri/a,feminine,,qewri/as
sindw/n,feminine,,sindo/nos
a)/rwma,neuter,3,a)rw/matos
o)qo/nion,neuter,,o)qoni/ou
*kleopa=s,masculine,3,
kla/sis,feminine,,kla/sews
o)ste/on,neuter,,o)ste/ou
*swsqe/nhs,masculine,,*swsqe/nou
*ko/rinqos,feminine,,*kori/nqou
sxi/sma,neuter,3,sxi/smatos
*khfa=s,masculine,3,
*kri/spos,masculine,,*kri/spou
*ga/i+os,masculine,,*gai/+ou
*stefana=s,masculine,3,
u(peroxh/,feminine,,u(peroxh=s
a)po/deicis,feminine,,a)podei/cews
dia/konos,masculine,,diako/nou
e)/painos,masculine,,e)pai/nou
qe/atron,neuter,,qea/trou
perika/qarma,neuter,3,perkaqa/rmatos
paidagwgo/s,masculine,,paidagwgou=
mimhth/s,masculine,,mimhtou=
pleone/kths,masculine,,pleone/ktou
e)ntroph/,feminine,,e)ntroph=s
a)rsenokoi/ths,masculine,,a)rsenokoi/tou
me/los,neuter,,me/lous
o)feilh/,feminine,,o)feilh=s
suggnw/mh,feminine,,suggnw/mhs
a)/gamos,masculine,,a)ga/mou
a)/gamos,feminine,,a)ga/mou
th/rhsis,feminine,,thrh/sews
lu/sis,feminine,,lu/sews
sxh=ma,neuter,3,sxh/matos
bro/xos,masculine,,bro/xou
sunh/qeia,feminine,,sunhqei/as
ei)dwlei=on,neuter,,ei)dwlei/ou
kre/as,neuter,3,kre/ws
*barnaba=s,masculine,3,
e)gkoph/,feminine,,e)gkoph=s
sta/dion,neuter,,stadi/ou
brabei=on,neuter,,brabei/ou
po/ma,neuter,3,po/matos
tu/pos,masculine,,tu/pou
e)piqumhth/s,masculine,,e)piqumhtou=
nouqesi/a,feminine,,nouqesi/as
e)/kbasis,feminine,,e)kba/sews
ma/kellon,neuter,,make/llou
para/dosis,feminine,,parado/sews
diai/resis,feminine,,diaire/sews
e)ne/rghma,neuter,3,e)nergh/matos
fane/rwsis,feminine,,fanerw/sews
i)/ama,neuter,3,i)a/matos
dia/krisis,feminine,,diakri/sews
e(rmhnei/a,feminine,,e(rmhnei/as
eu)sxhmosu/nh,feminine,,eu)sxhmosu/nhs
a)nti/lhmyis,feminine,,a)ntilh/myews
u(perbolh/,feminine,,u(perbolh=s
ai)/nigma,neuter,3,ai)ni/gmatos
paramuqi/a,feminine,,paramuqi/as
diastolh/,feminine,,diastolh=s
fqo/ggos,masculine,,fqo/ggou
zhlwth/s,masculine,,zhlwtou=
frh/n,feminine,,freno/s
xei=los,neuter,,xei/lous
e)/ktrwma,neuter,3,e)ktrw/matos
yeudo/martus,masculine,,yeudoma/rturos
ta/gma,neuter,3,ta/gmatos
h)=qos,neuter,,h)/qous
a)gnwsi/a,feminine,,a)gnwsi/as
a)fqarsi/a,feminine,,a)fqarsi/as
r(iph/,feminine,,r(iph=s
a)qanasi/a,feminine,,a)qanasi/as
ni=kos,neuter,,ni/kous
pa/rodos,feminine,,paro/dou
*)aku/las,masculine,,*)aku/lou
*pri/ska,feminine,,*pri/skou
mara/na,masculine,3,
dw/rhma,neuter,3,
a)poski/asma,neuter,3,
r(upari/a,feminine,,r(upari/as
perissei/a,feminine,,perissei/as
poihth/s,masculine,,poihtou=
proswpolhmyi/a,feminine,,proswpolhmyi/as
paraba/ths,masculine,,paraba/tou
kath/feia,feminine,,kath/feias
a)tmi/s,feminine,,a)tmi/dos
*sabaw/q,masculine,,*sabaw/q
u(po/deigma,neuter,3,u(podei/gmatos
mnei/a,feminine,,mnei/as
*fi/lippoi,masculine,,*fili/ppwn
sumfule/ths,masculine,,sumfule/tou
*)aqh=nai,feminine,1,*)aqhnw=n
pa/qos,neuter,,pa/qous
ke/leusma,neuter,3,keleu/smatos
a)pa/nthsis,feminine,,a)panth/sews
w)di/n,feminine,,w)di/nos
perikefalai/a,feminine,,perikefalai/as
r(abbi/,masculine,,r(abbi/
*messi/as,masculine,,*messi/ou
*naqanah/l,masculine,,*naqanah/l
*)israhli/ths,masculine,,*)israhli/tou
metrhth/s,masculine,,metrhtou=
a)rxitri/klinos,masculine,,a)rxitrikli/nou
kermatisth/s,masculine,,kermatistou=
frage/llion,neuter,,fragelli/ou
sxoini/on,neuter,,sxoini/ou
kollubisth/s,masculine,,kollubistou=
ke/rma,neuter,3,ke/rmatos
*ai)nw/n,feminine,,*ai)nw/n
*suxa/r,feminine,,*suxa/r
a)/ntlhma,neuter,3,a)ntlh/matos
qre/mma,neuter,3,qre/mmatos
proskunhth/s,masculine,,proskunhtou=
te/ras,neuter,3,te/ratos
stoa/,feminine,,stoa=s
paida/rion,neuter,2,
o)ya/rion,neuter,,o)yari/ou
ploia/rion,neuter,,ploiari/ou
po/sis,feminine,,po/sews
*(ierosolumi/ths,masculine,,*(ierosolumi/tou
yeu/sths,masculine,,yeu/stou
prosai/ths,masculine,1,
qurwro/s,masculine,,qurwrou=
e)gkai/nia,neuter,2,e)gkaini/wn
summaqhth/s,masculine,,summaqhtou=
keiri/a,feminine,,keiri/ou
*)efrai/m,masculine,,*)efrai/m
li/tra,feminine,,li/tras
glwsso/komon,neuter,,glwssoko/mou
ba/i+on,neuter,,bai/+ou
u(pa/nthsis,feminine,,u(panth/sews
o)na/rion,neuter,,o)nari/ou
le/ntion,neuter,,le/ntiou
nipth/r,masculine,,nipth/ros
ywmi/on,neuter,,ywmi/ou
tekni/on,neuter,,tekn/iou
monh/,feminine,,monh=s
para/klhtos,masculine,,paraklh/tou
klh=ma,neuter,3,klh/matos
fano/s,masculine,,fa/nou
w)ta/rion,neuter,,w)tari/ou
qurwro/s,feminine,,qurwrou=
yu=xos,neuter,,yu/xous
r(a/pisma,neuter,3,r(api/smatos
praitw/rion,neuter,,praitwri/ou
kathgori/a,feminine,,kathgori/as
*gabbaqa,neuter,3,*gabbaqa
*golgoqa=,feminine,3,*golgoqa=
ti/tlos,masculine,,ti/tlou
*klwpa=s,masculine,3,
spo/ggos,masculine,,spo/ggou
ske/los,neuter,,ske/lous
lo/gxh,feminine,,lo/gxhs
mi/gma,neuter,3,mi/gmatos
rabbouni,masculine,,
h(=los,masculine,,h(/lou
ai)gialo/s,masculine,,ai)gialou=
prosfa/gion,neuter,,prosfagi/ou
e)pendu/ths,masculine,,e)pendu/tou
poi/hma,neuter,3,poih/matos
xrh=sis,feminine,,xrh/sews
a)ntimisqi/a,feminine,,a)ntimisqi/as
yiquristh/s,masculine,,yiquristou=
a)lazw/n,masculine,,a)lazo/nos
e)feureth/s,masculine,,e)feuretou=
sklhro/ths,feminine,,sklhro/tou
stenoxwri/a,feminine,,stenoxwri/as
paideuth/s,masculine,,paideutou=
mo/rfwsis,feminine,,morfw/sews
lo/gion,neuter,,logi/ou
yeu=sma,neuter,3,yeu/smatos
a)spi/s,feminine,,a)spi/dos
su/ntrimma,neuter,3,
e)/ndeicis,feminine,,e)ndei/cews
pa/resis,feminine,,pare/sews
propa/twr,masculine,,propa/toros
o)fei/lhma,neuter,3,o)feilh/matos
makarismo/s,masculine,,makarismou=
i)/xnos,neuter,,i)/xnous
ne/krwsis,feminine,,nekrw/sews
dikai/wsis,feminine,,dikaiw/sews
prosagwgh/,feminine,,prosagwgh=s
kata/krima,neuter,3,katakri/matos
kaino/ths,feminine,3,kaino/thtos
pa/qhma,neuter,3,paqh/matos
palaio/ths,feminine,3,palaio/thtos
fro/nhma,neuter,3,
abba,masculine,3,
a)pokaradoki/a,feminine,,a)pokaradoki/as
ki/ndunos,masculine,,kindu/nou
u(/ywma,neuter,3,u(yw/matos
*)hsau=,masculine,,*)hsau=
*(wshe/,masculine,,*(wshe/
u(po/leimma,neuter,3,
lei=mma,neuter,3,
qh/ra,feminine,,qh/ras
a)potomi/a,feminine,,a)potomi/as
kallie/laios,feminine,,kallielai/ou
pw/rwsis,feminine,,pwrw/sews
a)nalogi/a,feminine,,a)nalogi/as
i(laro/ths,feminine,3,i(laro/thtos
diatagh/,feminine,,diatagh=s
leitourgo/s,masculine,,leitourgou=
kw=mos,masculine,,kw/mou
a)se/lgeia,feminine,,a)selgei/as=
a)sqe/nhma,neuter,3,a)sqenh/matos
kli/ma,neuter,3,kli/matos
e)pipoqi/a,feminine,,e)pipoqi/as
*foi/bh,feminine,,*foi/bhs
dia/konos,feminine,,diako/nou
*kegxreai/,feminine,1,*kegxrew=n
*)epai/netos,masculine,,*)epaine/tou
*)andro/nikos,masculine,,*)andronik/ou
*)iouni/a,feminine,,*)iouni/as
sunaixma/lwtos,masculine,,sunaixmalw/tou
*)amplia=tos,masculine,,*)amplia/tou
*ou)rbano/s,masculine,,*ou)rbanou=
*sta/xus,masculine,,*sta/xuos
*)apellh=s,masculine,,*)apellou=
*(hrw|di/wn,masculine,,*(hrw|diw/nos
*tru/faina,feminine,,*trufai/nas
*trufw=sa,feminine,,*trufw/sas
*persi/s,feminine,,*persi/dos
*)asu/gkritos,masculine,,*)asugkri/tou
*fle/gwn,masculine,,*fle/gontos
*(ermh=s,masculine,,*(ermou=
*patroba=s,masculine,3,*patroba=
*(erma=s,masculine,3,*(erma=
*filo/logos,masculine,,*filolo/gou
*)iouli/a,feminine,,*)iouli/as
*nhreu/s,masculine,,*nhre/ws
*)olumpa=s,masculine,3,*)olumpa=
dixostasi/a,feminine,,dixostasi/as
*swsi/patros,masculine,2,
*te/rtios,masculine,2,
*)/erastos,masculine,,*)era/stou
e)/ndeigma,neuter,3,
a)/nesis,feminine,,a)ne/sews
a)postasi/a,feminine,,a)postasi/as
se/basma,neuter,3,seba/smatos
e)pi/skopos,masculine,,e)pisko/pou
bebai/wsis,feminine,,bebaiw/sews
prokoph/,feminine,,prokoph=s
kenodoci/a,feminine,,kenodoci/as
a(rpagmo/s,masculine,,a(rpagmou=
a)pousi/a,feminine,,a)pousi/as
sustratiw/ths,masculine,,sustratiw/tou
katatomh/,feminine,,katatomh=s
pepoi/qhsis,feminine,,pepoiqh/sews
*(ebrai=os,masculine,,*(ebrai/ou
zh=los,neuter,3,zh/lous
sku/balon,neuter,,skuba/lou
e)cana/stasis,feminine,,e)xanasta/sews
summimhth/s,masculine,,summimhtou=
poli/teuma,neuter,3,
*eu)odi/a,feminine,,*eu)odi/as
*suntu/xh,feminine,,*suntu/xhs
no/hma,neuter,3,noh/matos
*filipph/sios,masculine,,*filipphsi/ou
de/smios,masculine,,desmi/ou
*filh/mwn,masculine,,*filh/monos
*)apfi/a,feminine,,*)apfi/as
*)/arxippos,masculine,,*)arxi/ppou
*)onh/simos,masculine,,*)onhsi/mou
ceni/a,feminine,,ceni/as
*)epafra=s,masculine,3,
*dhma=s,masculine,3,
*louka=s,masculine,3,
tekmh/rion,neuter,,tekmhri/ou
u(perw=|on,neuter,,u(perw/|ou
dia/lektos,feminine,,diale/ktou
*(akeldama/x,neuter,,*(akeldama/x
*barsabba=s,masculine,3,*barsabba=
*maqqi/as,masculine,1,*maqqi/ou
kardiognw/sths,masculine,,kardiognw/stou
*pa/rqos,masculine,,*pa/rqou
*mh=dos,masculine,,*mh/dou
*)elami/ths,masculine,,*)elami/tou
*frugi/a,feminine,,*frugi/as
*kurh/nh,feminine,,*kurh/nhs
prosh/lutos,masculine,,proshlu/tou
*krh/s,masculine,3,*krhto/s
*)/aray,masculine,,*)/arabos
e)nu/pnion,neuter,,e)nupni/ou
pro/gnwsis,feminine,,prognw/sews
diafqora/,feminine,,diafqora=s
kth=ma,neuter,3,kth/matos
u(/parcis,feminine,,u(pa/rcews
a)felo/ths,feminine,3,a)felo/thtos
ba/sis,feminine,,ba/sews
sfudro/n,neuter,,sfudrou=
a)rxhgo/s,masculine,,a)rxhgou=
o(loklhri/a,feminine,,o(loklhri/as
oi)kodo/mos,masculine,,oi)kodo/mou
kth/twr,masculine,,kth/toros
*ku/prios,masculine,,*kupri/ou
*(anani/as,masculine,,*(anani/ou
*sa/pfira,feminine,,*sapfi/rhs
dia/sthma,neuter,3,
*stoa/,feminine,,*stoa=s
klina/rion,neuter,,klinari/ou
gerousi/a,feminine,,gerousi/as
fu/lac,masculine,,fu/lakos
*qeuda=s,masculine,3,
*(ellhnisth/s,masculine,,*(ellhnistou=
*pro/xoros,masculine,,*proxo/rou
*ti/mwn,masculine,,*ti/mwnos
*parmena=s,masculine,,*parmena=
*niko/laos,masculine,,*nikola/ou
*)antioxeu/s,masculine,,*)antioxe/ws
*liberti=nos,masculine,,*liberti/nou
*)alecandreu/s,masculine,,*)alecandre/ws
*xarra/n,feminine,,*xarra/n
kata/sxesis,feminine,,katasxe/sews
xo/rtasma,neuter,3,xorta/smatos
siti/on,neuter,,siti/ou
*suxe/m,feminine,,*suxe/m
*sina=,neuter,3,
lutrwth/s,masculine,,lutrwtou=
*qa/lassa,feminine,,*qala/sshs
sfa/gion,neuter,,sfagi/ou
a)nai/resis,feminine,,a)naire/sews
magei/a,feminine,,magei/as
su/ndesmos,masculine,,sunde/smou
*ga/za,feminine,,*ga/zas
*ai)qi/oy,masculine,,*ai)qi/opos
eu)nou=xos,masculine,,eu)nou/xou
*saou/l,masculine,,*saou/l
*tarseu/s,masculine,,*tarse/ws
lepi/s,feminine,,lepi/dos
spuri/s,feminine,,spuri/dos
*tarso/s,feminine,,*ta/rsou
*ai)ne/as,masculine,,*ai)ne/ou
*sarw/n,masculine,,*sarw/nos
*tabiqa/,feminine,,*tabiqa/
*dorka/s,feminine,3,
mnhmo/sunon,neuter,,mnhmosu/nou
o)qo/nh,feminine,,o)qo/nhs
*xristiano/s,masculine,,*xristianou=
tetra/dion,neuter,,tetradi/ou
oi)/khma,neuter,3,oi)kh/matos
sanda/lion,neuter,,sandali/ou
*tu/rios,masculine,,*turi/ou
*bla/stos,masculine,,*bla/stou
*salami/s,feminine,,*salami/nos
ma/gos,masculine,,ma/gou
*se/rgios,masculine,,*sergi/ou
*)elu/mas,masculine,3,
xeiragwgo/s,masculine,,xeiragwgou=
a)na/gnwsis,feminine,,a)nagnw/sews
katafronhth/s,masculine,,katafronhtou=
*lu/stra,feminine,,*lu/stras
*de/rbh,feminine,,*de/rbhs
*lu/stra,neuter,,
ste/mma,neuter,3,ste/mmatos
*pisidi/a,feminine,,*pisidi/as
*)atta/leia,feminine,,*)attalei/as
e)pistrofh/,feminine,,e)pistrofh=s
a)li/sghma,neuter,3,a)lisgh/matos
*sila=s,masculine,3,*sila=
parocusmo/s,masculine,,parocusmou=
*musi/a,feminine,,*musi/as
*samoqra/|kh,feminine,,*samoqra/|khs
*po/lis,feminine,,*po/lews
*ludi/a,feminine,,*ludi/as
pu/qwn,masculine,,puqw/nos
desmofu/lac,masculine,,desmofu/lakos
qeme/lion,neuter,,qemeli/ou
r(abdou=xos,masculine,,r(abdou/xou
*)amfi/polis,feminine,,*)amfipo/lews
*)apollwni/a,feminine,,*)apollwni/as
polita/rxhs,masculine,,polita/rxou
*be/roia,feminine,,*beroi/as
*(ellhni/s,feminine,,*(ellhni/dos
*)epikou/reios,masculine,,*)epikourei/ou
filo/sofos,masculine,,filoso/fou
o(roqesi/a,feminine,,o(roqesi/as
*pri/skilla,feminine,,*priski/llas
skhnopoio/s,masculine,,skhnopoiou=
*kori/nqios,masculine,,*korinqi/ou
simiki/nqion,neuter,,simikinqi/ou
e)corkisth/s,masculine,,e)corkistou=
*skeua=s,masculine,3,
eu)pori/a,feminine,1,
a)pelegmo/s,masculine,,a)pelegmou=
sune/kdhmos,masculine,,sunekdh/mou
*)asia/rxhs,masculine,,*)asia/rxou
newko/ros,masculine,,newko/rou
*(ella/s,feminine,3,*(ella/dos
*)asiano/s,masculine,,*)asianou=
*tuxiko/s,masculine,,*tuxikou=
*tro/fimos,masculine,,*trofi/mou
*)=assos,feminine,,*)/assou
*mitulh/nh,feminine,,*mitulh/nhs
a)/ficis,feminine,,a)fi/cews
trieti/a,feminine,,trieti/as
*kw/s,feminine,,*kw=
*pa/tara,neuter,,*pata/ras
*ptolemai/+s,feminine,,*ptolemai/+dos
*mna/swn,masculine,,*mna/swnos
e)kplh/rwsis,feminine,,e)kplhrw/sews
a)nabaqmo/s,masculine,,a)nabaqmou=
sika/rios,masculine,,sikari/ou
e)/dafos,neuter,,e)da/fous
sunwmosi/a,feminine,,sunwmosi/as
e)ne/dra,feminine,,e)ne/dras
deciola/bos,masculine,,deciola/bou
*lusi/as,masculine,1,
kath/goros,masculine,,kathgo/rou
*)antipatri/s,feminine,,*)antipatri/dos
dio/rqwma,neuter,3,diorqw/matos
prwtosta/ths,masculine,,prwtosta/tou
e)pi/stasis,feminine,,e)pista/sews
*drou/silla,feminine,,*drousi/llhs
dia/doxos,masculine,,diado/xou
*po/rkios,masculine,,*porki/ou
ai)ti/wma,neuter,3,ai)tiw/matos
*)agri/ppas,masculine,3,
katadi/kh,feminine,,katadi/khs
a)nabolh/,feminine,,a)nabolh=s
dia/gnwsis,feminine,,diagnw/sews
a)kroath/rion,neuter,,a)kroathri/ou
e)coxh/,feminine,,e)coxh=s
gnw/sths,masculine,,gnw/stou
bi/wsis,feminine,,biw/sews
e)kte/neia,feminine,,e)ktenei/as
lampro/ths,feminine,3,lampro/thtos
*)iou/lios,masculine,,*)iouli/ou
pe/lagos,neuter,,pela/gous
*mu/ra,neuter,2,*mu/rwn
*kni/dos,feminine,,*kni/dou
*salmw/nh,feminine,,*salmw/nhs
*limh/n,masculine,,*lime/nos
nau/klhros,masculine,,nauklh/rou
paraxeimasi/a,feminine,,paraxeimasi/as
*foi=nic,masculine,,*foi/nikos
li/y,masculine,,libo/s
xw=ros,masculine,,xw/rou
nhsi/on,neuter,,nhsi/ou
*kau=da,neuter,3,*kau=da
*su/rtis,feminine,,*su/rtews
e)kbolh/,feminine,,e)kbolh=s
skeuh/,feminine,,skeuh=s
*)adri/as,masculine,,*)adri/ou
o)rguia/,feminine,,o)rguia/s
a)/gkura,feminine,,a)gku/ras
zeukthri/a,feminine,,zeukthri/as
a)rte/mwn,masculine,,a)rte/mwnos
sani/s,feminine,,sani/dos
filanqrwpi/a,feminine,,filanqrwpi/as
pura/,feminine,,pura/s
fru/ganon,neuter,,fruga/nou
dusente/rion,neuter,,dusenteri/ou
*dio/skouroi,masculine,2,*dioskourw=n
*sura/kousai,feminine,1,*surakousw=n
*(rh/gion,neuter,,*(rhgi/ou
*poti/oloi,masculine,2,*potiolw=n
*tabe/rnh,feminine,,*tabe/rnhs
qa/rsos,neuter,,qa/rsous
mi/sqwma,neuter,3,misqw/matos
kwmo/polis,feminine,,kwmopo/lews
*(hrw|dianoi/,masculine,2,*(hrw|dianw=n
*boanhrge/s,masculine,,*boanhrge/s
*qaddai=os,masculine,,*qaddai/ou
*kananai=os,masculine,,*kananai/ou
ku=ma,neuter,3,ku/matos
proskefa/laion,neuter,,proskefalai/ou
katoi/khsis,feminine,,katoikh/sews
legiw/n,masculine,,legiw/nos
taliqa,feminine,3,
gene/sia,neuter,2,genesiw=n
spekoula/twr,masculine,,spekoula/toros
sumpo/sion,neuter,,sumposi/ou
prasia/,feminine,,prasia=s
*bhqsai+da/n,feminine,,*bhqsai+da/n
fa/ntasma,neuter,3,
pugmh/,feminine,,pugmh=s
baptismo/s,masculine,,baptismou=
ce/sths,masculine,,ce/stou
xalki/on,neuter,,xalki/ou
e)/ntalma,neuter,3,e)nta/lmatos
a)fedrw/n,masculine,,a)fedrw/nos
moixei/a,feminine,,moixei/as
kuna/rion,neuter,,kunari/ou
yixi/on,neuter,2,yixi/ou
i)xqu/dion,neuter,,i)xqudi/ou
o)/mma,neuter,,o)/mmatos
a)nta/llagma,neuter,3,a)ntalla/gmatos
sklhrokardi/a,feminine,,sklhrokardi/as
stiba/s,feminine,3,stiba/dos
u(polh/nion,neuter,,u(polhni/ou
o(lokau/twma,neuter,3,o(lokautw/matos
kodra/nths,masculine,,kodra/ntou
yeudo/xristos,masculine,,yeudoxri/stou
a)la/bastros,feminine,,a)laba/strou
tru/blion,neuter,,trubli/ou
*geqshmani/,neuter,,*geqshmani/
su/sshmon,neuter,,sussh/mou
proau/lion,neuter,,proauli/ou
stasiasth/s,masculine,,stasiastou=
e)lwi/+,masculine,,e)lwi/+
prosa/bbaton,neuter,2,prosabba/tou
sunhlikiw/ths,masculine,,sunhlikiw/tou
yeuda/delfos,masculine,,yeudae/lfou
u(potagh/,feminine,,u(potagh=s
*gala/ths,masculine,,*gala/tou
stoixei=on,neuter,,stoixei/ou
sti/gma,neuter,3,sti/gmatos
a)rrabw/n,masculine,,a)rrabw=na
meso/toixon,neuter,,mesotoi/xou
sumpoli/ths,masculine,,sumpoli/tou
e(no/ths,feminine,3,e(no/thtos
katartismo/s,masculine,,katartismou=
kubei/a,feminine,,kubei/as
meqodei/a,feminine,,meqodei/as
au)/chsis,feminine,,au)ch/sews
parorgismo/s,masculine,,parorgismou=
ai)sxro/ths,feminine,3,
u(/mnos,masculine,,u(/mnou
spi/los,masculine,,spi/lou
r(uti/s,feminine,,r(uti/dos
o)fqalmodouli/a,feminine,,o)fqalmodouli/as
kosmokra/twr,masculine,,kosmokra/toros
be/los,neuter,,be/lous
proskarte/rhsis,feminine,,proskarterh/sews
a)/noicis,feminine,,a)noi/cews
katalalia/,feminine,,katalalia=s
i(era/teuma,neuter,3,i(erateu/matos
kakopoio/s,masculine,,kokopoiou=
a)gaqopoio/s,masculine,,a)gaqopoiou=
e)pika/lumma,neuter,3,e)pikalu/mmatos
a)delfo/ths,feminine,3,a)delfo/thtos
u(pogrammo/s,masculine,,u(pogrammou=
pto/hsis,feminine,,ptoh/sews
e)perw/thma,neuter,3,
e)/nnoia,feminine,,e)nnoi/as
oi)noflugi/a,feminine,,oi)noflugi/as
po/tos,masculine,,po/tou
a)na/xusis,feminine,,a)naxu/sews
kti/sths,masculine,,kti/stou
a)gaqopoii/+a,feminine,,a)gaqopoii/+as
u(po/mnhsis,feminine,,u(pomnh/sews
ma/mmh,feminine,,ma/mmhs
*lwi/+s,feminine,,*lwi/+dos
*eu)ni/kh,feminine,,*eu)ni/khs
paraqh/kh,feminine,,paraqh/khs
u(potu/pwsis,feminine,,u(potupw/sews
katastrofh/,feminine,,katastrofh=s
kenofwni/a,feminine,,kenofwni/as
gunaika/rion,neuter,,gunaikari/ou
a)gwgh/,feminine,,a)gwgh=s
go/hs,masculine,3,go/htos
e)pano/rqwsis,feminine,,e)panorqw/sews
mu=qos,masculine,,mu/qou
*dalmati/a,feminine,,*dalmati/as
failo/nhs,masculine,,failo/nou
*ka/rpos,masculine,,*ka/rpou
membra/na,feminine,,membra/nas
plh/kths,masculine,,plh/ktou
frenapa/ths,masculine,,frenapa/tou
presbu=tis,feminine,,presbu/tidos
kata/sthma,neuter,3,katasth/matos
a)fqori/a,feminine,,a)fqori/as
genealogi/a,feminine,,genealogi/as
*)artema=s,masculine,3,*)artema=
*niko/polis,feminine,,*nikopo/lews
*zhna=s,masculine,3,*zhna=
oi)khth/rion,neuter,,oi)khthri/ou
dei=gma,neuter,3,dei/gmatos
spila/s,feminine,3,spila/dos
goggusth/s,masculine,,goggustou=
e)mpai/kths,masculine,,e)mpai/ktou
xri=sma,neuter,3,xri/smatos
kuri/a,feminine,,kuri/as
e)kzh/thsis,feminine,,e)kzhth/sews
mataiologi/a,feminine,,mataiologi/as
patrolw/|as,masculine,,patrolw/|ou
mhtrolw/|as,masculine,,mhtrolw/|ou
a)ndrofo/nos,masculine,,a)ndrofo/nou
a)ndrapodisth/s,masculine,,a)ndrapodistou=
diw/kths,masculine,,diw/ktou
a)nti/lutron,neuter,,a)ntilu/trou
katastolh/,feminine,,katastolh=s
ple/gma,neuter,3,ple/gmatos
qeose/beia,feminine,,qeosebei/as
*eu(/a,feminine,,*eu(/as
baqmo/s,masculine,,baqmou=
e(drai/wma,neuter,3,
meta/lhmyis,feminine,,metalh/myews
a)moibh/,feminine,,a)moibh=s
pro/sklisis,feminine,,prokli/sews
sto/maxos,masculine,,stoma/xou
logomaxi/a,feminine,,logomaxi/as
u(po/noia,feminine,,u(ponoi/as
diaparatribh/,feminine,,diaparatribh=s
diatrofh/,feminine,,diatrofh=s
ske/pasma,neuter,3,skepa/smatos
prau+paqi/a,feminine,,paru+paqi/as
a)dhlo/ths,feminine,3,a)dhlo/thtos
a)po/lausis,feminine,,a)polau/sews
a)nti/qesis,feminine,,a)ntiqe/sews
*za/ra,masculine,3,*za/ra
*)ara/m,masculine,,*)ara/m
*salmw/n,masculine,,*salmw/n
*bo/es,masculine,,*bo/es
*)iwbh/d,masculine,,*)iwbh/d
*(roboa/m,masculine,,*(roboa/m
*)asa/f,masculine,,*)asa/f
*)iwsafa/t,masculine,,*)iwsafa/t
*)iwra/m,masculine,,*)iwra/m
*)iwaqa/m,masculine,,*)iwaqa/m
*)axa/z,masculine,,*)axa/z
*)abiou/d,masculine,,*)abiou/d
*)azw/r,masculine,,*)azw/r
*sadw/k,masculine,,*sadw/k
*)axi/m,masculine,,*)axi/m
*)eliou/d,masculine,,*)eliou/d
*)elea/zar,masculine,,*)elea/zar
*matqa/n,masculine,,*matqa/n
o)/nar,neuter,,o)/nar
*)emmanouh/l,masculine,,*)emmanouh/l
*(ieroso/luma,feminine,2,*(ierosolu/mwn
*(rama/,feminine,3,*(rama/
a)mfi/blhstron,neuter,,a)mfiblh/strou
i)w=ta,neuter,3,
r(aka/,masculine,,r(aka/
mi/lion,neuter,,mili/ou
polulogi/a,feminine,,polulogi/as
tri/bolos,masculine,,tribo/lou
dai/mwn,masculine,,daimo/nos
oi)kiako/s,masculine,,oi)kiakou=
biasth/s,masculine,,biastou=
ziza/nion,neuter,,zizani/ou
qeristh/s,masculine,,qeristou=
de/smh,feminine,,de/smhs
sagh/nh,feminine,,sagh/nhs
a)/ggos,neuter,,a)/ggous
yeudomarturi/a,feminine,,yeudomarturi/as
*bariwna=,masculine,3,*bariwna=
o)ligopisti/a,feminine,,o)ligopisti/as
di/draxmon,neuter,,didra/xmou
a)/gkistron,neuter,,a)gki/strou
stath/r,masculine,,stath/ros
da/neion,neuter,,danei/ou
basanisth/s,masculine,,basanistou=
e)mpori/a,feminine,,e)mpori/as
die/codos,feminine,,dieco/dou
no/misma,neuter,3,nomi/smatos
fulakth/rion,neuter,,fulakthri/ou
kaqhghth/s,masculine,,kaqhghtou=
a)/nhqon,neuter,,a)nh/qou
ku/minon,neuter,,kumi/nou
kw/nwy,masculine,,kw/nwpos
nossi/on,neuter,,nossi/ou
trapezi/ths,masculine,,trapezi/tou
e)ri/fion,neuter,,e)rifi/ou
dei=na,masculine,3,dei=nos
korbana=s,masculine,3,korbana=
xlamu/s,feminine,,xlamu/dos
h)li/,masculine,,h)li/
e)/gersis,feminine,,e)ge/rsews
tou)/noma,neuter,,
e)pa/ggelma,neuter,3,e)pagge/lmatos
e)po/pths,masculine,,e)po/ptou
yeudodida/skalos,masculine,,yeudodidaska/lou
ble/mma,neuter,3,ble/mmatos
tolmhth/s,masculine,,tolmhtou=
mw=mos,masculine,,mw/mou
e)/legcis,feminine,,e)le/gcews
parafroni/a,feminine,,parafroni/as
mi/asma,neuter,3,mias/matos
e)ce/rama,neuter,3,e)cera/matos
kulismo/s,masculine,,kulismou=
e)mpaigmonh/,feminine,,e)mpaigmonh=s
bradu/ths,feminine,3,bradu/thtos
a)pau/gasma,neuter,3,
misqapodosi/a,feminine,,misqapodosi/as
parapikrasmo/s,masculine,,parapikrasmou=
kw=lon,neuter,,kw/lou
a(rmo/s,masculine,,a(rmou=
o(moio/ths,feminine,3,o(moio/thtos
ai)sqhth/rion,neuter,,ai)sqhthri/ou
bota/nh,feminine,,bota/nhs
a)kroqi/nion,neuter,,a)kroqini/ou
e)/pos,neuter,,e)/pous
a)qe/thsis,feminine,,a)qe/sews
qumiath/rion,neuter,,qumiathri/ou
pla/c,feminine,,pla/kos
*xerou=b,neuter,,*xerou=b
a)gno/hma,neuter,3,a)gnoh/matos
kaqaro/ths,feminine,3,kaqaro/thtos
kefali/s,feminine,,kefali/dos
a)/qlhsis,feminine,,a)qlh/sews
dia/tagma,neuter,3,diata/gmatos
pro/sxusis,feminine,,prosxu/sews
pei=ra,feminine,,pei/ras
kata/skopos,masculine,,katasko/pou
e)mpaigmo/s,masculine,,e)mpaigmou=
mhlwth/,feminine,,mhlwth=s
de/rma,neuter,3,de/rmatos
ne/fos,neuter,,ne/fous
o)/gkos,masculine,,o)/gkou
teleiwth/s,masculine,,teleiwtou=
prwtoto/kia,neuter,,prwtotoki/as
qu/ella,feminine,,que/llhs
panh/guris,feminine,,panhgu/rews
*kolossai/,feminine,1,*kolossw=n
a)reskei/a,feminine,,a)reskei/as
piqanologi/a,feminine,,piqanologi/as
stere/wma,neuter,3,sterew/matos
a)pe/kdusis,feminine,,a)pekdu/sews
xeiro/grafon,neuter,,xeirogra/fou
a)po/xrhsis,feminine,,a)poxrh/sews
e)qeloqrhski/a,feminine,,e)qeloqrhski/as
a)feidi/a,feminine,,a)feidi/as
ai)sxrologi/a,feminine,,ai)sxrologi/as
momfh/,feminine,,momfh=s
a)ntapo/dosis,feminine,,a)ntapodo/sews
a)neyio/s,masculine,2,
parhgori/a,feminine,1,
*(iera/polis,feminine,,(*ierapo/lews
*nu/mfa,feminine,,*nu/mfas
*laodikeu/s,masculine,,*laodike/ws
a)po/krima,neuter,3,a)pokri/matos
e)lafri/a,feminine,,e)lafri/as
i(kano/ths,feminine,3,
ka/lumma,neuter,3,kalu/mmatos
fwtismo/s,masculine,,fwtismou=
proskoph/,feminine,,proskoph=s
a)grupni/a,feminine,,a)grupni/as
*belia/r,masculine,,*belia/r
e)pipo/qhsis,feminine,,e)pipoqh/sews
a)gana/kthsis,feminine,,a)ganakth/sews
a(dro/ths,feminine,3,a(dro/thtos
do/ths,masculine,,do/tou
kaqai/resis,feminine,,kaqaire/sews
o)xu/rwma,neuter,3,o)xurw/matos
yeudapo/stolos,masculine,,yeudaposto/lou
nuxqh/meron,neuter,,nuxqhme/rou
di/yos,neuter,,di/yous
*(are/tas,masculine,3,
sarga/nh,feminine,,sarga/nhs
yiqurismo/s,masculine,,yiqurismou=
fusi/wsis,feminine,,fusiw/sews
kata/rtisis,feminine,,katarti/sews
*qua/teira,neuter,,
xalkoli/banon,neuter,2,xalkoliba/nou
*(armagedw/n,neuter,3,
tou)nanti/on,neuter,,
i(lasth/rion,neuter,,i(lasthri/ou
