lemma,copula,arg_none,arg_acc,arg_dat,arg_gen,arg_inf,arg_imp,arg_oti,arg_s,arg_subj,arg_acc_acc,arg_acc_dat,arg_acc_gen,arg_acc_inf,arg_dat_gen,arg_dat_inf,arg_dat_oti
di/dwmi,n,y,y,y,n,n,n,n,n,n,n,y,n,n,n,y,n
dei/knumi,n,n,n,n,n,n,n,n,n,n,n,y,n,n,n,n,n
de/w,n,n,n,y,n,y,n,n,n,n,n,n,n,n,n,n,n
gi/nomai,y,y,n,y,n,n,n,n,n,n,n,n,n,n,n,n,n
shmai/nw,n,n,n,n,n,n,n,n,n,n,n,n,n,n,n,n,n
a)poste/llw,n,n,y,n,n,n,n,n,n,n,n,n,n,n,n,n,n
marture/w,n,y,y,n,n,n,n,n,n,n,n,n,n,n,n,n,n
o(ra/w,n,y,y,n,n,n,y,n,n,n,n,n,n,n,n,n,n
a)naginw/skw,n,y,y,n,n,n,n,n,n,n,n,n,n,n,n,n,n
a)kou/w,n,y,y,n,y,n,n,y,n,n,n,n,n,n,n,n,n
thre/w,n,n,n,n,n,n,n,n,n,n,y,n,n,n,n,n,n
gra/fw,n,y,y,n,n,n,n,n,n,n,n,y,n,n,n,n,n
ei)mi/,y,y,n,y,n,n,n,n,n,n,n,n,n,n,n,n,n
e)/rxomai,n,y,n,y,n,y,n,n,n,n,n,n,n,n,n,n,n
a)gapa/w,n,n,y,n,n,n,n,n,n,n,n,n,n,n,n,n,n
lu/w,n,y,y,n,n,n,n,n,n,n,n,n,n,n,n,n,n
poie/w,n,y,y,y,n,n,n,n,n,n,y,y,n,y,n,n,n
e)kkente/w,n,n,n,n,n,n,n,n,n,n,n,n,n,n,n,n,n
ko/ptw,n,y,n,n,n,n,n,n,n,n,n,n,n,n,n,n,n
le/gw,n,y,y,y,n,y,n,y,y,n,y,y,n,n,n,n,y
kale/w,y,y,y,n,n,n,n,n,n,n,n,y,n,n,n,n,n
ble/pw,n,y,y,n,n,n,n,y,n,n,n,n,n,n,n,n,n
pe/mpw,n,y,y,n,n,n,n,n,n,n,n,n,n,n,n,n,n
e)pistre/fw,n,n,n,n,n,n,n,n,n,n,n,n,n,n,n,n,n
lale/w,n,y,y,y,n,n,n,n,n,n,n,y,n,n,n,n,n
e)ndu/w,n,n,n,n,n,n,n,n,n,n,n,n,n,n,n,n,n
perizw/nnumi,n,n,n,n,n,n,n,n,n,n,n,n,n,n,n,n,n
puro/omai,n,n,n,n,n,n,n,n,n,n,n,n,n,n,n,n,n
e)/xw,n,y,y,n,n,n,n,n,n,n,y,n,n,y,n,n,n
e)kporeu/omai,n,n,n,n,n,n,n,n,n,n,n,n,n,n,n,n,n
fai/nw,n,y,n,y,n,n,n,n,n,n,n,n,n,n,n,n,n
pi/ptw,n,y,n,n,n,n,n,n,n,n,n,n,n,n,n,n,n
ti/qhmi,n,y,n,n,n,n,n,n,n,n,n,n,n,n,n,n,n
fobe/omai,n,y,y,n,n,n,n,n,n,n,n,n,n,n,n,n,n
za/w,n,y,n,n,n,n,n,n,n,n,n,n,n,n,n,n,n
me/llw,n,n,y,n,n,y,n,n,n,n,n,n,n,n,n,n,n
krate/w,n,y,y,n,n,n,n,n,n,n,n,n,n,n,n,n,n
peripate/w,n,y,n,y,n,n,n,n,n,n,n,n,n,n,n,n,n
ei)/dw,n,y,y,n,n,n,n,y,n,n,n,n,n,n,n,n,n
du/namai,n,y,n,n,n,y,n,n,n,n,n,n,n,n,n,n,n
basta/zw,n,n,n,n,n,n,n,n,n,n,n,n,n,n,n,n,n
peira/zw,n,n,y,n,n,n,n,n,n,n,n,n,n,n,n,n,n
eu(ri/skw,y,y,n,n,n,n,n,n,n,n,n,n,n,n,n,n,n
kopia/w,n,y,n,n,n,n,n,n,n,n,n,n,n,n,n,n,n
a)fi/hmi,n,y,y,n,n,n,n,n,n,n,n,n,n,n,n,n,n
mnhmoneu/w,n,n,n,n,y,n,n,n,n,n,n,n,n,n,n,n,n
metanoe/w,n,y,n,n,n,n,n,n,n,n,n,n,n,n,n,n,n
kine/w,n,n,n,n,n,n,n,n,n,n,n,n,n,n,n,n,n
mise/w,n,n,y,n,n,n,n,n,n,n,n,n,n,n,n,n,n
nika/w,n,n,n,n,n,n,n,n,n,n,n,n,n,n,n,n,n
e)sqi/w,n,y,n,n,n,n,n,n,n,n,n,n,n,n,n,n,n
pa/sxw,n,n,y,n,n,n,n,n,n,n,n,n,n,n,n,n,n
ba/llw,n,n,y,n,n,n,n,n,n,n,n,n,n,n,n,n,n
a)dike/w,n,y,y,n,n,n,n,n,n,n,n,n,n,n,n,n,n
katoike/w,n,n,n,n,n,n,n,n,n,n,n,n,n,n,n,n,n
a)rne/omai,n,y,y,n,n,n,n,n,n,n,n,n,n,n,n,n,n
a)poktei/nw,n,n,y,n,n,n,n,n,n,n,n,n,n,n,n,n,n
dida/skw,n,y,y,n,n,n,n,n,n,n,n,n,n,n,n,n,n
porneu/w,n,n,n,n,n,n,n,n,n,n,n,n,n,n,n,n,n
poleme/w,n,y,n,n,n,n,n,n,n,n,n,n,n,n,n,n,n
kru/ptw,n,n,n,n,n,n,n,n,n,n,n,n,n,n,n,n,n
lamba/nw,n,y,y,n,n,n,n,n,n,n,n,n,n,n,n,n,n
plana/w,n,y,y,n,n,n,n,n,n,n,n,n,n,n,n,n,n
qe/lw,n,y,y,n,n,y,n,n,n,y,n,n,n,y,n,n,n
moixeu/w,n,y,n,n,n,n,n,n,n,n,n,n,n,n,n,n,n
ginw/skw,n,y,y,n,n,n,n,y,n,n,n,n,n,n,n,n,n
e)rauna/w,n,n,n,n,n,n,n,n,n,n,n,n,n,n,n,n,n
h(/kw,n,y,n,n,n,n,n,n,n,n,n,n,n,n,n,n,n
poimai/nw,n,n,y,n,n,n,n,n,n,n,n,n,n,n,n,n,n
suntri/bw,n,y,n,n,n,n,n,n,n,n,n,n,n,n,n,n,n
grhgore/w,n,y,n,n,n,n,n,n,n,n,n,n,n,n,n,n,n
sthri/zw,n,n,n,n,n,n,n,n,n,n,n,n,n,n,n,n,n
a)poqnh/|skw,n,y,n,n,n,n,n,n,n,n,n,n,n,n,n,n,n
plhro/w,n,y,n,n,y,n,n,n,n,n,n,n,n,n,n,n,n
molu/nw,n,n,n,n,n,n,n,n,n,n,n,n,n,n,n,n,n
periba/llw,n,n,y,n,n,n,n,n,n,n,n,n,n,n,n,n,n
e)calei/fw,n,n,n,n,n,n,n,n,n,n,n,n,n,n,n,n,n
o(mologe/w,n,n,n,n,n,n,n,n,n,n,n,n,n,n,n,n,n
a)noi/gw,n,y,n,y,n,n,n,n,n,n,n,n,n,n,n,n,n
klei/w,n,n,n,n,n,n,n,n,n,n,n,n,n,n,n,n,n
yeu/domai,n,y,n,n,n,n,n,n,n,n,n,n,n,n,n,n,n
proskune/w,n,n,n,y,n,n,n,n,n,n,n,n,n,n,n,n,n
e)ce/rxomai,n,y,n,n,n,y,n,n,n,n,n,n,n,n,n,n,n
katabai/nw,n,y,n,n,n,n,n,n,n,n,n,n,n,n,n,n,n
e)me/w,n,n,n,n,n,n,n,n,n,n,n,n,n,n,n,n,n
ploute/w,n,n,n,n,n,n,n,n,n,n,n,n,n,n,n,n,n
sumbouleu/w,n,n,n,n,n,n,n,n,n,n,n,n,n,n,n,n,n
a)gora/zw,n,n,n,n,y,n,n,n,n,n,n,n,n,n,n,n,n
fanero/w,n,y,n,n,n,n,n,n,n,n,n,n,n,n,n,n,n
e)gxri/w,n,n,n,n,n,n,n,n,n,n,n,n,n,n,n,n,n
file/w,n,n,y,n,n,n,n,n,n,n,n,n,n,n,n,n,n
e)le/gxw,n,n,n,n,n,n,n,n,n,n,n,n,n,n,n,n,n
paideu/w,n,y,y,n,n,n,n,n,n,n,n,n,n,n,n,n,n
zhleu/w,n,y,n,n,n,n,n,n,n,n,n,n,n,n,n,n,n
i(/sthmi,y,y,n,n,n,n,n,n,n,n,n,n,n,n,n,n,n
krou/w,n,y,n,n,n,n,n,n,n,n,n,n,n,n,n,n,n
ei)se/rxomai,n,y,n,n,n,n,n,n,n,n,n,n,n,n,n,n,n
deipne/w,n,n,n,n,n,n,n,n,n,n,n,n,n,n,n,n,n
kaqi/zw,n,y,n,n,n,n,n,n,n,n,n,n,n,n,n,n,n
a)nabai/nw,n,y,n,n,n,n,n,n,n,n,n,n,n,n,n,n,n
kei=mai,y,n,y,n,n,n,n,n,n,n,n,n,n,n,n,n,n
ka/qhmai,n,n,n,n,n,n,n,n,n,n,n,n,n,n,n,n,n
kai/w,n,n,n,n,n,n,n,n,n,n,n,n,n,n,n,n,n
ge/mw,n,n,n,n,n,n,n,n,n,n,n,n,n,n,n,n,n
pe/tomai,n,n,n,n,n,n,n,n,n,n,n,n,n,n,n,n,n
kti/zw,n,n,n,n,n,n,n,n,n,n,n,n,n,n,n,n,n
katasfragi/zw,n,n,n,n,n,n,n,n,n,n,n,n,n,n,n,n,n
khru/ssw,n,y,n,n,n,y,n,n,n,n,n,n,n,n,n,n,n
klai/w,n,y,n,n,n,n,n,n,n,n,n,n,n,n,n,n,n
sfa/zw,n,n,y,n,n,n,n,n,n,n,n,n,n,n,n,n,n
a)/|dw,n,n,n,n,n,n,n,n,n,n,n,n,n,n,n,n,n
basileu/w,n,n,n,n,n,n,n,n,n,n,n,n,n,n,n,n,n
a)kolouqe/w,n,y,n,y,n,n,n,n,n,n,n,n,n,n,n,n,n
kra/zw,n,y,n,n,n,n,n,n,n,n,n,n,n,n,n,n,n
kri/nw,n,y,y,n,n,n,n,n,n,n,n,n,n,n,n,n,n
e)kdike/w,n,n,n,n,n,n,n,n,n,n,n,n,n,n,n,n,n
a)napau/w,n,y,n,n,n,n,n,n,n,n,n,n,n,n,n,n,n
sei/w,n,n,n,n,n,n,n,n,n,n,n,n,n,n,n,n,n
a)poxwri/zomai,n,n,n,n,n,n,n,n,n,n,n,n,n,n,n,n,n
e(li/ssw,n,n,n,n,n,n,n,n,n,n,n,n,n,n,n,n,n
pne/w,n,n,n,n,n,n,n,n,n,n,n,n,n,n,n,n,n
sfragi/zw,n,n,n,n,n,n,n,n,n,n,n,n,n,n,n,n,n
a)riqme/w,n,n,n,n,n,n,n,n,n,n,n,n,n,n,n,n,n
a)pokri/nomai,n,y,n,y,n,y,n,n,n,n,n,n,n,n,n,n,n
plu/nw,n,n,n,n,n,n,n,n,n,n,n,n,n,n,n,n,n
leukai/nw,n,n,n,n,n,n,n,n,n,n,n,n,n,n,n,n,n
latreu/w,n,n,n,n,n,n,n,n,n,n,n,n,n,n,n,n,n
skhno/w,n,n,n,n,n,n,n,n,n,n,n,n,n,n,n,n,n
peina/w,n,n,n,n,n,n,n,n,n,n,n,n,n,n,n,n,n
diya/w,n,y,n,n,n,n,n,n,n,n,n,n,n,n,n,n,n
o(dhge/w,n,n,y,n,n,n,n,n,n,n,n,n,n,n,n,n,n
gemi/zw,n,n,y,n,n,n,n,n,n,n,n,n,y,n,n,n,n
e(toima/zw,n,y,n,y,n,n,n,n,n,n,n,n,n,n,n,n,n
salpi/zw,n,y,n,n,n,n,n,n,n,n,n,n,n,n,n,n,n
mi/gnumi,n,n,n,n,n,n,n,n,n,n,n,n,n,n,n,n,n
katakai/w,n,n,n,n,n,n,n,n,n,n,n,n,n,n,n,n,n
diafqei/rw,n,n,n,n,n,n,n,n,n,n,n,n,n,n,n,n,n
pikrai/nw,n,n,n,n,n,n,n,n,n,n,n,n,n,n,n,n,n
plh/ssw,n,n,n,n,n,n,n,n,n,n,n,n,n,n,n,n,n
skoti/zomai,n,n,n,n,n,n,n,n,n,n,n,n,n,n,n,n,n
skoto/omai,n,n,n,n,n,n,n,n,n,n,n,n,n,n,n,n,n
basani/zw,n,n,n,n,n,n,n,n,n,n,n,n,n,n,n,n,n
pai/w,n,n,n,n,n,n,n,n,n,n,n,n,n,n,n,n,n
zhte/w,n,y,y,n,n,y,n,n,n,n,n,n,n,n,n,n,n
e)piqume/w,n,y,n,n,n,n,n,n,n,n,n,n,n,n,n,n,n
feu/gw,n,y,y,n,n,n,n,n,n,n,n,n,n,n,n,n,n
tre/xw,n,y,n,n,n,n,n,n,n,n,n,n,n,n,n,n,n
a)pe/rxomai,n,y,n,n,n,n,n,n,n,n,n,n,n,n,n,n,n
muka/omai,n,n,n,n,n,n,n,n,n,n,n,n,n,n,n,n,n
ai)/rw,n,y,y,n,n,n,n,n,n,n,n,n,n,n,n,n,n
o)mnu/w,n,n,n,y,n,n,n,n,n,n,n,n,n,n,n,n,n
tele/w,n,n,n,n,n,n,n,n,n,n,n,n,n,n,n,n,n
eu)aggeli/zw,n,n,n,n,n,n,n,n,n,n,n,n,n,n,n,n,n
u(pa/gw,n,y,n,n,n,y,n,n,n,n,n,n,n,n,n,n,n
katesqi/w,n,n,n,n,n,n,n,n,n,n,n,n,n,n,n,n,n
profhteu/w,n,y,n,n,n,n,n,n,n,n,n,n,n,n,n,n,n
e)gei/rw,n,y,n,n,n,n,n,n,n,n,n,n,n,n,n,n,n
metre/w,n,n,n,n,n,n,n,n,n,n,n,n,n,n,n,n,n
e)kba/llw,n,n,y,n,n,n,n,n,n,n,n,n,n,n,n,n,n
pate/w,n,n,n,n,n,n,n,n,n,n,n,n,n,n,n,n,n
bre/xw,n,n,n,n,n,n,n,n,n,n,n,n,n,n,n,n,n
stre/fw,n,y,n,n,n,n,n,n,n,n,n,n,n,n,n,n,n
pata/ssw,n,n,n,n,n,n,n,n,n,n,n,n,n,n,n,n,n
stauro/w,n,y,y,n,n,n,n,n,n,n,n,n,n,n,n,n,n
xai/rw,n,y,n,n,n,n,n,n,n,n,n,n,n,n,n,n,n
eu)frai/nw,n,y,n,n,n,n,n,n,n,n,n,n,n,n,n,n,n
e)pipi/ptw,n,n,n,n,n,n,n,n,n,n,n,n,n,n,n,n,n
qewre/w,n,y,n,n,n,n,n,y,n,n,n,n,n,n,n,n,n
eu)xariste/w,n,n,n,n,n,n,n,n,n,n,n,n,n,n,n,n,n
o)rgi/zomai,n,y,n,n,n,n,n,n,n,n,n,n,n,n,n,n,n
w)di/nw,n,n,n,n,n,n,n,n,n,n,n,n,n,n,n,n,n
ti/ktw,n,n,n,n,n,n,n,n,n,n,n,n,n,n,n,n,n
su/rw,n,n,n,n,n,n,n,n,n,n,n,n,n,n,n,n,n
a(rpa/zw,n,n,n,n,n,n,n,n,n,n,n,n,n,n,n,n,n
tre/fw,n,n,n,n,n,n,n,n,n,n,n,n,n,n,n,n,n
i)sxu/w,n,y,n,n,n,y,n,n,n,n,n,n,n,n,n,n,n
kathgore/w,n,n,n,n,y,n,n,n,n,n,n,n,y,n,n,n,n
diw/kw,n,y,n,n,n,n,n,n,n,n,n,n,n,n,n,n,n
bohqe/w,n,y,n,y,n,n,n,n,n,n,n,n,n,n,n,n,n
katapi/nw,n,n,n,n,n,n,n,n,n,n,n,n,n,n,n,n,n
qerapeu/w,n,n,y,n,n,n,n,n,n,n,n,n,n,n,n,n,n
qauma/zw,n,y,n,n,n,n,n,n,n,n,n,n,n,n,n,n,n
blasfhme/w,n,y,n,n,n,n,n,n,n,n,n,n,n,n,n,n,n
pwle/w,n,n,n,n,y,n,n,n,n,n,n,n,n,n,n,n,n
yhfi/zw,n,n,n,n,n,n,n,n,n,n,n,n,n,n,n,n,n
kiqari/zw,n,n,n,n,n,n,n,n,n,n,n,n,n,n,n,n,n
manqa/nw,n,n,y,n,n,n,n,n,n,n,n,n,n,n,n,n,n
poti/zw,n,n,y,n,n,n,n,n,n,n,n,n,n,n,n,n,n
pi/nw,n,y,y,n,n,n,n,n,n,n,n,n,n,n,n,n,n
kera/nnumi,n,n,n,n,n,n,n,n,n,n,n,n,n,n,n,n,n
qeri/zw,n,n,n,n,n,n,n,n,n,n,n,n,n,n,n,n,n
chrai/nw,n,y,n,n,n,n,n,n,n,n,n,n,n,n,n,n,n
fwne/w,n,y,y,n,n,n,n,n,n,n,n,n,n,n,n,n,n
truga/w,n,n,n,n,n,n,n,n,n,n,n,n,n,n,n,n,n
a)kma/zw,n,n,n,n,n,n,n,n,n,n,n,n,n,n,n,n,n
doca/zw,n,y,y,n,n,n,n,n,n,n,n,n,n,n,n,n,n
e)kxe/w,n,n,n,n,n,n,n,n,n,n,n,n,n,n,n,n,n
kaumati/zw,n,n,n,n,n,n,n,n,n,n,n,n,n,n,n,n,n
masa/omai,n,n,n,n,n,n,n,n,n,n,n,n,n,n,n,n,n
suna/gw,n,n,n,n,n,n,n,n,n,n,n,n,n,n,n,n,n
mimnh/|skomai,n,n,n,n,n,n,n,n,n,n,n,n,n,n,n,n,n
mequ/w,n,n,n,n,n,n,n,n,n,n,n,n,n,n,n,n,n
a)pofe/rw,n,n,n,n,n,n,n,n,n,n,n,n,n,n,n,n,n
xruso/w,n,n,n,n,n,n,n,n,n,n,n,n,n,n,n,n,n
pa/reimi,n,y,n,n,n,n,n,n,n,n,n,n,n,n,n,n,n
me/nw,n,y,n,n,n,n,n,n,n,n,n,n,n,n,n,n,n
e)rhmo/omai,n,n,n,n,n,n,n,n,n,n,n,n,n,n,n,n,n
fwti/zw,n,n,n,n,n,n,n,n,n,n,n,n,n,n,n,n,n
sugkoinwne/w,n,n,n,n,n,n,n,n,n,n,n,n,n,n,n,n,n
kolla/omai,n,n,n,n,n,n,n,n,n,n,n,n,n,n,n,n,n
a)podi/dwmi,n,y,y,n,n,n,n,n,n,n,n,n,n,n,n,n,n
diplo/w,n,n,n,n,n,n,n,n,n,n,n,n,n,n,n,n,n
strhnia/w,n,n,n,n,n,n,n,n,n,n,n,n,n,n,n,n,n
penqe/w,n,y,n,n,n,n,n,n,n,n,n,n,n,n,n,n,n
a)po/llumi,n,n,y,n,n,n,n,n,n,n,n,n,n,n,n,n,n
ple/w,n,y,n,n,n,n,n,n,n,n,n,n,n,n,n,n,n
e)rga/zomai,n,n,y,n,n,n,n,n,n,n,n,n,n,n,n,n,n
fqei/rw,n,n,y,n,n,n,n,n,n,n,n,n,n,n,n,n,n
ai)ne/w,n,n,n,n,n,n,n,n,n,n,n,n,n,n,n,n,n
a)gallia/w,n,n,n,n,n,n,n,n,n,n,n,n,n,n,n,n,n
ba/ptw,n,n,n,n,n,n,n,n,n,n,n,n,n,n,n,n,n
pia/zw,n,n,y,n,n,n,n,n,n,n,n,n,n,n,n,n,n
xorta/zw,n,y,n,n,n,n,n,n,n,n,n,n,n,n,n,n,n
peleki/zw,n,n,n,n,n,n,n,n,n,n,n,n,n,n,n,n,n
kukleu/w,n,n,n,n,n,n,n,n,n,n,n,n,n,n,n,n,n
kosme/w,n,n,n,n,n,n,n,n,n,n,n,n,n,n,n,n,n
klhronome/w,n,n,n,n,n,n,n,n,n,n,n,n,n,n,n,n,n
bdelu/ssomai,n,n,y,n,n,n,n,n,n,n,n,n,n,n,n,n,n
krustalli/zw,n,n,n,n,n,n,n,n,n,n,n,n,n,n,n,n,n
e)pigra/fw,n,n,n,n,n,n,n,n,n,n,n,n,n,n,n,n,n
fe/rw,n,y,y,n,n,n,n,n,n,n,n,y,n,n,n,y,n
r(upareu/w,n,n,n,n,n,n,n,n,n,n,n,n,n,n,n,n,n
a(gia/zw,n,n,y,n,n,n,n,n,n,n,n,n,n,n,n,n,n
e)piti/qhmi,n,n,n,n,n,n,n,n,n,n,n,n,n,n,n,n,n
a)faire/w,n,n,n,n,n,n,n,n,n,n,n,n,n,n,n,n,n
e)pixeire/w,n,n,n,n,n,y,n,n,n,n,n,n,n,n,n,n,n
a)nata/ssomai,n,n,n,n,n,n,n,n,n,n,n,n,n,n,n,n,n
plhrofore/w,n,n,n,n,n,n,n,n,n,n,n,n,n,n,n,n,n
paradi/dwmi,n,n,y,n,n,n,n,n,n,n,n,n,n,n,n,n,n
doke/w,n,n,n,y,n,y,n,y,n,n,n,n,n,n,n,n,n
parakolouqe/w,n,n,n,n,n,n,n,n,n,n,n,n,n,n,n,n,n
e)piginw/skw,n,n,y,n,n,n,n,n,n,n,n,n,n,n,n,n,n
kathxe/w,n,n,n,n,n,n,n,n,n,n,n,n,n,n,n,n,n
poreu/omai,n,y,n,n,n,n,n,n,n,n,n,n,n,n,n,n,n
probai/nw,n,n,n,n,n,n,n,n,n,n,n,n,n,n,n,n,n
i(erateu/w,n,n,n,n,n,n,n,n,n,n,n,n,n,n,n,n,n
lagxa/nw,n,n,n,n,n,n,n,n,n,n,n,n,n,n,n,n,n
qumia/w,n,n,n,n,n,n,n,n,n,n,n,n,n,n,n,n,n
proseu/xomai,n,y,n,n,n,y,n,n,n,n,n,n,n,n,n,n,n
tara/ssw,n,y,n,n,n,n,n,n,n,n,n,n,n,n,n,n,n
ei)sakou/w,n,n,n,n,n,n,n,n,n,n,n,n,n,n,n,n,n
genna/w,n,n,n,n,n,n,n,n,n,n,n,n,n,n,n,n,n
pi/mplhmi,n,n,n,n,n,n,n,n,n,n,n,n,n,n,n,n,n
proe/rxomai,n,n,n,n,n,n,n,n,n,n,n,n,n,n,n,n,n
kataskeua/zw,n,n,n,n,n,n,n,n,n,n,n,n,n,n,n,n,n
pari/sthmi,n,n,n,n,n,n,n,n,n,n,n,n,n,n,n,n,n
siwpa/w,n,y,n,n,n,n,n,n,n,n,n,n,n,n,n,n,n
pisteu/w,n,y,y,y,n,n,n,y,n,n,n,n,n,n,n,n,n
prosdoka/w,n,n,n,n,n,n,n,n,n,n,n,n,n,n,n,n,n
xroni/zw,n,n,n,n,n,n,n,n,n,n,n,n,n,n,n,n,n
dianeu/w,n,n,n,n,n,n,n,n,n,n,n,n,n,n,n,n,n
diame/nw,n,n,n,n,n,n,n,n,n,n,n,n,n,n,n,n,n
sullamba/nw,n,n,n,n,n,n,n,n,n,n,n,n,n,n,n,n,n
perikru/bw,n,n,n,n,n,n,n,n,n,n,n,n,n,n,n,n,n
e)fora/w,n,n,n,n,n,n,n,n,n,n,n,n,n,n,n,n,n
mnhsteu/omai,n,n,n,n,n,n,n,n,n,n,n,n,n,n,n,n,n
xarito/w,n,n,n,n,n,n,n,n,n,n,n,n,n,n,n,n,n
diatara/ssw,n,n,n,n,n,n,n,n,n,n,n,n,n,n,n,n,n
dialogi/zomai,n,n,n,n,n,n,n,n,n,n,n,y,n,n,n,n,n
e)pe/rxomai,n,n,n,n,n,n,n,n,n,n,n,n,n,n,n,n,n
e)piskia/zw,n,n,n,n,n,n,n,n,n,n,n,n,n,n,n,n,n
a)dunate/w,n,n,n,n,n,n,n,n,n,n,n,n,n,n,n,n,n
a)ni/sthmi,n,y,n,n,n,n,n,n,n,n,n,n,n,n,n,n,n
a)spa/zomai,n,n,y,n,n,n,n,n,n,n,n,n,n,n,n,n,n
skirta/w,n,n,n,n,n,n,n,n,n,n,n,n,n,n,n,n,n
a)nafwne/w,n,n,n,n,n,n,n,n,n,n,n,n,n,n,n,n,n
eu)loge/w,n,n,n,n,n,n,n,n,n,n,n,n,n,n,n,n,n
megalu/nw,n,n,n,n,n,n,n,n,n,n,n,n,n,n,n,n,n
e)pible/pw,n,n,n,n,n,n,n,n,n,n,n,n,n,n,n,n,n
makari/zw,n,n,y,n,n,n,n,n,n,n,n,n,n,n,n,n,n
diaskorpi/zw,n,n,n,n,n,n,n,n,n,n,n,n,n,n,n,n,n
kaqaire/w,n,n,n,n,n,n,n,n,n,n,n,n,n,n,n,n,n
u(yo/w,n,n,n,n,n,n,n,n,n,n,n,n,n,n,n,n,n
e)mpi/mplhmi,n,n,n,n,n,n,n,n,n,n,n,n,n,n,n,n,n
e)caposte/llw,n,n,n,n,n,n,n,n,n,n,n,n,n,n,n,n,n
a)ntilamba/nomai,n,n,n,n,n,n,n,n,n,n,n,n,n,n,n,n,n
u(postre/fw,n,n,n,n,n,n,n,n,n,n,n,n,n,n,n,n,n
sugxai/rw,n,n,n,n,n,n,n,n,n,n,n,n,n,n,n,n,n
perite/mnw,n,y,n,n,n,n,n,n,n,n,n,n,n,n,n,n,n
e)nneu/w,n,n,n,n,n,n,n,n,n,n,n,n,n,n,n,n,n
ai)te/w,n,y,y,n,n,n,n,n,n,n,n,n,n,n,n,n,n
perioike/w,n,n,n,n,n,n,n,n,n,n,n,n,n,n,n,n,n
dialale/w,n,n,n,n,n,n,n,n,n,n,n,n,n,n,n,n,n
e)piske/ptomai,n,n,n,n,n,n,n,n,n,n,n,n,n,n,n,n,n
r(u/omai,n,n,n,n,n,n,n,n,n,n,n,n,n,n,n,n,n
proporeu/omai,n,n,n,n,n,n,n,n,n,n,n,n,n,n,n,n,n
e)pifai/nw,n,n,n,n,n,n,n,n,n,n,n,n,n,n,n,n,n
kateuqu/nw,n,n,n,n,n,n,n,n,n,n,n,n,n,n,n,n,n
au)ca/nw,n,y,n,n,n,n,n,n,n,n,n,n,n,n,n,n,n
krataio/omai,n,n,n,n,n,n,n,n,n,n,n,n,n,n,n,n,n
a)pogra/fw,n,n,n,n,n,n,n,n,n,n,n,n,n,n,n,n,n
h(gemoneu/w,n,n,n,n,n,n,n,n,n,n,n,n,n,n,n,n,n
spargano/w,n,n,n,n,n,n,n,n,n,n,n,n,n,n,n,n,n
a)nakli/nw,n,n,n,n,n,n,n,n,n,n,n,n,n,n,n,n,n
a)graule/w,n,n,n,n,n,n,n,n,n,n,n,n,n,n,n,n,n
fula/ssw,n,n,y,n,n,n,n,n,n,n,n,n,n,n,n,n,n
e)fi/sthmi,n,n,n,n,n,n,n,n,n,n,n,n,n,n,n,n,n
perila/mpw,n,n,n,n,n,n,n,n,n,n,n,n,n,n,n,n,n
die/rxomai,n,y,y,n,n,n,n,n,n,n,n,n,n,n,n,n,n
gnwri/zw,n,n,n,n,n,n,n,n,n,n,n,y,n,n,n,n,n
speu/dw,n,n,n,n,n,n,n,n,n,n,n,n,n,n,n,n,n
a)neuri/skw,n,n,n,n,n,n,n,n,n,n,n,n,n,n,n,n,n
sunthre/w,n,n,n,n,n,n,n,n,n,n,n,n,n,n,n,n,n
sumba/llw,n,n,n,n,n,n,n,n,n,n,n,n,n,n,n,n,n
a)na/gw,n,n,n,n,n,n,n,n,n,n,n,n,n,n,n,n,n
dianoi/gw,n,y,n,n,n,n,n,n,n,n,n,n,n,n,n,n,n
prosde/xomai,n,n,n,n,n,n,n,n,n,n,n,n,n,n,n,n,n
xrhmati/zw,n,n,n,n,n,n,n,n,n,n,n,n,n,n,n,n,n
ei)sa/gw,n,n,n,n,n,n,n,n,n,n,n,n,n,n,n,n,n
e)qi/zw,n,n,n,n,n,n,n,n,n,n,n,n,n,n,n,n,n
de/xomai,n,n,n,n,n,n,n,n,n,n,n,n,n,n,n,n,n
a)polu/w,n,y,y,n,n,n,n,n,n,n,n,n,n,n,n,n,n
a)ntile/gw,n,n,n,n,n,n,n,n,n,n,n,n,n,n,n,n,n
a)pokalu/ptw,n,n,n,n,n,n,n,n,n,n,n,n,n,n,n,n,n
a)fi/stamai,n,n,n,n,n,n,n,n,n,n,n,n,n,n,n,n,n
a)nqomologe/omai,n,n,n,n,n,n,n,n,n,n,n,n,n,n,n,n,n
teleio/w,n,n,n,n,n,n,n,n,n,n,n,n,n,n,n,n,n
u(pome/nw,n,y,n,n,n,n,n,n,n,n,n,n,n,n,n,n,n
nomi/zw,n,n,n,n,n,n,n,n,n,n,n,n,n,n,n,n,n
a)nazhte/w,n,n,n,n,n,n,n,n,n,n,n,n,n,n,n,n,n
kaqe/zomai,n,n,n,n,n,n,n,n,n,n,n,n,n,n,n,n,n
e)perwta/w,n,n,y,n,n,n,n,n,n,n,n,n,n,n,n,n,n
e)ci/sthmi,n,y,n,y,n,n,n,n,n,n,n,n,n,n,n,n,n
e)kplh/ssomai,n,n,n,n,n,n,n,n,n,n,n,n,n,n,n,n,n
o)duna/omai,n,y,n,n,n,n,n,n,n,n,n,n,n,n,n,n,n
suni/hmi,n,y,y,n,n,n,n,n,n,n,n,n,n,n,n,n,n
u(pota/ssw,n,n,n,y,n,n,n,n,n,n,n,n,n,n,n,n,n
diathre/w,n,n,n,n,n,n,n,n,n,n,n,n,n,n,n,n,n
proko/ptw,n,n,n,n,n,n,n,n,n,n,n,n,n,n,n,n,n
tetraarxe/w,n,n,n,n,n,n,n,n,n,n,n,n,n,n,n,n,n
boa/w,n,y,n,n,n,n,n,n,n,n,n,n,n,n,n,n,n
tapeino/w,n,n,n,n,n,n,n,n,n,n,n,n,n,n,n,n,n
bapti/zw,n,y,n,n,n,n,n,n,n,n,n,y,n,n,n,n,n
u(podei/knumi,n,n,n,n,n,n,n,n,n,n,n,y,n,n,n,n,n
a)/rxw,n,n,n,n,n,y,n,n,n,n,n,n,n,n,n,n,n
e)kko/ptw,n,n,y,n,n,n,n,n,n,n,n,n,n,n,n,n,n
metadi/dwmi,n,n,n,n,n,n,n,n,n,n,n,n,n,n,n,n,n
diata/ssw,n,n,n,n,n,n,n,n,n,n,n,n,n,n,n,n,n
pra/ssw,n,n,y,n,n,n,n,n,n,n,n,n,n,n,n,n,n
strateu/omai,n,n,n,y,n,n,n,n,n,n,n,n,n,n,n,n,n
diasei/w,n,n,n,n,n,n,n,n,n,n,n,n,n,n,n,n,n
sukofante/w,n,n,n,n,n,n,n,n,n,n,n,n,n,n,n,n,n
a)rke/w,n,n,n,y,n,n,n,n,n,n,n,n,n,n,n,n,n
diakaqai/rw,n,n,n,n,n,n,n,n,n,n,n,n,n,n,n,n,n
parakale/w,n,y,y,n,n,n,n,n,n,n,n,n,n,y,n,n,n
prosti/qhmi,n,n,n,n,n,y,n,n,n,n,n,y,n,n,n,n,n
kataklei/w,n,n,n,n,n,n,n,n,n,n,n,n,n,n,n,n,n
eu)doke/w,n,n,n,n,n,n,n,n,n,n,n,n,n,n,n,n,n
a)/gw,n,y,y,y,n,n,n,n,n,n,n,n,n,n,n,n,n
suntele/w,n,n,n,n,n,n,n,n,n,n,n,n,n,n,n,n,n
e)nte/llomai,n,n,n,n,n,n,n,n,n,n,n,y,n,n,n,n,n
diafula/ssw,n,n,n,n,n,n,n,n,n,n,n,n,n,n,n,n,n
prosko/ptw,n,y,n,n,n,n,n,n,n,n,n,n,n,n,n,n,n
e)kpeira/zw,n,n,n,n,n,n,n,n,n,n,n,n,n,n,n,n,n
e)/qw,n,n,n,n,n,n,n,n,n,n,n,n,n,n,n,n,n
e)pidi/dwmi,n,n,n,n,n,n,n,n,n,n,n,n,n,n,n,n,n
a)naptu/ssw,n,n,n,n,n,n,n,n,n,n,n,n,n,n,n,n,n
xri/w,n,n,n,n,n,n,n,n,n,n,n,n,n,n,n,n,n
qrau/w,n,n,n,n,n,n,n,n,n,n,n,n,n,n,n,n,n
ptu/ssw,n,n,n,n,n,n,n,n,n,n,n,n,n,n,n,n,n
a)teni/zw,n,n,n,n,n,n,n,n,n,n,n,n,n,n,n,n,n
kaqari/zw,n,y,y,n,n,n,n,n,n,n,n,n,n,n,n,n,n
oi)kodome/w,n,y,y,y,n,n,n,n,n,n,n,n,n,n,n,n,n
katakrhmni/zw,n,n,n,n,n,n,n,n,n,n,n,n,n,n,n,n,n
kate/rxomai,n,n,n,n,n,n,n,n,n,n,n,n,n,n,n,n,n
a)nakra/zw,n,n,n,n,n,n,n,n,n,n,n,n,n,n,n,n,n
e)pitima/w,n,n,n,y,n,n,n,n,n,n,n,n,n,n,n,n,n
fimo/w,n,y,n,n,n,n,n,n,n,n,n,n,n,n,n,n,n
r(i/ptw,n,n,n,n,n,n,n,n,n,n,n,n,n,n,n,n,n
bla/ptw,n,n,n,n,n,n,n,n,n,n,n,n,n,n,n,n,n
sullale/w,n,n,n,n,n,n,n,n,n,n,n,n,n,n,n,n,n
e)pita/ssw,n,n,n,n,n,n,n,n,n,n,n,n,n,n,n,n,n
sune/xw,n,n,n,n,n,n,n,n,n,n,n,n,n,n,n,n,n
e)rwta/w,n,y,y,n,n,n,n,n,n,n,n,n,n,n,n,n,n
diakone/w,n,n,n,y,n,n,n,n,n,n,n,n,n,n,n,n,n
du/nw,n,n,n,n,n,n,n,n,n,n,n,n,n,n,n,n,n
a)sqene/w,n,y,n,y,n,n,n,n,n,n,n,n,n,n,n,n,n
krauga/zw,n,y,n,n,n,n,n,n,n,n,n,n,n,n,n,n,n
e)a/w,n,n,n,n,n,n,n,n,n,n,n,n,n,n,n,n,n
e)pizhte/w,n,n,n,n,n,n,n,n,n,n,n,n,n,n,n,n,n
kate/xw,n,n,n,n,n,n,n,n,n,n,n,n,n,n,n,n,n
e)pi/keimai,n,n,n,n,n,n,n,n,n,n,n,n,n,n,n,n,n
a)pobai/nw,n,n,n,y,n,n,n,n,n,n,n,n,n,n,n,n,n
e)mbai/nw,n,n,n,n,n,n,n,n,n,n,n,n,n,n,n,n,n
e)pana/gw,n,n,n,n,n,n,n,n,n,n,n,n,n,n,n,n,n
pau/w,n,y,n,n,n,n,n,n,n,n,n,n,n,n,n,n,n
xala/w,n,n,n,n,n,n,n,n,n,n,n,n,n,n,n,n,n
sugklei/w,n,n,n,n,n,n,n,n,n,n,n,n,n,n,n,n,n
diarrh/gnumi,n,n,n,n,n,n,n,n,n,n,n,n,n,n,n,n,n
kataneu/w,n,n,n,n,n,n,n,n,n,n,n,n,n,n,n,n,n
buqi/zw,n,n,n,n,n,n,n,n,n,n,n,n,n,n,n,n,n
prospi/ptw,n,n,n,n,n,n,n,n,n,n,n,n,n,n,n,n,n
perie/xw,n,y,n,n,n,n,n,n,n,n,n,n,n,n,n,n,n
zwgre/w,n,n,n,n,n,n,n,n,n,n,n,n,n,n,n,n,n
kata/gw,n,n,y,n,n,n,n,n,n,n,n,n,n,n,n,n,n
e)ktei/nw,n,n,y,n,n,n,n,n,n,n,n,n,n,n,n,n,n
a(/ptw,n,y,n,n,y,n,n,n,n,n,n,n,n,n,n,n,n
paragge/llw,n,n,y,n,n,n,n,n,n,n,n,n,n,n,n,n,n
prosfe/rw,n,n,n,n,n,n,n,n,n,n,n,y,n,n,n,n,n
prosta/ssw,n,n,n,n,n,n,n,n,n,n,n,n,n,n,n,n,n
sune/rxomai,n,n,n,y,n,n,n,n,n,n,n,n,n,n,n,n,n
u(poxwre/w,n,n,n,n,n,n,n,n,n,n,n,n,n,n,n,n,n
i)a/omai,n,y,n,y,n,n,n,n,n,n,n,n,n,n,n,n,n
paralu/omai,n,n,n,n,n,n,n,n,n,n,n,n,n,n,n,n,n
ei)sfe/rw,n,n,n,n,n,n,n,n,n,n,n,n,n,n,n,n,n
kaqi/hmi,n,n,n,n,n,n,n,n,n,n,n,n,n,n,n,n,n
kata/keimai,n,n,n,n,n,n,n,n,n,n,n,n,n,n,n,n,n
qea/omai,n,n,y,n,n,n,n,n,n,n,n,n,n,n,n,n,n
katalei/pw,n,n,y,n,n,n,n,n,n,n,n,n,n,n,n,n,n
goggu/zw,n,y,n,n,n,n,n,n,n,n,n,n,n,n,n,n,n
u(giai/nw,n,n,n,n,n,n,n,n,n,n,n,n,n,n,n,n,n
nhsteu/w,n,n,n,n,n,n,n,n,n,n,n,n,n,n,n,n,n
a)pai/rw,n,n,n,n,n,n,n,n,n,n,n,n,n,n,n,n,n
sxi/zw,n,n,n,n,n,n,n,n,n,n,n,n,n,n,n,n,n
e)piba/llw,n,n,n,n,n,n,n,n,n,n,n,n,n,n,n,n,n
sumfwne/w,n,n,n,n,n,n,n,n,n,n,n,n,n,n,y,n,n
r(h/gnumi,n,n,n,n,n,n,n,n,n,n,n,n,n,n,n,n,n
diaporeu/omai,n,n,n,n,n,n,n,n,n,n,n,n,n,n,n,n,n
ti/llw,n,n,n,n,n,n,n,n,n,n,n,n,n,n,n,n,n
yw/xw,n,n,n,n,n,n,n,n,n,n,n,n,n,n,n,n,n
e)/cesti(n),n,y,n,y,n,n,n,n,n,n,n,n,n,n,n,y,n
parathre/w,n,n,n,n,n,n,n,n,n,n,n,n,n,n,n,n,n
a)gaqopoie/w,n,n,n,n,n,n,n,n,n,n,n,n,n,n,n,n,n
kakopoie/w,n,n,n,n,n,n,n,n,n,n,n,n,n,n,n,n,n
sw/|zw,n,y,y,y,n,n,n,n,n,n,n,n,n,n,n,n,n
perible/pomai,n,n,n,n,n,n,n,n,n,n,n,n,n,n,n,n,n
a)pokaqi/sthmi,n,n,n,n,n,n,n,n,n,n,n,n,n,n,n,n,n
dianuktereu/w,n,n,n,n,n,n,n,n,n,n,n,n,n,n,n,n,n
prosfwne/w,n,n,n,n,n,n,n,n,n,n,n,n,n,n,n,n,n
e)kle/gomai,n,n,n,n,n,n,n,n,n,n,n,n,n,n,n,n,n
o)noma/zw,n,n,n,n,n,n,n,n,n,n,n,n,n,n,n,n,n
e)noxle/w,n,n,n,n,n,n,n,n,n,n,n,n,n,n,n,n,n
e)pai/rw,n,n,n,n,n,n,n,n,n,n,n,n,n,n,n,n,n
gela/w,n,n,n,n,n,n,n,n,n,n,n,n,n,n,n,n,n
a)fori/zw,n,n,n,n,n,n,n,n,n,n,n,n,n,n,n,n,n
o)neidi/zw,n,n,n,n,n,n,n,n,n,n,n,n,n,n,n,n,n
a)pe/xw,n,y,y,n,n,n,n,n,n,n,n,n,n,n,n,n,n
katara/omai,n,n,n,n,n,n,n,n,n,n,n,n,n,n,n,n,n
e)phrea/zw,n,n,n,n,n,n,n,n,n,n,n,n,n,n,n,n,n
tu/ptw,n,n,n,n,n,n,n,n,n,n,n,n,n,n,n,n,n
pare/xw,n,n,n,n,n,n,n,n,n,n,n,y,n,n,n,n,n
kwlu/w,n,n,n,n,n,n,n,n,n,n,n,n,n,n,n,n,n
a)paite/w,n,n,n,n,n,n,n,n,n,n,n,n,n,n,n,n,n
danei/zw,n,n,n,n,n,n,n,n,n,n,n,n,n,n,n,n,n
e)lpi/zw,n,y,n,n,n,n,n,n,n,n,n,n,n,n,n,n,n
a)polamba/nw,n,n,n,n,n,n,n,n,n,n,n,n,n,n,n,n,n
a)pelpi/zw,n,n,n,n,n,n,n,n,n,n,n,n,n,n,n,n,n
katadika/zw,n,y,n,n,n,n,n,n,n,n,n,n,n,n,n,n,n
pie/zw,n,n,n,n,n,n,n,n,n,n,n,n,n,n,n,n,n
saleu/w,n,y,n,n,n,n,n,n,n,n,n,n,n,n,n,n,n
u(perekxu/nnomai,n,n,n,n,n,n,n,n,n,n,n,n,n,n,n,n,n
a)ntimetre/w,n,n,n,n,n,n,n,n,n,n,n,n,n,n,n,n,n
e)mpi/ptw,n,y,n,n,n,n,n,n,n,n,n,n,n,n,n,n,n
katarti/zw,n,n,n,n,n,n,n,n,n,n,n,n,n,n,n,n,n
katanoe/w,n,n,y,n,n,n,n,n,n,n,n,n,n,n,n,n,n
diable/pw,n,n,n,n,n,n,n,n,n,n,n,n,n,n,n,n,n
sulle/gw,n,n,n,n,n,n,n,n,n,n,n,n,n,n,n,n,n
profe/rw,n,n,n,n,n,n,n,n,n,n,n,n,n,n,n,n,n
ska/ptw,n,n,n,n,n,n,n,n,n,n,n,n,n,n,n,n,n
baqu/nw,n,n,n,n,n,n,n,n,n,n,n,n,n,n,n,n,n
prosrh/gnumi,n,n,n,n,n,n,n,n,n,n,n,n,n,n,n,n,n
sumpi/ptw,n,n,n,n,n,n,n,n,n,n,n,n,n,n,n,n,n
teleuta/w,n,n,n,n,n,n,n,n,n,n,n,n,n,n,n,n,n
diasw/|zw,n,y,n,n,n,n,n,n,n,n,n,n,n,n,n,n,n
paragi/nomai,n,n,n,n,n,n,n,n,n,n,n,n,n,n,n,n,n
sku/llw,n,n,y,n,n,n,n,n,n,n,n,n,n,n,n,n,n
a)cio/w,n,n,n,n,n,n,n,n,n,n,n,n,n,n,n,n,n
ta/ssw,n,n,n,n,n,n,n,n,n,n,n,n,n,n,n,n,n
sumporeu/omai,n,n,n,n,n,n,n,n,n,n,n,n,n,n,n,n,n
e)ggi/zw,n,y,n,n,n,n,n,n,n,n,n,n,n,n,n,n,n
e)kkomi/zw,n,n,n,n,n,n,n,n,n,n,n,n,n,n,n,n,n
qnh/|skw,n,y,n,n,n,n,n,n,n,n,n,n,n,n,n,n,n
splagxni/zomai,n,n,n,n,n,n,n,n,n,n,n,n,n,n,n,n,n
prose/rxomai,n,n,n,n,n,n,n,n,n,n,n,n,n,n,n,n,n
a)nakaqi/zw,n,n,n,n,n,n,n,n,n,n,n,n,n,n,n,n,n
a)pagge/llw,n,n,n,y,n,n,n,n,n,n,n,n,n,n,n,n,n
proskale/omai,n,n,n,n,n,n,n,n,n,n,n,n,n,n,n,n,n
xari/zomai,n,n,n,n,n,n,n,n,n,n,n,y,n,n,n,n,n
a)nable/pw,n,y,n,n,n,n,n,n,n,n,n,n,n,n,n,n,n
skandali/zw,n,y,y,n,n,n,n,n,n,n,n,n,n,n,n,n,n
a)mfie/nnumi,n,y,n,n,n,n,n,n,n,n,n,n,n,n,n,n,n
u(pa/rxw,n,n,n,n,n,n,n,n,n,n,n,n,n,n,n,n,n
dikaio/w,n,y,n,n,n,n,n,n,n,n,n,n,n,n,n,n,n
a)qete/w,n,n,n,n,n,n,n,n,n,n,n,n,n,n,n,n,n
o(moio/w,n,n,n,n,n,n,n,n,n,n,n,n,n,n,n,n,n
au)le/w,n,n,n,n,n,n,n,n,n,n,n,n,n,n,n,n,n
o)rxe/omai,n,n,n,n,n,n,n,n,n,n,n,n,n,n,n,n,n
qrhne/w,n,y,n,n,n,n,n,n,n,n,n,n,n,n,n,n,n
katakli/nw,n,n,n,n,n,n,n,n,n,n,n,n,n,n,n,n,n
komi/zw,n,n,n,n,n,n,n,n,n,n,n,n,n,n,n,n,n
e)kma/ssw,n,n,n,n,n,n,n,n,n,n,n,n,n,n,n,n,n
katafile/w,n,n,y,n,n,n,n,n,n,n,n,n,n,n,n,n,n
a)lei/fw,n,n,n,n,n,n,n,n,n,n,n,n,n,n,n,n,n
fhmi/,n,y,y,y,n,n,n,n,y,n,n,n,n,n,n,n,n
o)fei/lw,n,n,n,n,n,n,n,n,n,n,n,y,n,n,n,n,n
u(polamba/nw,n,n,n,n,n,n,n,n,n,n,n,n,n,n,n,n,n
dialei/pw,n,n,n,n,n,n,n,n,n,n,n,n,n,n,n,n,n
sunana/keimai,n,n,n,n,n,n,n,n,n,n,n,n,n,n,n,n,n
diodeu/w,n,n,n,n,n,n,n,n,n,n,n,n,n,n,n,n,n
su/neimi,n,n,n,n,n,n,n,n,n,n,n,n,n,n,n,n,n
e)piporeu/omai,n,n,n,n,n,n,n,n,n,n,n,n,n,n,n,n,n
spei/rw,n,y,n,n,n,n,n,n,n,n,n,n,n,n,n,n,n
katapate/w,n,n,n,n,n,n,n,n,n,n,n,n,n,n,n,n,n
katapi/ptw,n,n,n,n,n,n,n,n,n,n,n,n,n,n,n,n,n
fu/w,n,n,n,n,n,n,n,n,n,n,n,n,n,n,n,n,n
sumfu/omai,n,n,n,n,n,n,n,n,n,n,n,n,n,n,n,n,n
a)popni/gw,n,n,n,n,n,n,n,n,n,n,n,n,n,n,n,n,n
sumpni/gw,n,n,n,n,n,n,n,n,n,n,n,n,n,n,n,n,n
telesfore/w,n,n,n,n,n,n,n,n,n,n,n,n,n,n,n,n,n
karpofore/w,n,n,n,n,n,n,n,n,n,n,n,n,n,n,n,n,n
kalu/ptw,n,n,y,n,n,n,n,n,n,n,n,n,n,n,n,n,n
ei)sporeu/omai,n,y,n,n,n,n,n,n,n,n,n,n,n,n,n,n,n
suntugxa/nw,n,n,n,n,n,n,n,n,n,n,n,n,n,n,n,n,n
a)fupno/w,n,y,n,n,n,n,n,n,n,n,n,n,n,n,n,n,n
sumplhro/w,n,n,n,n,n,n,n,n,n,n,n,n,n,n,n,n,n
kinduneu/w,n,n,n,n,n,n,n,n,n,n,n,n,n,n,n,n,n
diegei/rw,n,n,n,n,n,n,n,n,n,n,n,n,n,n,n,n,n
u(pakou/w,n,n,n,y,n,n,n,n,n,n,n,n,n,n,n,n,n
kataple/w,n,n,n,n,n,n,n,n,n,n,n,n,n,n,n,n,n
u(panta/w,n,n,n,n,n,n,n,n,n,n,n,n,n,n,n,n,n
de/omai,n,n,n,n,n,y,n,n,n,n,n,n,n,n,n,n,n
sunarpa/zw,n,n,n,n,n,n,n,n,n,n,n,n,n,n,n,n,n
desmeu/w,n,n,n,n,n,n,n,n,n,n,n,n,n,n,n,n,n
e)lau/nw,n,n,n,n,n,n,n,n,n,n,n,n,n,n,n,n,n
bo/skw,n,n,y,n,n,n,n,n,n,n,n,n,n,n,n,n,n
e)pitre/pw,n,y,n,y,n,n,n,n,n,n,n,n,n,n,n,n,n
o(rma/w,n,n,n,n,n,n,n,n,n,n,n,n,n,n,n,n,n
i(mati/zw,n,n,n,n,n,n,n,n,n,n,n,n,n,n,n,n,n
swfrone/w,n,y,n,y,n,n,n,n,n,n,n,n,n,n,n,n,n
daimoni/zomai,n,y,n,n,n,n,n,n,n,n,n,n,n,n,n,n,n
dihge/omai,n,n,y,n,n,n,n,n,n,n,n,n,n,n,n,n,n
a)pode/xomai,n,n,n,n,n,n,n,n,n,n,n,n,n,n,n,n,n
prosanali/skw,n,n,n,n,n,n,n,n,n,n,n,n,n,n,n,n,n
a)poqli/bw,n,n,n,n,n,n,n,n,n,n,n,n,n,n,n,n,n
lanqa/nw,n,n,n,n,n,n,n,n,n,n,n,n,n,n,n,n,n
tre/mw,n,n,n,n,n,n,n,n,n,n,n,n,n,n,n,n,n
kaqeu/dw,n,y,n,n,n,n,n,n,n,n,n,n,n,n,n,n,n
katagela/w,n,n,n,n,y,n,n,n,n,n,n,n,n,n,n,n,n
sugkale/w,n,n,n,n,n,n,n,n,n,n,n,n,n,n,n,n,n
a)potina/ssw,n,n,n,n,n,n,n,n,n,n,n,n,n,n,n,n,n
diapore/w,n,n,n,n,n,n,n,n,n,n,n,n,n,n,n,n,n
a)pokefali/zw,n,n,y,n,n,n,n,n,n,n,n,n,n,n,n,n,n
paralamba/nw,n,n,y,n,n,n,n,n,n,n,n,n,n,n,n,n,n
kli/nw,n,y,n,n,n,n,n,n,n,n,n,n,n,n,n,n,n
katalu/w,n,n,n,n,n,n,n,n,n,n,n,n,n,n,n,n,n
katakla/w,n,n,n,n,n,n,n,n,n,n,n,n,n,n,n,n,n
parati/qhmi,n,n,n,n,n,n,n,n,n,n,n,n,n,n,n,n,n
perisseu/w,n,y,n,n,n,n,n,n,n,n,n,n,n,n,n,n,n
a)podokima/zw,n,n,n,n,n,n,n,n,n,n,n,n,n,n,n,n,n
w)fele/w,n,n,n,n,n,n,n,n,n,n,n,n,n,n,n,n,n
kerdai/nw,n,n,y,n,n,n,n,n,n,n,n,n,n,n,n,n,n
zhmio/w,n,n,n,n,n,n,n,n,n,n,n,n,n,n,n,n,n
e)paisxu/nomai,n,n,n,n,n,n,n,n,n,n,n,n,n,n,n,n,n
geu/omai,n,y,n,n,n,n,n,n,n,n,n,n,n,n,n,n,n
e)castra/ptw,n,n,n,n,n,n,n,n,n,n,n,n,n,n,n,n,n
bare/w,n,n,n,n,n,n,n,n,n,n,n,n,n,n,n,n,n
diagrhgore/w,n,n,n,n,n,n,n,n,n,n,n,n,n,n,n,n,n
suni/sthmi,n,n,y,n,n,n,n,n,n,n,n,n,n,n,n,n,n
diaxwri/zomai,n,n,n,n,n,n,n,n,n,n,n,n,n,n,n,n,n
siga/w,n,n,n,n,n,n,n,n,n,n,n,n,n,n,n,n,n
sunanta/w,n,n,n,n,n,n,n,n,n,n,n,n,n,n,n,n,n
spara/ssw,n,n,n,n,n,n,n,n,n,n,n,n,n,n,n,n,n
a)poxwre/w,n,n,n,n,n,n,n,n,n,n,n,n,n,n,n,n,n
diastre/fw,n,n,n,n,n,n,n,n,n,n,n,n,n,n,n,n,n
a)ne/xomai,n,n,n,n,y,n,n,n,n,n,n,n,n,n,n,n,n
prosa/gw,n,n,y,n,n,n,n,n,n,n,n,n,n,n,n,n,n
suspara/ssw,n,n,n,n,n,n,n,n,n,n,n,n,n,n,n,n,n
a)gnoe/w,n,n,n,n,n,n,n,n,n,n,n,n,n,n,n,n,n
parakalu/ptomai,n,n,n,n,n,n,n,n,n,n,n,n,n,n,n,n,n
ai)sqa/nomai,n,n,n,n,n,n,n,n,n,n,n,n,n,n,n,n,n
e)pilamba/nomai,n,n,n,n,n,n,n,n,n,n,n,n,n,n,n,n,n
a)nali/skw,n,n,n,n,n,n,n,n,n,n,n,n,n,n,n,n,n
qa/ptw,n,n,n,n,n,n,n,n,n,n,n,n,n,n,n,n,n
diagge/llw,n,n,n,n,n,n,n,n,n,n,n,n,n,n,n,n,n
a)pota/ssomai,n,n,n,n,n,n,n,n,n,n,n,n,n,n,n,n,n
a)nadei/knumi,n,n,n,n,n,n,n,n,n,n,n,n,n,n,n,n,n
e)panapau/omai,n,n,n,n,n,n,n,n,n,n,n,n,n,n,n,n,n
a)naka/mptw,n,n,n,n,n,n,n,n,n,n,n,n,n,n,n,n,n
metabai/nw,n,n,n,n,n,n,n,n,n,n,n,n,n,n,n,n,n
a)poma/ssomai,n,n,n,n,n,n,n,n,n,n,n,n,n,n,n,n,n
katabiba/zw,n,y,n,n,n,n,n,n,n,n,n,n,n,n,n,n,n
e)ggra/fw,n,n,n,n,n,n,n,n,n,n,n,n,n,n,n,n,n
e)comologe/w,n,n,n,n,n,n,n,n,n,n,n,n,n,n,n,n,n
a)pokru/ptw,n,n,n,n,n,n,n,n,n,n,n,n,n,n,n,n,n
bou/lomai,n,n,n,n,n,n,n,n,n,n,n,n,n,n,n,n,n
peripi/ptw,n,n,n,n,n,n,n,n,n,n,n,n,n,n,n,n,n
e)kdu/w,n,n,n,n,n,n,n,n,n,n,n,n,n,n,n,n,n
a)ntipare/rxomai,n,n,n,n,n,n,n,n,n,n,n,n,n,n,n,n,n
o(deu/w,n,n,n,n,n,n,n,n,n,n,n,n,n,n,n,n,n
katade/w,n,n,n,n,n,n,n,n,n,n,n,n,n,n,n,n,n
e)pixe/w,n,n,n,n,n,n,n,n,n,n,n,n,n,n,n,n,n
e)pibiba/zw,n,n,n,n,n,n,n,n,n,n,n,n,n,n,n,n,n
e)pimele/omai,n,n,n,n,n,n,n,n,n,n,n,n,n,n,n,n,n
prosdapana/w,n,n,n,n,n,n,n,n,n,n,n,n,n,n,n,n,n
e)pane/rxomai,n,n,n,n,n,n,n,n,n,n,n,n,n,n,n,n,n
u(pode/xomai,n,n,n,n,n,n,n,n,n,n,n,n,n,n,n,n,n
parakaqe/zomai,n,n,n,n,n,n,n,n,n,n,n,n,n,n,n,n,n
perispa/omai,n,n,n,n,n,n,n,n,n,n,n,n,n,n,n,n,n
me/lei,n,n,n,y,n,n,n,n,n,n,n,n,n,n,n,n,n
sunantilamba/nomai,n,n,n,n,n,n,n,n,n,n,n,n,n,n,n,n,n
merimna/w,n,y,n,n,n,n,n,n,n,n,n,n,n,n,n,n,n
qoruba/zw,n,n,n,n,n,n,n,n,n,n,n,n,n,n,n,n,n
ki/xrhmi,n,n,n,n,n,n,n,n,n,n,n,n,n,n,n,n,n
xrh/|zw,n,n,n,n,n,n,n,n,n,n,n,n,n,n,n,n,n
diameri/zw,n,n,n,n,n,n,n,n,n,n,n,n,n,n,n,n,n
fqa/nw,n,n,n,n,n,n,n,n,n,n,n,n,n,n,n,n,n
kaqopli/zw,n,n,n,n,n,n,n,n,n,n,n,n,n,n,n,n,n
pei/qw,n,y,n,n,n,n,n,n,n,n,n,n,n,n,n,n,n
diadi/dwmi,n,n,n,n,n,n,n,n,n,n,n,n,n,n,n,n,n
skorpi/zw,n,n,n,n,n,n,n,n,n,n,n,n,n,n,n,n,n
saro/w,n,n,n,n,n,n,n,n,n,n,n,n,n,n,n,n,n
qhla/zw,n,n,n,n,n,n,n,n,n,n,n,n,n,n,n,n,n
e)paqroi/zomai,n,n,n,n,n,n,n,n,n,n,n,n,n,n,n,n,n
katakri/nw,n,y,n,y,n,n,n,n,n,n,n,n,n,n,n,n,n
skope/w,n,n,n,n,n,n,n,n,n,n,n,n,n,n,n,n,n
a)rista/w,n,y,n,n,n,n,n,n,n,n,n,n,n,n,n,n,n
a)napi/ptw,n,y,n,n,n,n,n,n,n,n,n,n,n,n,n,n,n
e)/neimi,n,n,n,n,n,n,n,n,n,n,n,n,n,n,n,n,n
a)podekato/w,n,n,n,n,n,n,n,n,n,n,n,n,n,n,n,n,n
pare/rxomai,n,n,y,n,n,n,n,n,n,n,n,n,n,n,n,n,n
u(bri/zw,n,n,n,n,n,n,n,n,n,n,n,n,n,n,n,n,n
forti/zw,n,n,n,n,n,n,n,n,n,n,n,n,n,n,n,n,n
prosyau/w,n,n,n,n,n,n,n,n,n,n,n,n,n,n,n,n,n
suneudoke/w,n,n,n,n,n,n,n,n,n,n,n,n,n,n,n,n,n
e)kzhte/w,n,n,n,n,n,n,n,n,n,n,n,n,n,n,n,n,n
e)ne/xw,n,n,n,n,n,n,n,n,n,n,n,n,n,n,n,n,n
a)postomati/zw,n,n,n,n,n,n,n,n,n,n,n,n,n,n,n,n,n
e)nedreu/w,n,n,n,n,n,n,n,n,n,n,n,n,n,n,n,n,n
qhreu/w,n,n,n,n,n,n,n,n,n,n,n,n,n,n,n,n,n
e)pisuna/gw,n,n,n,n,n,n,n,n,n,n,n,n,n,n,n,n,n
prose/xw,n,y,n,y,n,n,n,n,n,n,n,n,n,n,n,n,n
sugkalu/ptw,n,n,n,n,n,n,n,n,n,n,n,n,n,n,n,n,n
e)mba/llw,n,n,n,n,n,n,n,n,n,n,n,n,n,n,n,n,n
e)pilanqa/nomai,n,n,n,n,n,n,n,n,n,n,n,n,n,n,n,n,n
diafe/rw,n,n,n,n,y,n,n,n,n,n,n,n,n,n,y,n,n
a)parne/omai,n,n,n,n,n,n,n,n,n,n,n,n,n,n,n,n,n
a)pologe/omai,n,n,n,n,n,n,n,n,n,n,n,n,n,n,n,n,n
meri/zw,n,y,n,n,n,n,n,n,n,n,n,n,n,n,n,n,n
kaqi/sthmi,n,n,n,n,n,n,n,n,n,n,n,n,n,n,n,n,n
eu)fore/w,n,n,n,n,n,n,n,n,n,n,n,n,n,n,n,n,n
qhsauri/zw,n,n,n,n,n,n,n,n,n,n,n,n,n,n,n,n,n
nh/qw,n,y,n,n,n,n,n,n,n,n,n,n,n,n,n,n,n
a)mfia/zw,n,n,n,n,n,n,n,n,n,n,n,n,n,n,n,n,n
metewri/zomai,n,n,n,n,n,n,n,n,n,n,n,n,n,n,n,n,n
palaio/w,n,n,n,n,n,n,n,n,n,n,n,n,n,n,n,n,n
a)nalu/w,n,n,n,n,n,n,n,n,n,n,n,n,n,n,n,n,n
dioru/ssw,n,n,n,n,n,n,n,n,n,n,n,n,n,n,n,n,n
mequ/skomai,n,n,n,n,n,n,n,n,n,n,n,n,n,n,n,n,n
dixotome/w,n,n,n,n,n,n,n,n,n,n,n,n,n,n,n,n,n
de/rw,n,n,n,n,n,n,n,n,n,n,n,n,n,n,n,n,n
a)na/ptw,n,n,n,n,n,n,n,n,n,n,n,n,n,n,n,n,n
a)nate/llw,n,n,n,n,n,n,n,n,n,n,n,n,n,n,n,n,n
dokima/zw,n,n,n,n,n,n,n,n,n,n,n,n,n,n,n,n,n
a)palla/ssw,n,n,n,n,n,n,n,n,n,n,n,n,n,n,n,n,n
katasu/rw,n,n,n,n,n,n,n,n,n,n,n,n,n,n,n,n,n
futeu/w,n,n,n,n,n,n,n,n,n,n,n,n,n,n,n,n,n
katarge/w,n,y,y,n,n,n,n,n,n,n,n,n,n,n,n,n,n
sugku/ptw,n,n,n,n,n,n,n,n,n,n,n,n,n,n,n,n,n
a)naku/ptw,n,n,n,n,n,n,n,n,n,n,n,n,n,n,n,n,n
a)norqo/w,n,n,n,n,n,n,n,n,n,n,n,n,n,n,n,n,n
a)ganakte/w,n,n,n,n,n,n,n,n,n,n,n,n,n,n,n,n,n
a)pa/gw,n,y,n,n,n,n,n,n,n,n,n,n,n,n,n,n,n
kataisxu/nw,n,y,n,n,n,n,n,n,n,n,n,n,n,n,n,n,n
a)nti/keimai,n,n,n,n,n,n,n,n,n,n,n,n,n,n,n,n,n
kataskhno/w,n,n,n,n,n,n,n,n,n,n,n,n,n,n,n,n,n
zumo/w,n,n,n,n,n,n,n,n,n,n,n,n,n,n,n,n,n
a)gwni/zomai,n,n,n,n,n,n,n,n,n,n,n,n,n,n,n,n,n
a)poklei/w,n,n,n,n,n,n,n,n,n,n,n,n,n,n,n,n,n
a)potele/w,n,n,n,n,n,n,n,n,n,n,n,n,n,n,n,n,n
e)nde/xomai,n,n,n,n,n,n,n,n,n,n,n,n,n,n,n,n,n
liqobole/w,n,n,n,n,n,n,n,n,n,n,n,n,n,n,n,n,n
h(suxa/zw,n,y,n,n,n,n,n,n,n,n,n,n,n,n,n,n,n
a)naspa/w,n,n,n,n,n,n,n,n,n,n,n,n,n,n,n,n,n
a)ntapokri/nomai,n,n,n,n,n,n,n,n,n,n,n,n,n,n,n,n,n
e)pe/xw,n,n,n,y,n,n,n,n,n,n,n,n,n,n,n,n,n
prosanabai/nw,n,y,n,n,n,n,n,n,n,n,n,n,n,n,n,n,n
a)ntikale/w,n,n,n,n,n,n,n,n,n,n,n,n,n,n,n,n,n
a)ntapodi/dwmi,n,n,n,n,n,n,n,n,n,n,n,n,n,n,n,n,n
paraite/omai,n,n,y,n,n,n,n,n,n,n,n,n,n,n,n,n,n
game/w,n,y,n,n,n,n,n,n,n,n,n,n,n,n,n,n,n
a)nagka/zw,n,n,y,n,n,n,n,n,n,n,n,n,n,n,n,n,n
e)ktele/w,n,n,n,n,n,n,n,n,n,n,n,n,n,n,n,n,n
e)mpai/zw,n,n,n,n,n,n,n,n,n,n,n,n,n,n,n,n,n
bouleu/omai,n,n,n,n,n,n,n,n,n,n,n,n,n,n,n,n,n
mwrai/nw,n,n,n,n,n,n,n,n,n,n,n,n,n,n,n,n,n
a)rtu/w,n,n,n,n,n,n,n,n,n,n,n,n,n,n,n,n,n
diagoggu/zw,n,n,n,n,n,n,n,n,n,n,n,n,n,n,n,n,n
sunesqi/w,n,n,n,n,n,n,n,n,n,n,n,n,n,n,n,n,n
diaire/w,n,n,n,n,n,n,n,n,n,n,n,n,n,n,n,n,n
a)podhme/w,n,n,n,n,n,n,n,n,n,n,n,n,n,n,n,n,n
dapana/w,n,n,n,n,n,n,n,n,n,n,n,n,n,n,n,n,n
u(stere/w,n,y,y,n,n,n,n,n,n,n,n,n,n,n,n,n,n
a(marta/nw,n,y,n,n,n,n,n,n,n,n,n,n,n,n,n,n,n
e)kfe/rw,n,n,n,n,n,n,n,n,n,n,n,n,n,n,n,n,n
qu/w,n,n,n,n,n,n,n,n,n,n,n,n,n,n,n,n,n
a)naza/w,n,n,n,n,n,n,n,n,n,n,n,n,n,n,n,n,n
punqa/nomai,n,n,n,n,n,n,n,n,n,n,n,n,n,n,n,n,n
douleu/w,n,n,n,y,n,n,n,n,n,n,n,n,n,n,n,n,n
diaba/llw,n,n,n,n,n,n,n,n,n,n,n,n,n,n,n,n,n
oi)konome/w,n,n,n,n,n,n,n,n,n,n,n,n,n,n,n,n,n
e)paite/w,n,n,n,n,n,n,n,n,n,n,n,n,n,n,n,n,n
ai)sxu/nomai,n,n,n,n,n,n,n,n,n,n,n,n,n,n,n,n,n
meqi/sthmi,n,n,n,n,n,n,n,n,n,n,n,n,n,n,n,n,n
e)paine/w,n,y,y,n,n,n,n,n,n,n,n,n,n,n,n,n,n
e)klei/pw,n,n,n,n,n,n,n,n,n,n,n,n,n,n,n,n,n
a)nte/xomai,n,n,n,n,n,n,n,n,n,n,n,n,n,n,n,n,n
katafrone/w,n,n,n,n,n,n,n,n,n,n,n,n,n,n,n,n,n
e)kmukthri/zw,n,n,n,n,n,n,n,n,n,n,n,n,n,n,n,n,n
bia/zw,n,n,n,n,n,n,n,n,n,n,n,n,n,n,n,n,n
e)ndidu/skw,n,n,n,n,n,n,n,n,n,n,n,n,n,n,n,n,n
e(lko/omai,n,n,n,n,n,n,n,n,n,n,n,n,n,n,n,n,n
e)pilei/xw,n,n,n,n,n,n,n,n,n,n,n,n,n,n,n,n,n
e)lea/w,n,n,y,n,n,n,n,n,n,n,n,n,n,n,n,n,n
katayu/xw,n,n,n,n,n,n,n,n,n,n,n,n,n,n,n,n,n
diabai/nw,n,n,n,n,n,n,n,n,n,n,n,n,n,n,n,n,n
diapera/w,n,n,n,n,n,n,n,n,n,n,n,n,n,n,n,n,n
diamartu/romai,n,n,n,n,n,n,n,n,n,n,n,n,n,n,n,n,n
lusitelei=,n,n,n,n,n,n,n,n,n,n,n,n,n,n,n,n,n
peri/keimai,n,n,n,n,n,n,n,n,n,n,n,n,n,n,n,n,n
e)krizo/w,n,n,n,n,n,n,n,n,n,n,n,n,n,n,n,n,n
a)rotria/w,n,n,n,n,n,n,n,n,n,n,n,n,n,n,n,n,n
a)panta/w,n,n,n,n,n,n,n,n,n,n,n,n,n,n,n,n,n
e)pidei/knumi,n,n,n,n,n,n,n,n,n,n,n,y,n,n,n,n,n
a)stra/ptw,n,n,n,n,n,n,n,n,n,n,n,n,n,n,n,n,n
la/mpw,n,n,n,n,n,n,n,n,n,n,n,n,n,n,n,n,n
gami/zw,n,n,n,n,n,n,n,n,n,n,n,n,n,n,n,n,n
peripoie/omai,n,n,n,n,n,n,n,n,n,n,n,n,n,n,n,n,n
zw|ogone/w,n,n,n,n,n,n,n,n,n,n,n,n,n,n,n,n,n
a)lh/qw,n,n,n,n,n,n,n,n,n,n,n,n,n,n,n,n,n
e)gkake/w,n,n,n,n,n,n,n,n,n,n,n,n,n,n,n,n,n
e)ntre/pw,n,n,y,n,n,n,n,n,n,n,n,n,n,n,n,n,n
u(pwpia/zw,n,n,n,n,n,n,n,n,n,n,n,n,n,n,n,n,n
makroqume/w,n,n,n,n,n,n,n,n,n,n,n,n,n,n,n,n,n
e)couqene/w,n,n,y,n,n,n,n,n,n,n,n,n,n,n,n,n,n
kta/omai,n,n,n,n,n,n,n,n,n,n,n,n,n,n,n,n,n
i(la/skomai,n,n,n,n,n,n,n,n,n,n,n,n,n,n,n,n,n
foneu/w,n,y,y,n,n,n,n,n,n,n,n,n,n,n,n,n,n
kle/ptw,n,y,n,n,n,n,n,n,n,n,n,n,n,n,n,n,n
yeudomarture/w,n,n,n,n,n,n,n,n,n,n,n,n,n,n,n,n,n
tima/w,n,n,y,n,n,n,n,n,n,n,n,n,n,n,n,n,n
lei/pw,n,n,n,y,n,n,n,n,n,n,n,n,n,n,n,n,n
e)mptu/w,n,n,n,n,n,n,n,n,n,n,n,n,n,n,n,n,n
mastigo/w,n,n,n,n,n,n,n,n,n,n,n,n,n,n,n,n,n
proa/gw,n,n,n,n,n,n,n,n,n,n,n,n,n,n,n,n,n
keleu/w,n,n,n,n,n,y,n,n,n,n,n,n,n,n,n,n,n
protre/xw,n,n,n,n,n,n,n,n,n,n,n,n,n,n,n,n,n
a)nafai/nw,n,n,n,n,n,n,n,n,n,n,n,n,n,n,n,n,n
pragmateu/omai,n,y,n,n,n,n,n,n,n,n,n,n,n,n,n,n,n
diapragmateu/omai,n,n,n,n,n,n,n,n,n,n,n,n,n,n,n,n,n
proserga/zomai,n,n,n,n,n,n,n,n,n,n,n,n,n,n,n,n,n
a)po/keimai,n,n,n,n,n,n,n,n,n,n,n,n,n,n,n,n,n
katasfa/zw,n,n,n,n,n,n,n,n,n,n,n,n,n,n,n,n,n
e)piri/ptw,n,n,n,n,n,n,n,n,n,n,n,n,n,n,n,n,n
u(postrwnnu/w,n,n,n,n,n,n,n,n,n,n,n,n,n,n,n,n,n
paremba/llw,n,n,n,n,n,n,n,n,n,n,n,n,n,n,n,n,n
perikuklo/w,n,n,n,n,n,n,n,n,n,n,n,n,n,n,n,n,n
e)dafi/zw,n,n,n,n,n,n,n,n,n,n,n,n,n,n,n,n,n
e)kkre/mamai,n,n,n,n,n,n,n,n,n,n,n,n,n,n,n,n,n
sullogi/zomai,n,n,n,n,n,n,n,n,n,n,n,n,n,n,n,n,n
kataliqa/zw,n,n,n,n,n,n,n,n,n,n,n,n,n,n,n,n,n
e)kdi/dwmi,n,n,n,n,n,n,n,n,n,n,n,n,n,n,n,n,n
a)tima/zw,n,y,y,n,n,n,n,n,n,n,n,n,n,n,n,n,n
traumati/zw,n,n,n,n,n,n,n,n,n,n,n,n,n,n,n,n,n
e)mble/pw,n,n,n,n,n,n,n,n,n,n,n,n,n,n,n,n,n
sunqla/omai,n,n,n,n,n,n,n,n,n,n,n,n,n,n,n,n,n
likma/w,n,n,n,n,n,n,n,n,n,n,n,n,n,n,n,n,n
u(pokri/nomai,n,n,n,n,n,n,n,n,n,n,n,n,n,n,n,n,n
e)cani/sthmi,n,n,n,n,n,n,n,n,n,n,n,n,n,n,n,n,n
gami/skw,n,n,n,n,n,n,n,n,n,n,n,n,n,n,n,n,n
katacio/w,n,n,n,n,n,n,n,n,n,n,n,n,n,n,n,n,n
tugxa/nw,n,n,n,n,n,n,n,n,n,n,n,n,n,n,n,n,n
mhnu/w,n,n,n,n,n,n,n,n,n,n,n,n,n,n,n,n,n
tolma/w,n,n,n,n,n,n,n,n,n,n,n,n,n,n,n,n,n
ptoe/omai,n,n,n,n,n,n,n,n,n,n,n,n,n,n,n,n,n
promeleta/w,n,n,n,n,n,n,n,n,n,n,n,n,n,n,n,n,n
a)nqi/sthmi,n,n,n,n,n,n,n,n,n,n,n,n,n,n,n,n,n
qanato/w,n,n,n,n,n,n,n,n,n,n,n,n,n,n,n,n,n
kuklo/w,n,n,n,n,n,n,n,n,n,n,n,n,n,n,n,n,n
e)kxwre/w,n,n,n,n,n,n,n,n,n,n,n,n,n,n,n,n,n
ai)xmalwti/zw,n,n,n,n,n,n,n,n,n,n,n,n,n,n,n,n,n
a)poyu/xw,n,n,n,n,n,n,n,n,n,n,n,n,n,n,n,n,n
proba/llw,n,n,n,n,n,n,n,n,n,n,n,n,n,n,n,n,n
e)peise/rxomai,n,n,n,n,n,n,n,n,n,n,n,n,n,n,n,n,n
a)grupne/w,n,n,n,n,n,n,n,n,n,n,n,n,n,n,n,n,n
katisxu/w,n,n,n,n,n,n,n,n,n,n,n,n,n,n,n,n,n
e)kfeu/gw,n,n,n,n,n,n,n,n,n,n,n,n,n,n,n,n,n
au)li/zomai,n,n,n,n,n,n,n,n,n,n,n,n,n,n,n,n,n
o)rqri/zw,n,n,n,n,n,n,n,n,n,n,n,n,n,n,n,n,n
a)naire/w,n,n,y,n,n,n,n,n,n,n,n,n,n,n,n,n,n
sunti/qemai,n,n,n,n,n,n,n,n,n,n,n,n,n,n,n,n,n
strw/nnumi,n,n,n,y,n,n,n,n,n,n,n,n,n,n,n,n,n
kla/w,n,n,n,n,n,n,n,n,n,n,n,n,n,n,n,n,n
o(ri/zw,n,n,n,n,n,n,n,n,n,n,n,n,n,n,n,n,n
suzhte/w,n,n,y,n,n,n,n,n,n,n,n,n,n,n,n,n,n
kurieu/w,n,n,n,n,n,n,n,n,n,n,n,n,n,n,n,n,n
e)cousia/zw,n,n,n,n,n,n,n,n,n,n,n,n,n,n,n,n,n
h(ge/omai,n,n,n,n,n,n,n,n,n,n,n,n,n,n,n,n,n
a)na/keimai,n,y,n,n,n,n,n,n,n,n,n,n,n,n,n,n,n
diati/qemai,n,n,n,n,n,n,n,n,n,n,n,n,n,n,n,n,n
e)caite/omai,n,n,n,n,n,n,n,n,n,n,n,n,n,n,n,n,n
sinia/zw,n,n,n,n,n,n,n,n,n,n,n,n,n,n,n,n,n
logi/zomai,n,y,n,y,n,n,n,n,n,n,n,n,n,n,n,n,n
a)pospa/w,n,n,n,n,n,n,n,n,n,n,n,n,n,n,n,n,n
parafe/rw,n,n,n,n,n,n,n,n,n,n,n,n,n,n,n,n,n
e)nisxu/w,n,n,n,n,n,n,n,n,n,n,n,n,n,n,n,n,n
koima/omai,n,y,n,n,n,n,n,n,n,n,n,n,n,n,n,n,n
peria/ptw,n,n,n,n,n,n,n,n,n,n,n,n,n,n,n,n,n
sugkaqi/zw,n,n,n,n,n,n,n,n,n,n,n,n,n,n,n,n,n
dii/+sthmi,n,n,n,n,n,n,n,n,n,n,n,n,n,n,n,n,n
dii+sxuri/zomai,n,n,n,n,n,y,n,n,n,n,n,n,n,n,n,n,n
u(pomimnh/|skw,n,n,n,n,n,n,n,n,n,n,n,n,n,n,n,n,n
perikalu/ptw,n,n,n,n,n,n,n,n,n,n,n,n,n,n,n,n,n
e)pisxu/w,n,n,n,n,n,n,n,n,n,n,n,n,n,n,n,n,n
a)nasei/w,n,n,n,n,n,n,n,n,n,n,n,n,n,n,n,n,n
a)nape/mpw,n,n,n,n,n,n,n,n,n,n,n,n,n,n,n,n,n
prou+pa/rxw,n,n,n,n,n,n,n,n,n,n,n,n,n,n,n,n,n
a)postre/fw,n,n,n,n,n,n,n,n,n,n,n,n,n,n,n,n,n
a)nakri/nw,n,n,y,n,n,n,n,n,n,n,n,n,n,n,n,n,n
e)pifwne/w,n,y,n,n,n,n,n,n,n,n,n,n,n,n,n,n,n
e)pikri/nw,n,n,n,n,n,n,n,n,n,n,n,n,n,n,n,n,n
krema/nnumi,n,n,n,n,n,n,n,n,n,n,n,n,n,n,n,n,n
e)kpne/w,n,y,n,n,n,n,n,n,n,n,n,n,n,n,n,n,n
sumparagi/nomai,n,n,n,n,n,n,n,n,n,n,n,n,n,n,n,n,n
sunakolouqe/w,n,n,n,n,n,n,n,n,n,n,n,n,n,n,n,n,n
sugkatati/qemai,n,n,n,n,n,n,n,n,n,n,n,n,n,n,n,n,n
e)ntuli/ssw,n,n,n,n,n,n,n,n,n,n,n,n,n,n,n,n,n
e)pifw/skw,n,n,n,n,n,n,n,n,n,n,n,n,n,n,n,n,n
katakolouqe/w,n,n,n,n,n,n,n,n,n,n,n,n,n,n,n,n,n
a)pokuli/w,n,n,n,n,n,n,n,n,n,n,n,n,n,n,n,n,n
a)pore/w,n,n,n,n,n,n,n,n,n,n,n,n,n,n,n,n,n
a)piste/w,n,n,n,n,n,n,n,n,n,n,n,n,n,n,n,n,n
paraku/ptw,n,n,n,n,n,n,n,n,n,n,n,n,n,n,n,n,n
o(mile/w,n,n,n,n,n,n,n,n,n,n,n,n,n,n,n,n,n
sumbai/nw,n,n,n,n,n,n,n,n,n,n,n,n,n,n,n,n,n
a)ntiba/llw,n,n,n,n,n,n,n,n,n,n,n,n,n,n,n,n,n
paroike/w,n,n,n,n,n,n,n,n,n,n,n,n,n,n,n,n,n
lutro/omai,n,n,n,n,n,n,n,n,n,n,n,n,n,n,n,n,n
diermhneu/w,n,y,n,n,n,n,n,n,n,n,n,n,n,n,n,n,n
prospoie/omai,n,n,n,n,n,n,n,n,n,n,n,n,n,n,n,n,n
parabia/zomai,n,n,y,n,n,n,n,n,n,n,n,n,n,n,n,n,n
a)qroi/zw,n,n,n,n,n,n,n,n,n,n,n,n,n,n,n,n,n
e)chge/omai,n,n,n,n,n,n,n,n,n,n,n,n,n,n,n,n,n
yhlafa/w,n,n,n,n,n,n,n,n,n,n,n,n,n,n,n,n,n
e)ca/gw,n,n,n,n,n,n,n,n,n,n,n,n,n,n,n,n,n
a)nafe/rw,n,n,n,n,n,n,n,n,n,n,n,n,n,n,n,n,n
e)pikale/w,n,n,y,n,n,n,n,n,n,n,n,n,n,n,n,n,n
plouti/zw,n,n,n,n,n,n,n,n,n,n,n,n,n,n,n,n,n
bebaio/w,n,n,n,n,n,n,n,n,n,n,n,n,n,n,n,n,n
a)pekde/xomai,n,n,n,n,n,n,n,n,n,n,n,n,n,n,n,n,n
dhlo/w,n,n,n,n,n,n,n,n,n,n,n,n,n,n,n,n,n
keno/w,n,n,n,n,n,n,n,n,n,n,n,n,n,n,n,n,n
kauxa/omai,n,y,n,n,n,n,n,n,n,n,n,n,n,n,n,n,n
katagge/llw,n,n,n,n,n,n,n,n,n,n,n,n,n,n,n,n,n
proori/zw,n,n,n,n,n,n,n,n,n,n,n,n,n,n,n,n,n
sugkri/nw,n,n,n,n,n,n,n,n,n,n,n,n,n,n,n,n,n
sumbiba/zw,n,n,n,n,n,n,n,n,n,n,n,n,n,n,n,n,n
e)poikodome/w,n,y,n,n,n,n,n,n,n,n,n,n,n,n,n,n,n
oi)ke/w,n,n,n,n,n,n,n,n,n,n,n,n,n,n,n,n,n
e)capata/w,n,n,y,n,n,n,n,n,n,n,n,n,n,n,n,n,n
dra/ssomai,n,n,n,n,n,n,n,n,n,n,n,n,n,n,n,n,n
e)ni/sthmi,n,n,n,n,n,n,n,n,n,n,n,n,n,n,n,n,n
sunei/dw,n,n,n,n,n,n,n,n,n,n,n,n,n,n,n,n,n
metasxhmati/zw,n,n,n,n,n,n,n,n,n,n,n,n,n,n,n,n,n
fusio/w,n,n,n,n,n,n,n,n,n,n,n,n,n,n,n,n,n
diakri/nw,n,n,y,n,n,n,n,n,n,n,n,n,n,n,n,n,n
kore/nnumi,n,n,n,n,n,n,n,n,n,n,n,n,n,n,n,n,n
sumbasileu/w,n,y,n,n,n,n,n,n,n,n,n,n,n,n,n,n,n
a)podei/knumi,n,n,n,n,n,n,n,n,n,n,n,n,n,n,n,n,n
gumniteu/w,n,n,n,n,n,n,n,n,n,n,n,n,n,n,n,n,n
kolafi/zw,n,n,n,n,n,n,n,n,n,n,n,n,n,n,n,n,n
a)state/w,n,n,n,n,n,n,n,n,n,n,n,n,n,n,n,n,n
loidore/w,n,n,n,n,n,n,n,n,n,n,n,n,n,n,n,n,n
dusfhme/w,n,n,n,n,n,n,n,n,n,n,n,n,n,n,n,n,n
nouqete/w,n,n,n,n,n,n,n,n,n,n,n,n,n,n,n,n,n
a)namimnh/|skw,n,n,n,n,n,n,n,n,n,n,n,n,n,n,n,n,n
a)/peimi,n,n,n,n,n,n,n,n,n,n,n,n,n,n,n,n,n
katerga/zomai,n,y,n,n,n,n,n,n,n,n,n,n,n,n,n,n,n
e)kkaqai/rw,n,n,n,n,n,n,n,n,n,n,n,n,n,n,n,n,n
e(orta/zw,n,n,n,n,n,n,n,n,n,n,n,n,n,n,n,n,n
sunanami/gnumi,n,n,n,n,n,n,n,n,n,n,n,n,n,n,n,n,n
e)cai/rw,n,n,n,n,n,n,n,n,n,n,n,n,n,n,n,n,n
e)/ni,n,n,n,n,n,n,n,n,n,n,n,n,n,n,n,n,n
a)postere/w,n,y,n,n,n,n,n,n,n,n,n,n,n,n,n,n,n
a)polou/omai,n,n,n,n,n,n,n,n,n,n,n,n,n,n,n,n,n
sumfe/rw,n,y,n,n,n,n,n,n,n,n,n,n,n,n,n,n,n
e)cegei/rw,n,n,n,n,n,n,n,n,n,n,n,n,n,n,n,n,n
sxola/zw,n,n,n,n,n,n,n,n,n,n,n,n,n,n,n,n,n
e)gkrateu/omai,n,n,n,n,n,n,n,n,n,n,n,n,n,n,n,n,n
xwri/zw,n,n,n,n,n,n,n,n,n,n,n,n,n,n,n,n,n
katalla/ssw,n,n,n,n,n,n,n,n,n,n,n,n,n,n,n,n,n
doulo/w,n,n,n,n,n,n,n,n,n,n,n,n,n,n,n,n,n
e)pispa/omai,n,y,n,n,n,n,n,n,n,n,n,n,n,n,n,n,n
xra/omai,n,n,n,n,n,n,n,n,n,n,n,n,n,n,n,n,n
fei/domai,n,n,n,n,n,n,n,n,n,n,n,n,n,n,n,n,n
suste/llw,n,n,n,n,n,n,n,n,n,n,n,n,n,n,n,n,n
kataxra/omai,n,n,n,n,n,n,n,n,n,n,n,n,n,n,n,n,n
para/gw,n,n,n,n,n,n,n,n,n,n,n,n,n,n,n,n,n
a)re/skw,n,n,n,y,n,n,n,n,n,n,n,n,n,n,n,n,n
a)sxhmone/w,n,n,n,n,n,n,n,n,n,n,n,n,n,n,n,n,n
peria/gw,n,n,n,n,n,n,n,n,n,n,n,n,n,n,n,n,n
khmo/w,n,n,n,n,n,n,n,n,n,n,n,n,n,n,n,n,n
a)loa/w,n,n,n,n,n,n,n,n,n,n,n,n,n,n,n,n,n
mete/xw,n,n,n,n,n,n,n,n,n,n,n,n,n,n,n,n,n
ste/gw,n,n,n,n,n,n,n,n,n,n,n,n,n,n,n,n,n
paredreu/w,n,n,n,n,n,n,n,n,n,n,n,n,n,n,n,n,n
summeri/zomai,n,n,n,n,n,n,n,n,n,n,n,n,n,n,n,n,n
katalamba/nw,n,y,n,n,n,n,n,n,n,n,n,n,n,n,n,n,n
pukteu/w,n,n,n,n,n,n,n,n,n,n,n,n,n,n,n,n,n
doulagwge/w,n,n,n,n,n,n,n,n,n,n,n,n,n,n,n,n,n
katastrw/nnumi,n,n,n,n,n,n,n,n,n,n,n,n,n,n,n,n,n
pai/zw,n,n,n,n,n,n,n,n,n,n,n,n,n,n,n,n,n
katanta/w,n,n,n,n,n,n,n,n,n,n,n,n,n,n,n,n,n
u(pofe/rw,n,n,n,n,n,n,n,n,n,n,n,n,n,n,n,n,n
parazhlo/w,n,n,y,n,n,n,n,n,n,n,n,n,n,n,n,n,n
cura/omai,n,n,n,n,n,n,n,n,n,n,n,n,n,n,n,n,n
katakalu/ptomai,n,n,n,n,n,n,n,n,n,n,n,n,n,n,n,n,n
kei/rw,n,n,n,n,n,n,n,n,n,n,n,n,n,n,n,n,n
pre/pw,n,n,n,n,n,n,n,n,n,n,n,n,n,n,n,n,n
koma/w,n,n,n,n,n,n,n,n,n,n,n,n,n,n,n,n,n
prolamba/nw,n,n,n,n,n,n,n,n,n,n,n,n,n,n,n,n,n
e)kde/xomai,n,n,n,n,n,n,n,n,n,n,n,n,n,n,n,n,n
e)nerge/w,n,n,n,n,n,n,n,n,n,n,n,n,n,n,n,n,n
periti/qhmi,n,n,n,n,n,n,n,n,n,n,n,n,n,n,n,n,n
sugkera/nnumi,n,n,n,n,n,n,n,n,n,n,n,n,n,n,n,n,n
sumpa/sxw,n,n,n,n,n,n,n,n,n,n,n,n,n,n,n,n,n
zhlo/w,n,n,n,n,n,n,n,n,n,n,n,n,n,n,n,n,n
h)xe/w,n,n,n,n,n,n,n,n,n,n,n,n,n,n,n,n,n
a)lala/zw,n,n,n,n,n,n,n,n,n,n,n,n,n,n,n,n,n
ywmi/zw,n,n,n,n,n,n,n,n,n,n,n,n,n,n,n,n,n
xrhsteu/omai,n,n,n,n,n,n,n,n,n,n,n,n,n,n,n,n,n
perpereu/omai,n,n,n,n,n,n,n,n,n,n,n,n,n,n,n,n,n
parocu/nomai,n,n,n,n,n,n,n,n,n,n,n,n,n,n,n,n,n
frone/w,n,n,n,n,n,n,n,n,n,n,n,n,n,n,n,n,n
paraskeua/zw,n,n,n,n,n,n,n,n,n,n,n,n,n,n,n,n,n
ya/llw,n,y,n,n,n,n,n,n,n,n,n,n,n,n,n,n,n
a)naplhro/w,n,n,n,n,n,n,n,n,n,n,n,n,n,n,n,n,n
nhpia/zw,n,n,n,n,n,n,n,n,n,n,n,n,n,n,n,n,n
mai/nomai,n,y,n,n,n,n,n,n,n,n,n,n,n,n,n,n,n
zw|opoie/w,n,n,n,n,n,n,n,n,n,n,n,n,n,n,n,n,n
qhriomaxe/w,n,n,n,n,n,n,n,n,n,n,n,n,n,n,n,n,n
e)knh/fw,n,n,n,n,n,n,n,n,n,n,n,n,n,n,n,n,n
fore/w,n,n,n,n,n,n,n,n,n,n,n,n,n,n,n,n,n
a)lla/ssw,n,n,n,n,n,n,n,n,n,n,n,n,n,n,n,n,n
eu)odo/omai,n,n,n,n,n,n,n,n,n,n,n,n,n,n,n,n,n
parame/nw,n,n,n,n,n,n,n,n,n,n,n,n,n,n,n,n,n
paraxeima/zw,n,n,n,n,n,n,n,n,n,n,n,n,n,n,n,n,n
prope/mpw,n,n,n,n,n,n,n,n,n,n,n,n,n,n,n,n,n
e)pime/nw,n,y,n,y,n,n,n,n,n,n,n,n,n,n,n,n,n
eu)kaire/w,n,n,n,n,n,n,n,n,n,n,n,n,n,n,n,n,n
sth/kw,n,n,n,n,n,n,n,n,n,n,n,n,n,n,n,n,n
a)ndri/zomai,n,n,n,n,n,n,n,n,n,n,n,n,n,n,n,n,n
sunerge/w,n,n,n,n,n,n,n,n,n,n,n,n,n,n,n,n,n
qa/,n,y,n,n,n,n,n,n,n,n,n,n,n,n,n,n,n
e)/oika,n,n,n,n,n,n,n,n,n,n,n,n,n,n,n,n,n
a)nemi/zomai,n,n,n,n,n,n,n,n,n,n,n,n,n,n,n,n,n
r(ipi/zomai,n,n,n,n,n,n,n,n,n,n,n,n,n,n,n,n,n
oi)=mai,n,n,n,n,n,n,n,n,n,n,n,n,n,n,n,n,n
e)kpi/ptw,n,n,n,n,n,n,n,n,n,n,n,n,n,n,n,n,n
marai/nomai,n,n,n,n,n,n,n,n,n,n,n,n,n,n,n,n,n
e)pagge/llomai,n,n,n,n,n,n,n,n,n,n,n,n,n,n,n,n,n
e)ce/lkw,n,n,n,n,n,n,n,n,n,n,n,n,n,n,n,n,n
delea/zw,n,n,n,n,n,n,n,n,n,n,n,n,n,n,n,n,n
a)pokue/w,n,n,n,n,n,n,n,n,n,n,n,n,n,n,n,n,n
a)poti/qhmi,n,n,n,n,n,n,n,n,n,n,n,n,n,n,n,n,n
paralogi/zomai,n,n,n,n,n,n,n,n,n,n,n,n,n,n,n,n,n
xalinagwge/w,n,n,n,n,n,n,n,n,n,n,n,n,n,n,n,n,n
a)pata/w,n,n,n,n,n,n,n,n,n,n,n,n,n,n,n,n,n
katadunasteu/w,n,n,n,n,n,n,n,n,n,n,n,n,n,n,n,n,n
e(/lkw,n,n,n,n,n,n,n,n,n,n,n,n,n,n,n,n,n
proswpolhmpte/w,n,y,n,n,n,n,n,n,n,n,n,n,n,n,n,n,n
ptai/w,n,y,n,n,n,n,n,n,n,n,n,n,n,n,n,n,n
katakauxa/omai,n,n,n,n,y,n,n,n,n,n,n,n,n,n,n,n,n
qermai/nomai,n,n,n,n,n,n,n,n,n,n,n,n,n,n,n,n,n
fri/ssw,n,n,n,n,n,n,n,n,n,n,n,n,n,n,n,n,n
meta/gw,n,n,n,n,n,n,n,n,n,n,n,n,n,n,n,n,n
eu)qu/nw,n,n,n,n,n,n,n,n,n,n,n,n,n,n,n,n,n
au)xe/w,n,n,n,n,n,n,n,n,n,n,n,n,n,n,n,n,n
spilo/w,n,n,n,n,n,n,n,n,n,n,n,n,n,n,n,n,n
flogi/zw,n,n,n,n,n,n,n,n,n,n,n,n,n,n,n,n,n
dama/zw,n,n,n,n,n,n,n,n,n,n,n,n,n,n,n,n,n
xrh/,n,n,n,n,n,n,n,n,n,n,n,n,n,n,n,n,n
bru/w,n,n,n,n,n,n,n,n,n,n,n,n,n,n,n,n,n
e)pitugxa/nw,n,n,n,n,n,n,n,n,n,n,n,n,n,n,n,n,n
ma/xomai,n,y,n,n,n,n,n,n,n,n,n,n,n,n,n,n,n
e)pipoqe/w,n,n,n,n,n,n,n,n,n,n,n,n,n,n,n,n,n
katoiki/zw,n,n,n,n,n,n,n,n,n,n,n,n,n,n,n,n,n
a)ntita/ssomai,n,n,n,y,n,n,n,n,n,n,n,n,n,n,n,n,n
a(gni/zw,n,n,n,n,n,n,n,n,n,n,n,n,n,n,n,n,n
talaipwre/w,n,y,n,n,n,n,n,n,n,n,n,n,n,n,n,n,n
metatre/pw,n,n,n,n,n,n,n,n,n,n,n,n,n,n,n,n,n
katalale/w,n,n,n,n,y,n,n,n,n,n,n,n,n,n,n,n,n
e)mporeu/omai,n,n,n,n,n,n,n,n,n,n,n,n,n,n,n,n,n
e)pi/stamai,n,n,n,n,n,n,n,n,n,n,n,n,n,n,n,n,n
a)fani/zw,n,n,n,n,n,n,n,n,n,n,n,n,n,n,n,n,n
o)lolu/zw,n,n,n,n,n,n,n,n,n,n,n,n,n,n,n,n,n
sh/pw,n,n,n,n,n,n,n,n,n,n,n,n,n,n,n,n,n
katio/omai,n,n,n,n,n,n,n,n,n,n,n,n,n,n,n,n,n
a)ma/w,n,n,n,n,n,n,n,n,n,n,n,n,n,n,n,n,n
a)fustere/w,n,n,n,n,n,n,n,n,n,n,n,n,n,n,n,n,n
trufa/w,n,n,n,n,n,n,n,n,n,n,n,n,n,n,n,n,n
spatala/w,n,y,n,n,n,n,n,n,n,n,n,n,n,n,n,n,n
stena/zw,n,n,n,n,n,n,n,n,n,n,n,n,n,n,n,n,n
kakopaqe/w,n,y,n,n,n,n,n,n,n,n,n,n,n,n,n,n,n
eu)qume/w,n,y,n,n,n,n,n,n,n,n,n,n,n,n,n,n,n
ka/mnw,n,n,n,n,n,n,n,n,n,n,n,n,n,n,n,n,n
eu)/xomai,n,n,n,n,n,n,n,n,n,n,n,n,n,n,n,n,n
blasta/nw,n,n,n,n,n,n,n,n,n,n,n,n,n,n,n,n,n
e)chxe/omai,n,n,n,n,n,n,n,n,n,n,n,n,n,n,n,n,n
a)name/nw,n,n,n,n,n,n,n,n,n,n,n,n,n,n,n,n,n
propa/sxw,n,n,n,n,n,n,n,n,n,n,n,n,n,n,n,n,n
parrhsia/zomai,n,n,n,n,n,n,n,n,n,n,n,n,n,n,n,n,n
qa/lpw,n,n,n,n,n,n,n,n,n,n,n,n,n,n,n,n,n
o(mei/romai,n,n,n,n,n,n,n,n,n,n,n,n,n,n,n,n,n
e)pibare/w,n,n,n,n,n,n,n,n,n,n,n,n,n,n,n,n,n
paramuqe/omai,n,n,n,n,n,n,n,n,n,n,n,n,n,n,n,n,n
martu/romai,n,n,n,n,n,n,n,n,n,n,n,n,n,n,n,n,n
e)kdiw/kw,n,n,n,n,n,n,n,n,n,n,n,n,n,n,n,n,n
a)porfani/zw,n,n,n,n,n,n,n,n,n,n,n,n,n,n,n,n,n
spouda/zw,n,n,n,n,n,y,n,n,n,n,n,n,n,n,n,n,n
e)gko/ptw,n,n,n,n,n,n,n,n,n,n,n,n,n,n,n,n,n
sai/nomai,n,n,n,n,n,n,n,n,n,n,n,n,n,n,n,n,n
prole/gw,n,y,n,y,n,n,n,n,n,n,n,y,n,n,n,n,n
qli/bw,n,n,n,n,n,n,n,n,n,n,n,n,n,n,n,n,n
pleona/zw,n,n,n,n,n,n,n,n,n,n,n,n,n,n,n,n,n
u(perbai/nw,n,n,n,n,n,n,n,n,n,n,n,n,n,n,n,n,n
pleonekte/w,n,n,y,n,n,n,n,n,n,n,n,n,n,n,n,n,n
filotime/omai,n,n,n,n,n,n,n,n,n,n,n,n,n,n,n,n,n
lupe/w,n,y,n,n,n,n,n,n,n,n,n,n,n,n,n,n,n
perilei/pomai,n,n,n,n,n,n,n,n,n,n,n,n,n,n,n,n,n
nh/fw,n,y,n,n,n,n,n,n,n,n,n,n,n,n,n,n,n
proi/+sthmi,n,n,n,n,n,n,n,n,n,n,n,n,n,n,n,n,n
ei)rhneu/w,n,y,n,n,n,n,n,n,n,n,n,n,n,n,n,n,n
sbe/nnumi,n,n,n,n,n,n,n,n,n,n,n,n,n,n,n,n,n
e)norki/zw,n,n,n,n,n,n,n,n,n,n,n,n,n,n,n,n,n
meqermhneu/w,n,n,n,n,n,n,n,n,n,n,n,n,n,n,n,n,n
e(rmhneu/w,n,n,n,n,n,n,n,n,n,n,n,n,n,n,n,n,n
xwre/w,n,y,y,n,n,n,n,n,n,n,n,n,n,n,n,n,n
a)ntle/w,n,n,n,n,n,n,n,n,n,n,n,n,n,n,n,n,n
a)nastre/fw,n,n,n,n,n,n,n,n,n,n,n,n,n,n,n,n,n
diatri/bw,n,n,n,n,n,n,n,n,n,n,n,n,n,n,n,n,n
e)latto/w,n,n,n,n,n,n,n,n,n,n,n,n,n,n,n,n,n
a)peiqe/w,n,n,y,n,n,n,n,n,n,n,n,n,n,n,n,n,n
sugxra/omai,n,n,n,y,n,n,n,n,n,n,n,n,n,n,n,n,n
a(/llomai,n,y,n,n,n,n,n,n,n,n,n,n,n,n,n,n,n
a)nagge/llw,n,n,n,n,n,n,n,n,n,n,n,n,n,n,n,n,n
e)pile/gw,n,n,n,n,n,n,n,n,n,n,n,n,n,n,n,n,n
e)kneu/w,n,n,n,n,n,n,n,n,n,n,n,n,n,n,n,n,n
a)ne/rxomai,n,n,n,n,n,n,n,n,n,n,n,n,n,n,n,n,n
bibrw/skw,n,n,n,n,n,n,n,n,n,n,n,n,n,n,n,n,n
a)naxwre/w,n,n,n,n,n,n,n,n,n,n,n,n,n,n,n,n,n
suneise/rxomai,n,n,n,n,n,n,n,n,n,n,n,n,n,n,n,n,n
trw/gw,n,n,n,n,n,n,n,n,n,n,n,n,n,n,n,n,n
meso/w,n,n,n,n,n,n,n,n,n,n,n,n,n,n,n,n,n
xola/w,n,n,n,n,n,n,n,n,n,n,n,n,n,n,n,n,n
r(e/w,n,n,n,n,n,n,n,n,n,n,n,n,n,n,n,n,n
e)leuqero/w,n,n,n,n,n,n,n,n,n,n,n,y,n,n,n,n,n
ptu/w,n,n,n,n,n,n,n,n,n,n,n,n,n,n,n,n,n
e)pixri/w,n,n,n,n,n,n,n,n,n,n,n,n,n,n,n,n,n
ni/ptw,n,y,n,n,n,n,n,n,n,n,n,n,n,n,n,n,n
prosaite/w,n,n,n,n,n,n,n,n,n,n,n,n,n,n,n,n,n
liqa/zw,n,n,n,n,n,n,n,n,n,n,n,n,n,n,n,n,n
e)cupni/zw,n,n,n,n,n,n,n,n,n,n,n,n,n,n,n,n,n
e)mbrima/omai,n,n,n,y,n,n,n,n,n,n,n,n,n,n,n,n,n
dakru/w,n,y,n,n,n,n,n,n,n,n,n,n,n,n,n,n,n
o)/zw,n,n,n,n,n,n,n,n,n,n,n,n,n,n,n,n,n
perii/+sthmi,n,n,y,n,n,n,n,n,n,n,n,n,n,n,n,n,n
peride/w,n,n,n,n,n,n,n,n,n,n,n,n,n,n,n,n,n
pipra/skw,n,n,n,n,n,n,n,n,n,n,n,n,n,n,n,n,n
tuflo/w,n,n,n,n,n,n,n,n,n,n,n,n,n,n,n,n,n
pwro/w,n,y,n,n,n,n,n,n,n,n,n,n,n,n,n,n,n
noe/w,n,y,n,n,n,n,n,n,n,n,n,n,n,n,n,n,n
diazw/nnumi,n,n,n,n,n,n,n,n,n,n,n,n,n,n,n,n,n
lou/w,n,n,n,n,n,n,n,n,n,n,n,n,n,n,n,n,n
neu/w,n,n,n,n,n,n,n,n,n,n,n,n,n,n,n,n,n
e)mfani/zw,n,n,n,n,n,n,n,n,n,n,n,n,n,n,n,n,n
deilia/w,n,n,n,n,n,n,n,n,n,n,n,n,n,n,n,n,n
kaqai/rw,n,n,n,n,n,n,n,n,n,n,n,n,n,n,n,n,n
qarse/w,n,y,n,n,n,n,n,n,n,n,n,n,n,n,n,n,n
a)poko/ptw,n,n,n,n,n,n,n,n,n,n,n,n,n,n,n,n,n
miai/nw,n,n,n,n,n,n,n,n,n,n,n,n,n,n,n,n,n
ple/kw,n,n,n,n,n,n,n,n,n,n,n,n,n,n,n,n,n
kata/gnumi,n,n,n,n,n,n,n,n,n,n,n,n,n,n,n,n,n
sustauro/omai,n,n,n,y,n,n,n,n,n,n,n,n,n,n,n,n,n
nu/ssw,n,n,n,n,n,n,n,n,n,n,n,n,n,n,n,n,n
e)ntafia/zw,n,n,n,n,n,n,n,n,n,n,n,n,n,n,n,n,n
a)gge/llw,n,n,n,n,n,n,n,n,n,n,n,n,n,n,n,n,n
e)mfusa/w,n,n,n,n,n,n,n,n,n,n,n,n,n,n,n,n,n
a(lieu/w,n,y,n,n,n,n,n,n,n,n,n,n,n,n,n,n,n
e)ceta/zw,n,n,n,n,n,n,n,n,n,n,n,n,n,n,n,n,n
zw/nnumi,n,n,n,n,n,n,n,n,n,n,n,n,n,n,n,n,n
ghra/skw,n,n,n,n,n,n,n,n,n,n,n,n,n,n,n,n,n
proepagge/llomai,n,n,n,n,n,n,n,n,n,n,n,n,n,n,n,n,n
sumparakale/omai,n,n,n,n,n,n,n,n,n,n,n,n,n,n,n,n,n
proti/qemai,n,n,n,n,n,n,n,n,n,n,n,y,n,n,n,n,n
kaqora/w,n,n,n,n,n,n,n,n,n,n,n,n,n,n,n,n,n
mataio/omai,n,n,n,n,n,n,n,n,n,n,n,n,n,n,n,n,n
fa/skw,n,n,n,n,n,n,n,n,n,n,n,n,n,n,n,n,n
metalla/ssw,n,n,n,n,n,n,n,n,n,n,n,n,n,n,n,n,n
seba/zomai,n,n,n,n,n,n,n,n,n,n,n,n,n,n,n,n,n
e)kkai/omai,n,n,n,n,n,n,n,n,n,n,n,n,n,n,n,n,n
kaqh/kw,n,n,n,n,n,n,n,n,n,n,n,n,n,n,n,n,n
e)ndei/knumi,n,n,n,n,n,n,n,n,n,n,n,n,n,n,n,n,n
summarture/w,n,n,n,n,n,n,n,n,n,n,n,n,n,n,n,n,n
e)ponoma/zomai,n,n,n,n,n,n,n,n,n,n,n,n,n,n,n,n,n
i(erosule/w,n,y,n,n,n,n,n,n,n,n,n,n,n,n,n,n,n
e)pife/rw,n,n,n,n,n,n,n,n,n,n,n,n,n,n,n,n,n
proe/xomai,n,y,n,n,n,n,n,n,n,n,n,n,n,n,n,n,n
proaitia/omai,n,n,n,n,n,n,n,n,n,n,n,n,n,n,n,n,n
e)kkli/nw,n,y,n,n,n,n,n,n,n,n,n,n,n,n,n,n,n
a)xreio/omai,n,y,n,n,n,n,n,n,n,n,n,n,n,n,n,n,n
dolio/w,n,n,n,n,n,n,n,n,n,n,n,n,n,n,n,n,n
fra/ssw,n,n,n,n,n,n,n,n,n,n,n,n,n,n,n,n,n
progi/nomai,n,n,n,n,n,n,n,n,n,n,n,n,n,n,n,n,n
e)kklei/w,n,y,n,n,n,n,n,n,n,n,n,n,n,n,n,n,n
e)pikalu/ptw,n,n,n,n,n,n,n,n,n,n,n,n,n,n,n,n,n
stoixe/w,n,n,n,n,n,n,n,n,n,n,n,n,n,n,n,n,n
nekro/w,n,n,n,n,n,n,n,n,n,n,n,n,n,n,n,n,n
e)ndunamo/w,n,n,n,n,n,n,n,n,n,n,n,n,n,n,n,n,n
e)lloge/w,n,n,n,n,n,n,n,n,n,n,n,n,n,n,n,n,n
pareise/rxomai,n,n,n,n,n,n,n,n,n,n,n,n,n,n,n,n,n
u(perperisseu/w,n,n,n,n,n,n,n,n,n,n,n,n,n,n,n,n,n
sunqa/ptomai,n,n,n,n,n,n,n,n,n,n,n,n,n,n,n,n,n
suza/w,n,n,n,n,n,n,n,n,n,n,n,n,n,n,n,n,n
su/mfhmi,n,n,n,n,n,n,n,n,n,n,n,n,n,n,n,n,n
para/keimai,n,n,n,n,n,n,n,n,n,n,n,n,n,n,n,n,n
sunh/domai,n,n,n,n,n,n,n,n,n,n,n,n,n,n,n,n,n
a)ntistrateu/omai,n,n,n,n,n,n,n,n,n,n,n,n,n,n,n,n,n
e)noike/w,n,n,n,n,n,n,n,n,n,n,n,n,n,n,n,n,n
sundoca/zomai,n,n,n,n,n,n,n,n,n,n,n,n,n,n,n,n,n
sustena/zw,n,n,n,n,n,n,n,n,n,n,n,n,n,n,n,n,n
sunwdi/nw,n,n,n,n,n,n,n,n,n,n,n,n,n,n,n,n,n
u(perentugxa/nw,n,n,n,n,n,n,n,n,n,n,n,n,n,n,n,n,n
e)ntugxa/nw,n,n,n,n,n,n,n,n,n,n,n,n,n,n,n,n,n
proginw/skw,n,n,n,n,n,n,n,n,n,n,n,n,n,n,n,n,n
e)gkale/w,n,y,n,n,n,n,n,n,n,n,n,n,n,n,n,n,n
u(pernika/w,n,n,n,n,n,n,n,n,n,n,n,n,n,n,n,n,n
oi)kti/rw,n,n,n,n,n,n,n,n,n,n,n,n,n,n,n,n,n
sklhru/nw,n,n,n,n,n,n,n,n,n,n,n,n,n,n,n,n,n
me/mfomai,n,y,n,n,n,n,n,n,n,n,n,n,n,n,n,n,n
pla/ssw,n,n,n,n,n,n,n,n,n,n,n,n,n,n,n,n,n
proetoima/zw,n,n,n,n,n,n,n,n,n,n,n,n,n,n,n,n,n
sunte/mnw,n,n,n,n,n,n,n,n,n,n,n,n,n,n,n,n,n
e)gkatalei/pw,n,n,n,n,n,n,n,n,n,n,n,n,n,n,n,n,n
parorgi/zw,n,n,n,n,n,n,n,n,n,n,n,n,n,n,n,n,n
a)potolma/w,n,n,n,n,n,n,n,n,n,n,n,n,n,n,n,n,n
e)kpeta/nnumi,n,n,n,n,n,n,n,n,n,n,n,n,n,n,n,n,n
a)pwqe/omai,n,n,n,n,n,n,n,n,n,n,n,n,n,n,n,n,n
kataska/ptw,n,n,n,n,n,n,n,n,n,n,n,n,n,n,n,n,n
u(polei/pw,n,n,n,n,n,n,n,n,n,n,n,n,n,n,n,n,n
ka/mptw,n,n,n,n,n,n,n,n,n,n,n,n,n,n,n,n,n
sugka/mptw,n,n,n,n,n,n,n,n,n,n,n,n,n,n,n,n,n
e)kkla/w,n,y,n,n,n,n,n,n,n,n,n,n,n,n,n,n,n
e)gkentri/zw,n,y,n,n,n,n,n,n,n,n,n,n,n,n,n,n,n
prodi/dwmi,n,n,n,n,n,n,n,n,n,n,n,n,n,n,n,n,n
susxhmati/zomai,n,n,n,n,n,n,n,n,n,n,n,n,n,n,n,n,n
metamorfo/omai,n,n,n,n,n,n,n,n,n,n,n,n,n,n,n,n,n
u(perfrone/w,n,n,n,n,n,n,n,n,n,n,n,n,n,n,n,n,n
a)postuge/w,n,n,n,n,n,n,n,n,n,n,n,n,n,n,n,n,n
prohge/omai,n,n,n,n,n,n,n,n,n,n,n,n,n,n,n,n,n
ze/w,n,n,n,n,n,n,n,n,n,n,n,n,n,n,n,n,n
proskartere/w,n,n,n,n,n,n,n,n,n,n,n,n,n,n,n,n,n
koinwne/w,n,n,n,n,n,n,n,n,n,n,n,n,n,n,n,n,n
sunapa/gomai,n,n,n,n,n,n,n,n,n,n,n,n,n,n,n,n,n
pronoe/w,n,n,y,n,n,n,n,n,n,n,n,n,n,n,n,n,n
swreu/w,n,n,n,n,n,n,n,n,n,n,n,n,n,n,n,n,n
u(pere/xw,n,n,n,n,n,n,n,n,n,n,n,n,n,n,n,n,n
a)nakefalaio/w,n,n,n,n,n,n,n,n,n,n,n,n,n,n,n,n,n
a)poba/llw,n,n,n,n,n,n,n,n,n,n,n,n,n,n,n,n,n
proslamba/nomai,n,n,n,n,n,n,n,n,n,n,n,n,n,n,n,n,n
dunate/w,n,n,n,n,n,n,n,n,n,n,n,n,n,n,n,n,n
progra/fw,n,n,n,n,n,n,n,n,n,n,n,n,n,n,n,n,n
e)panamimnh/|skw,n,n,n,n,n,n,n,n,n,n,n,n,n,n,n,n,n
i(erourge/w,n,n,n,n,n,n,n,n,n,n,n,n,n,n,n,n,n
leitourge/w,n,n,n,n,n,n,n,n,n,n,n,n,n,n,n,n,n
e)pitele/w,n,n,n,y,n,n,n,n,n,n,n,n,n,n,n,n,n
sunagwni/zomai,n,n,n,n,n,n,n,n,n,n,n,n,n,n,n,n,n
sunanapau/omai,n,n,n,n,n,n,n,n,n,n,n,n,n,n,n,n,n
u(poti/qhmi,n,n,n,n,n,n,n,n,n,n,n,n,n,n,n,n,n
a)fikne/omai,n,n,n,n,n,n,n,n,n,n,n,n,n,n,n,n,n
u(perauca/nw,n,n,n,n,n,n,n,n,n,n,n,n,n,n,n,n,n
e)gkauxa/omai,n,n,n,n,n,n,n,n,n,n,n,n,n,n,n,n,n
ti/nw,n,n,n,n,n,n,n,n,n,n,n,n,n,n,n,n,n
e)ndoca/zomai,n,n,n,n,n,n,n,n,n,n,n,n,n,n,n,n,n
qroe/omai,n,y,n,n,n,n,n,n,n,n,n,n,n,n,n,n,n
u(perai/romai,n,n,n,n,n,n,n,n,n,n,n,n,n,n,n,n,n
ai(re/omai,n,n,n,n,n,n,n,n,n,n,n,n,n,n,n,n,n
ste/llomai,n,n,n,n,n,n,n,n,n,n,n,n,n,n,n,n,n
mime/omai,n,n,n,n,n,n,n,n,n,n,n,n,n,n,n,n,n
a)takte/w,n,n,n,n,n,n,n,n,n,n,n,n,n,n,n,n,n
perierga/zomai,n,n,n,n,n,n,n,n,n,n,n,n,n,n,n,n,n
kalopoie/w,n,n,n,n,n,n,n,n,n,n,n,n,n,n,n,n,n
shmeio/omai,n,n,n,n,n,n,n,n,n,n,n,n,n,n,n,n,n
e)na/rxomai,n,n,n,y,n,n,n,n,n,n,n,n,n,n,n,n,n
politeu/omai,n,n,n,n,n,n,n,n,n,n,n,n,n,n,n,n,n
sunaqle/w,n,n,n,n,n,n,n,n,n,n,n,n,n,n,n,n,n
ptu/romai,n,n,n,n,n,n,n,n,n,n,n,n,n,n,n,n,n
u(peruyo/w,n,n,n,n,n,n,n,n,n,n,n,n,n,n,n,n,n
spe/ndomai,n,n,n,n,n,n,n,n,n,n,n,n,n,n,n,n,n
eu)yuxe/w,n,n,n,n,n,n,n,n,n,n,n,n,n,n,n,n,n
a)fora/w,n,n,n,n,n,n,n,n,n,n,n,n,n,n,n,n,n
a)dhmone/w,n,n,n,n,n,n,n,n,n,n,n,n,n,n,n,n,n
paraboleu/omai,n,n,n,n,n,n,n,n,n,n,n,n,n,n,n,n,n
summorfi/zomai,n,n,n,n,n,n,n,n,n,n,n,n,n,n,n,n,n
e)pektei/nomai,n,n,n,n,n,n,n,n,n,n,n,n,n,n,n,n,n
froure/w,n,n,n,n,n,n,n,n,n,n,n,n,n,n,n,n,n
a)naqa/llw,n,n,n,n,n,n,n,n,n,n,n,n,n,n,n,n,n
a)kaire/omai,n,n,n,n,n,n,n,n,n,n,n,n,n,n,n,n,n
mue/omai,n,n,n,n,n,n,n,n,n,n,n,n,n,n,n,n,n
a)nh/kw,n,n,n,n,n,n,n,n,n,n,n,n,n,n,n,n,n
a)poti/nw,n,n,n,n,n,n,n,n,n,n,n,n,n,n,n,n,n
prosofei/lw,n,n,n,n,n,n,n,n,n,n,n,n,n,n,n,n,n
o)ni/nhmi,n,n,n,n,n,n,n,n,n,n,n,n,n,n,n,n,n
a)nalamba/nw,n,n,n,n,n,n,n,n,n,n,n,n,n,n,n,n,n
o)pta/nomai,n,n,n,n,n,n,n,n,n,n,n,n,n,n,n,n,n
sunali/zomai,n,n,n,n,n,n,n,n,n,n,n,n,n,n,n,n,n
perime/nw,n,n,n,n,n,n,n,n,n,n,n,n,n,n,n,n,n
katame/nw,n,n,n,n,n,n,n,n,n,n,n,n,n,n,n,n,n
katariqme/w,n,n,n,n,n,n,n,n,n,n,n,n,n,n,n,n,n
laka/w,n,n,n,n,n,n,n,n,n,n,n,n,n,n,n,n,n
parabai/nw,n,n,n,n,n,n,n,n,n,n,n,n,n,n,n,n,n
sugkatayhfi/zomai,n,n,n,n,n,n,n,n,n,n,n,n,n,n,n,n,n
a)pofqe/ggomai,n,n,n,n,n,n,n,n,n,n,n,n,n,n,n,n,n
sugxe/w,n,n,n,n,n,n,n,n,n,n,n,n,n,n,n,n,n
e)pidhme/w,n,n,n,n,n,n,n,n,n,n,n,n,n,n,n,n,n
diaxleua/zw,n,n,n,n,n,n,n,n,n,n,n,n,n,n,n,n,n
mesto/w,n,n,n,n,n,n,n,n,n,n,n,n,n,n,n,n,n
e)nwti/zomai,n,n,n,n,n,n,n,n,n,n,n,n,n,n,n,n,n
e)nupnia/zomai,n,n,n,n,n,n,n,n,n,n,n,n,n,n,n,n,n
metastre/fw,n,n,n,n,n,n,n,n,n,n,n,n,n,n,n,n,n
prosph/gnumi,n,n,n,n,n,n,n,n,n,n,n,n,n,n,n,n,n
proora/w,n,n,n,n,n,n,n,n,n,n,n,n,n,n,n,n,n
katanu/ssomai,n,n,n,n,n,n,n,n,n,n,n,n,n,n,n,n,n
metalamba/nw,n,n,n,n,n,n,n,n,n,n,n,n,n,n,n,n,n
ei)/seimi,n,n,n,n,n,n,n,n,n,n,n,n,n,n,n,n,n
stereo/w,n,n,n,n,n,n,n,n,n,n,n,n,n,n,n,n,n
e)ca/llomai,n,n,n,n,n,n,n,n,n,n,n,n,n,n,n,n,n
suntre/xw,n,n,n,n,n,n,n,n,n,n,n,n,n,n,n,n,n
prokatagge/llw,n,n,n,n,n,n,n,n,n,n,n,n,n,n,n,n,n
proxeiri/zomai,n,n,n,n,n,n,n,n,n,n,n,n,n,n,n,n,n
e)coleqreu/w,n,n,n,n,n,n,n,n,n,n,n,n,n,n,n,n,n
e)neuloge/w,n,n,n,n,n,n,n,n,n,n,n,n,n,n,n,n,n
diapone/omai,n,n,n,n,n,n,n,n,n,n,n,n,n,n,n,n,n
diane/mw,n,n,n,n,n,n,n,n,n,n,n,n,n,n,n,n,n
a)peile/w,n,n,n,n,n,n,n,n,n,n,n,n,n,n,n,n,n
fqe/ggomai,n,n,n,n,n,n,n,n,n,n,n,n,n,n,n,n,n
prosapeile/omai,n,n,n,n,n,n,n,n,n,n,n,n,n,n,n,n,n
kola/zw,n,n,n,n,n,n,n,n,n,n,n,n,n,n,n,n,n
frua/ssw,n,n,n,n,n,n,n,n,n,n,n,n,n,n,n,n,n
meleta/w,n,n,n,n,n,n,n,n,n,n,n,n,n,n,n,n,n
nosfi/zomai,n,n,n,n,n,n,n,n,n,n,n,n,n,n,n,n,n
e)kyu/xw,n,n,n,n,n,n,n,n,n,n,n,n,n,n,n,n,n
o)xle/omai,n,n,n,n,n,n,n,n,n,n,n,n,n,n,n,n,n
e)pa/gw,n,n,n,n,n,n,n,n,n,n,n,n,n,n,n,n,n
peiqarxe/w,n,n,n,n,n,n,n,n,n,n,n,n,n,n,n,n,n
diaxeiri/zomai,n,n,n,n,n,n,n,n,n,n,n,n,n,n,n,n,n
diapri/omai,n,n,n,n,n,n,n,n,n,n,n,n,n,n,n,n,n
proskli/nomai,n,n,n,n,n,n,n,n,n,n,n,n,n,n,n,n,n
dialu/w,n,n,n,n,n,n,n,n,n,n,n,n,n,n,n,n,n
plhqu/nw,n,y,n,n,n,n,n,n,n,n,n,y,n,n,n,n,n
paraqewre/w,n,n,n,n,n,n,n,n,n,n,n,n,n,n,n,n,n
u(poba/llw,n,n,n,n,n,n,n,n,n,n,n,n,n,n,n,n,n
sugkine/w,n,n,n,n,n,n,n,n,n,n,n,n,n,n,n,n,n
metoiki/zw,n,n,y,n,n,n,n,n,n,n,n,n,n,n,n,n,n
kako/w,n,n,n,n,n,n,n,n,n,n,n,n,n,n,n,n,n
e)caire/w,n,n,n,n,n,n,n,n,n,n,n,n,n,n,n,n,n
a)nagnwri/zomai,n,n,n,n,n,n,n,n,n,n,n,n,n,n,n,n,n
metakale/omai,n,n,n,n,n,n,n,n,n,n,n,n,n,n,n,n,n
metati/qhmi,n,n,n,n,n,n,n,n,n,n,n,n,n,n,n,n,n
w)ne/omai,n,n,n,n,n,n,n,n,n,n,n,n,n,n,n,n,n
katasofi/zomai,n,n,n,n,n,n,n,n,n,n,n,n,n,n,n,n,n
a)natre/fw,n,n,n,n,n,n,n,n,n,n,n,n,n,n,n,n,n
e)kti/qhmi,n,n,n,n,n,n,n,n,n,n,n,n,n,n,n,n,n
a)mu/nomai,n,n,n,n,n,n,n,n,n,n,n,n,n,n,n,n,n
katapone/w,n,n,n,n,n,n,n,n,n,n,n,n,n,n,n,n,n
e)/peimi,n,n,n,n,n,n,n,n,n,n,n,n,n,n,n,n,n
sunalla/ssw,n,n,n,n,n,n,n,n,n,n,n,n,n,n,n,n,n
mosxopoie/w,n,n,n,n,n,n,n,n,n,n,n,n,n,n,n,n,n
diade/xomai,n,n,n,n,n,n,n,n,n,n,n,n,n,n,n,n,n
e)cwqe/w,n,n,n,n,n,n,n,n,n,n,n,n,n,n,n,n,n
a)ntipi/ptw,n,n,n,n,n,n,n,n,n,n,n,n,n,n,n,n,n
bru/xw,n,n,n,n,n,n,n,n,n,n,n,n,n,n,n,n,n
diaspei/rw,n,n,n,n,n,n,n,n,n,n,n,n,n,n,n,n,n
sugkomi/zw,n,n,n,n,n,n,n,n,n,n,n,n,n,n,n,n,n
lumai/nomai,n,n,n,n,n,n,n,n,n,n,n,n,n,n,n,n,n
mageu/w,n,n,n,n,n,n,n,n,n,n,n,n,n,n,n,n,n
prostre/xw,n,n,n,n,n,n,n,n,n,n,n,n,n,n,n,n,n
e)mpne/w,n,n,n,n,n,n,n,n,n,n,n,n,n,n,n,n,n
periastra/ptw,n,n,n,n,n,n,n,n,n,n,n,n,n,n,n,n,n
sunodeu/w,n,n,n,n,n,n,n,n,n,n,n,n,n,n,n,n,n
xeiragwge/w,n,n,n,n,n,n,n,n,n,n,n,n,n,n,n,n,n
a)popi/ptw,n,n,n,n,n,n,n,n,n,n,n,n,n,n,n,n,n
porqe/w,n,n,n,n,n,n,n,n,n,n,n,n,n,n,n,n,n
o)kne/w,n,n,n,n,n,y,n,n,n,n,n,n,n,n,n,n,n
metape/mpomai,n,n,n,n,n,n,n,n,n,n,n,n,n,n,n,n,n
ceni/zw,n,y,n,n,n,n,n,n,n,n,n,n,n,n,n,n,n
o(doipore/w,n,n,n,n,n,n,n,n,n,n,n,n,n,n,n,n,n
koino/w,n,n,n,n,n,n,n,n,n,n,n,n,n,n,n,n,n
dierwta/w,n,n,n,n,n,n,n,n,n,n,n,n,n,n,n,n,n
dienqume/omai,n,n,n,n,n,n,n,n,n,n,n,n,n,n,n,n,n
ei)skale/omai,n,n,y,n,n,n,n,n,n,n,n,n,n,n,n,n,n
sunomile/w,n,n,n,n,n,n,n,n,n,n,n,n,n,n,n,n,n
eu)ergete/w,n,n,n,n,n,n,n,n,n,n,n,n,n,n,n,n,n
proxeirotone/w,n,n,n,n,n,n,n,n,n,n,n,n,n,n,n,n,n
sumpi/nw,n,n,n,n,n,n,n,n,n,n,n,n,n,n,n,n,n
prosme/nw,n,n,n,n,n,n,n,n,n,n,n,n,n,n,n,n,n
eu)pore/omai,n,n,n,n,n,n,n,n,n,n,n,n,n,n,n,n,n
u(pode/omai,n,n,n,n,n,n,n,n,n,n,n,n,n,n,n,n,n
sunora/w,n,n,n,n,n,n,n,n,n,n,n,n,n,n,n,n,n
sunaqroi/zw,n,n,n,n,n,n,n,n,n,n,n,n,n,n,n,n,n
ei)stre/xw,n,n,n,n,n,n,n,n,n,n,n,n,n,n,n,n,n
katasei/w,n,n,n,n,n,n,n,n,n,n,n,n,n,n,n,n,n
qumomaxe/w,n,n,n,n,n,n,n,n,n,n,n,n,n,n,n,n,n
dhmhgore/w,n,n,n,n,n,n,n,n,n,n,n,n,n,n,n,n,n
sumparalamba/nw,n,n,n,n,n,n,n,n,n,n,n,n,n,n,n,n,n
e)kpe/mpw,n,n,n,n,n,n,n,n,n,n,n,n,n,n,n,n,n
a)pople/w,n,n,n,n,n,n,n,n,n,n,n,n,n,n,n,n,n
tropofore/w,n,n,n,n,n,n,n,n,n,n,n,n,n,n,n,n,n
kataklhronome/w,n,n,n,n,n,n,n,n,n,n,n,n,n,n,n,n,n
prokhru/ssw,n,n,n,n,n,n,n,n,n,n,n,n,n,n,n,n,n
u(ponoe/w,n,n,n,n,n,n,n,n,n,n,n,n,n,n,n,n,n
sunanabai/nw,n,n,n,n,n,n,n,n,n,n,n,n,n,n,n,n,n
e)kplhro/w,n,n,n,n,n,n,n,n,n,n,n,n,n,n,n,n,n
u(phrete/w,n,n,n,n,n,n,n,n,n,n,n,n,n,n,n,n,n
e)kdihge/omai,n,n,n,n,n,n,n,n,n,n,n,n,n,n,n,n,n
e)/ceimi,n,n,n,n,n,n,n,n,n,n,n,n,n,n,n,n,n
se/bomai,n,n,n,n,n,n,n,n,n,n,n,n,n,n,n,n,n
proslale/w,n,n,n,n,n,n,n,n,n,n,n,n,n,n,n,n,n
parotru/nw,n,n,n,n,n,n,n,n,n,n,n,n,n,n,n,n,n
e)pegei/rw,n,n,n,n,n,n,n,n,n,n,n,n,n,n,n,n,n
e)ktina/ssw,n,n,n,n,n,n,n,n,n,n,n,n,n,n,n,n,n
katafeu/gw,n,n,n,n,n,n,n,n,n,n,n,n,n,n,n,n,n
e)kphda/w,n,n,n,n,n,n,n,n,n,n,n,n,n,n,n,n,n
paroi/xomai,n,n,n,n,n,n,n,n,n,n,n,n,n,n,n,n,n
a)gaqourge/w,n,n,n,n,n,n,n,n,n,n,n,n,n,n,n,n,n
katapau/w,n,n,n,n,n,n,n,n,n,n,n,n,n,n,n,n,n
maqhteu/w,n,n,n,n,n,n,n,n,n,n,n,n,n,n,n,n,n
e)pisthri/zw,n,n,n,n,n,n,n,n,n,n,n,n,n,n,n,n,n
e)mme/nw,n,n,n,n,n,n,n,n,n,n,n,n,n,n,n,n,n
xeirotone/w,n,n,n,n,n,n,n,n,n,n,n,n,n,n,n,n,n
parade/xomai,n,n,n,n,n,n,n,n,n,n,n,n,n,n,n,n,n
a)noikodome/w,n,n,n,n,n,n,n,n,n,n,n,n,n,n,n,n,n
parenoxle/w,n,n,n,n,n,n,n,n,n,n,n,n,n,n,n,n,n
e)piste/llw,n,n,n,n,n,n,n,n,n,n,n,n,n,n,n,n,n
a)naskeua/zw,n,n,n,n,n,n,n,n,n,n,n,n,n,n,n,n,n
diaste/llomai,n,n,n,n,n,n,n,n,n,n,n,n,n,n,n,n,n
r(w/nnumai,n,y,n,n,n,n,n,n,n,n,n,n,n,n,n,n,n
e)kple/w,n,n,n,n,n,n,n,n,n,n,n,n,n,n,n,n,n
eu)qudrome/w,n,n,n,n,n,n,n,n,n,n,n,n,n,n,n,n,n
manteu/omai,n,n,n,n,n,n,n,n,n,n,n,n,n,n,n,n,n
e)ktara/ssw,n,n,n,n,n,n,n,n,n,n,n,n,n,n,n,n,n
sunefi/sthmi,n,n,n,n,n,n,n,n,n,n,n,n,n,n,n,n,n
perirh/gnumi,n,n,n,n,n,n,n,n,n,n,n,n,n,n,n,n,n
r(abdi/zw,n,n,n,n,n,n,n,n,n,n,n,n,n,n,n,n,n
a)sfali/zw,n,y,n,n,n,n,n,n,n,n,n,n,n,n,n,n,n
u(mne/w,n,n,n,n,n,n,n,n,n,n,n,n,n,n,n,n,n
e)pakroa/omai,n,n,n,n,n,n,n,n,n,n,n,n,n,n,n,n,n
a)ni/hmi,n,n,n,n,n,n,n,n,n,n,n,n,n,n,n,n,n
spa/omai,n,n,n,n,n,n,n,n,n,n,n,n,n,n,n,n,n
ei)sphda/w,n,n,n,n,n,n,n,n,n,n,n,n,n,n,n,n,n
diale/gomai,n,n,n,n,n,n,n,n,n,n,n,n,n,n,n,n,n
prosklhro/omai,n,n,n,n,n,n,n,n,n,n,n,n,n,n,n,n,n
o)xlopoie/w,n,n,n,n,n,n,n,n,n,n,n,n,n,n,n,n,n
qorube/w,n,y,n,n,n,n,n,n,n,n,n,n,n,n,n,n,n
a)nastato/w,n,n,n,n,n,n,n,n,n,n,n,n,n,n,n,n,n
paratugxa/nw,n,n,n,n,n,n,n,n,n,n,n,n,n,n,n,n,n
a)naqewre/w,n,n,n,n,n,n,n,n,n,n,n,n,n,n,n,n,n
eu)sebe/w,n,n,n,n,n,n,n,n,n,n,n,n,n,n,n,n,n
prosde/omai,n,n,n,n,n,n,n,n,n,n,n,n,n,n,n,n,n
u(perora/w,n,n,n,n,n,n,n,n,n,n,n,n,n,n,n,n,n
xleua/zw,n,n,n,n,n,n,n,n,n,n,n,n,n,n,n,n,n
sunomore/w,n,n,n,n,n,n,n,n,n,n,n,n,n,n,n,n,n
katefi/sthmi,n,n,n,n,n,n,n,n,n,n,n,n,n,n,n,n,n
a)napei/qw,n,n,n,n,n,n,n,n,n,n,n,n,n,n,n,n,n
a)pelau/nw,n,n,n,n,n,n,n,n,n,n,n,n,n,n,n,n,n
e)pineu/w,n,n,n,n,n,n,n,n,n,n,n,n,n,n,n,n,n
protre/pomai,n,n,n,n,n,n,n,n,n,n,n,n,n,n,n,n,n
diakatele/gxomai,n,n,n,n,n,n,n,n,n,n,n,n,n,n,n,n,n
kakologe/w,n,n,n,n,n,n,n,n,n,n,n,n,n,n,n,n,n
perie/rxomai,n,n,n,n,n,n,n,n,n,n,n,n,n,n,n,n,n
o(rki/zw,n,n,n,n,n,n,n,n,n,n,n,n,n,n,n,n,n
e)fa/llomai,n,n,n,n,n,n,n,n,n,n,n,n,n,n,n,n,n
katakurieu/w,n,n,n,n,n,n,n,n,n,n,n,n,n,n,n,n,n
sumyhfi/zw,n,n,n,n,n,n,n,n,n,n,n,n,n,n,n,n,n
kataste/llw,n,n,n,n,n,n,n,n,n,n,n,n,n,n,n,n,n
e)pilu/w,n,n,n,n,n,n,n,n,n,n,n,n,n,n,n,n,n
sune/pomai,n,n,n,n,n,n,n,n,n,n,n,n,n,n,n,n,n
paratei/nw,n,n,n,n,n,n,n,n,n,n,n,n,n,n,n,n,n
katafe/rw,n,n,n,n,n,n,n,n,n,n,n,n,n,n,n,n,n
sumperilamba/nw,n,n,n,n,n,n,n,n,n,n,n,n,n,n,n,n,n
pezeu/w,n,n,n,n,n,n,n,n,n,n,n,n,n,n,n,n,n
paraba/llw,n,n,n,n,n,n,n,n,n,n,n,n,n,n,n,n,n
paraple/w,n,n,n,n,n,n,n,n,n,n,n,n,n,n,n,n,n
xronotribe/w,n,n,n,n,n,n,n,n,n,n,n,n,n,n,n,n,n
e)pibai/nw,n,n,n,n,n,n,n,n,n,n,n,n,n,n,n,n,n
u(poste/llw,n,n,n,n,n,n,n,n,n,n,n,n,n,n,n,n,n
a)poforti/zomai,n,n,n,n,n,n,n,n,n,n,n,n,n,n,n,n,n
e)carti/zw,n,n,n,n,n,n,n,n,n,n,n,n,n,n,n,n,n
dianu/w,n,n,n,n,n,n,n,n,n,n,n,n,n,n,n,n,n
sunqru/ptw,n,n,n,n,n,n,n,n,n,n,n,n,n,n,n,n,n
e)piskeua/zomai,n,n,n,n,n,n,n,n,n,n,n,n,n,n,n,n,n
katatre/xw,n,n,n,n,n,n,n,n,n,n,n,n,n,n,n,n,n
timwre/w,n,n,n,n,n,n,n,n,n,n,n,n,n,n,n,n,n
fulaki/zw,n,n,n,n,n,n,n,n,n,n,n,n,n,n,n,n,n
a)neta/zw,n,n,n,n,n,n,n,n,n,n,n,n,n,n,n,n,n
protei/nw,n,n,n,n,n,n,n,n,n,n,n,n,n,n,n,n,n
masti/zw,n,n,n,n,n,n,n,n,n,n,n,n,n,n,n,n,n
konia/w,n,n,n,n,n,n,n,n,n,n,n,n,n,n,n,n,n
paranome/w,n,n,n,n,n,n,n,n,n,n,n,n,n,n,n,n,n
diama/xomai,n,n,n,n,n,n,n,n,n,n,n,n,n,n,n,n,n
diaspa/w,n,n,n,n,n,n,n,n,n,n,n,n,n,n,n,n,n
a)naqemati/zw,n,n,n,n,n,n,n,n,n,n,n,n,n,n,n,n,n
diaginw/skw,n,n,n,n,n,n,n,n,n,n,n,n,n,n,n,n,n
e)klale/w,n,n,n,n,n,n,n,n,n,n,n,n,n,n,n,n,n
a)nadi/dwmi,n,n,n,n,n,n,n,n,n,n,n,n,n,n,n,n,n
diakou/w,n,n,n,n,n,n,n,n,n,n,n,n,n,n,n,n,n
bebhlo/w,n,n,n,n,n,n,n,n,n,n,n,n,n,n,n,n,n
sunepiti/qemai,n,n,n,n,n,n,n,n,n,n,n,n,n,n,n,n,n
a)ske/w,n,n,n,n,n,n,n,n,n,n,n,n,n,n,n,n,n
a)naba/llomai,n,n,n,n,n,n,n,n,n,n,n,n,n,n,n,n,n
katati/qhmi,n,n,n,n,n,n,n,n,n,n,n,n,n,n,n,n,n
sugkatabai/nw,n,n,n,n,n,n,n,n,n,n,n,n,n,n,n,n,n
diagi/nomai,n,n,n,n,n,n,n,n,n,n,n,n,n,n,n,n,n
a)nati/qemai,n,n,n,n,n,n,n,n,n,n,n,n,n,n,n,n,n
sumpa/reimi,n,n,n,n,n,n,n,n,n,n,n,n,n,n,n,n,n
e)mmai/nomai,n,n,n,n,n,n,n,n,n,n,n,n,n,n,n,n,n
lakti/zw,n,y,n,n,n,n,n,n,n,n,n,n,n,n,n,n,n
peira/w,n,n,n,n,n,n,n,n,n,n,n,n,n,n,n,n,n
peritre/pw,n,n,n,n,n,n,n,n,n,n,n,n,n,n,n,n,n
sugka/qhmai,n,n,n,n,n,n,n,n,n,n,n,n,n,n,n,n,n
u(pople/w,n,n,n,n,n,n,n,n,n,n,n,n,n,n,n,n,n
diaple/w,n,n,n,n,n,n,n,n,n,n,n,n,n,n,n,n,n
e)mbiba/zw,n,n,n,n,n,n,n,n,n,n,n,n,n,n,n,n,n
braduploe/w,n,n,n,n,n,n,n,n,n,n,n,n,n,n,n,n,n
prosea/w,n,n,n,n,n,n,n,n,n,n,n,n,n,n,n,n,n
parale/gomai,n,n,n,n,n,n,n,n,n,n,n,n,n,n,n,n,n
paraine/w,n,n,n,n,n,n,n,n,n,n,n,n,n,n,n,n,n
u(popne/w,n,n,n,n,n,n,n,n,n,n,n,n,n,n,n,n,n
a)ntofqalme/w,n,n,n,n,n,n,n,n,n,n,n,n,n,n,n,n,n
u(potre/xw,n,n,n,n,n,n,n,n,n,n,n,n,n,n,n,n,n
u(pozw/nnumi,n,n,n,n,n,n,n,n,n,n,n,n,n,n,n,n,n
xeima/zomai,n,n,n,n,n,n,n,n,n,n,n,n,n,n,n,n,n
periaire/w,n,n,n,n,n,n,n,n,n,n,n,n,n,n,n,n,n
boli/zw,n,n,n,n,n,n,n,n,n,n,n,n,n,n,n,n,n
diatele/w,n,n,n,n,n,n,n,n,n,n,n,n,n,n,n,n,n
koufi/zw,n,n,n,n,n,n,n,n,n,n,n,n,n,n,n,n,n
e)pike/llw,n,n,n,n,n,n,n,n,n,n,n,n,n,n,n,n,n
e)rei/dw,n,n,n,n,n,n,n,n,n,n,n,n,n,n,n,n,n
e)kkolumba/w,n,n,n,n,n,n,n,n,n,n,n,n,n,n,n,n,n
diafeu/gw,n,n,n,n,n,n,n,n,n,n,n,n,n,n,n,n,n
kolumba/w,n,n,n,n,n,n,n,n,n,n,n,n,n,n,n,n,n
a)pori/ptw,n,n,n,n,n,n,n,n,n,n,n,n,n,n,n,n,n
sustre/fw,n,n,n,n,n,n,n,n,n,n,n,n,n,n,n,n,n
kaqa/ptw,n,n,n,n,n,n,n,n,n,n,n,n,n,n,n,n,n
pi/mprhmi,n,n,n,n,n,n,n,n,n,n,n,n,n,n,n,n,n
metaba/llomai,n,n,n,n,n,n,n,n,n,n,n,n,n,n,n,n,n
a)nade/xomai,n,n,n,n,n,n,n,n,n,n,n,n,n,n,n,n,n
e)pigi/nomai,n,n,n,n,n,n,n,n,n,n,n,n,n,n,n,n,n
paxu/nomai,n,n,n,n,n,n,n,n,n,n,n,n,n,n,n,n,n
kammu/w,n,n,n,n,n,n,n,n,n,n,n,n,n,n,n,n,n
e)/sqw,n,n,n,n,n,n,n,n,n,n,n,n,n,n,n,n,n
ku/ptw,n,n,n,n,n,n,n,n,n,n,n,n,n,n,n,n,n
a)mfiba/llw,n,n,n,n,n,n,n,n,n,n,n,n,n,n,n,n,n
qambe/omai,n,n,n,n,n,n,n,n,n,n,n,n,n,n,n,n,n
pure/ssw,n,n,n,n,n,n,n,n,n,n,n,n,n,n,n,n,n
katadiw/kw,n,n,n,n,n,n,n,n,n,n,n,n,n,n,n,n,n
gonupete/w,n,n,n,n,n,n,n,n,n,n,n,n,n,n,n,n,n
diafhmi/zw,n,n,n,n,n,n,n,n,n,n,n,n,n,n,n,n,n
a)postega/zw,n,n,n,n,n,n,n,n,n,n,n,n,n,n,n,n,n
e)coru/ssw,n,n,n,n,n,n,n,n,n,n,n,n,n,n,n,n,n
e)pira/ptw,n,n,n,n,n,n,n,n,n,n,n,n,n,n,n,n,n
paraporeu/omai,n,n,n,n,n,n,n,n,n,n,n,n,n,n,n,n,n
sullupe/omai,n,n,n,n,n,n,n,n,n,n,n,n,n,n,n,n,n
diarpa/zw,n,n,n,n,n,n,n,n,n,n,n,n,n,n,n,n,n
e)canate/llw,n,n,n,n,n,n,n,n,n,n,n,n,n,n,n,n,n
mhku/nomai,n,n,n,n,n,n,n,n,n,n,n,n,n,n,n,n,n
kopa/zw,n,n,n,n,n,n,n,n,n,n,n,n,n,n,n,n,n
katako/ptw,n,n,n,n,n,n,n,n,n,n,n,n,n,n,n,n,n
pni/gw,n,n,n,n,n,n,n,n,n,n,n,n,n,n,n,n,n
sunqli/bw,n,n,n,n,n,n,n,n,n,n,n,n,n,n,n,n,n
parakou/w,n,n,n,n,n,n,n,n,n,n,n,n,n,n,n,n,n
koum,n,n,n,n,n,n,n,n,n,n,n,n,n,n,n,n,n
prosormi/zomai,n,n,n,n,n,n,n,n,n,n,n,n,n,n,n,n,n
peritre/xw,n,n,n,n,n,n,n,n,n,n,n,n,n,n,n,n,n
perife/rw,n,n,n,n,n,n,n,n,n,n,n,n,n,n,n,n,n
a)kuro/w,n,n,n,n,n,n,n,n,n,n,n,n,n,n,n,n,n
effaqa,n,n,n,n,n,n,n,n,n,n,n,n,n,n,n,n,n
e)klu/omai,n,n,n,n,n,n,n,n,n,n,n,n,n,n,n,n,n
a)nastena/zw,n,n,n,n,n,n,n,n,n,n,n,n,n,n,n,n,n
sti/lbw,n,n,n,n,n,n,n,n,n,n,n,n,n,n,n,n,n
e)coudene/w,n,n,n,n,n,n,n,n,n,n,n,n,n,n,n,n,n
e)kqambe/omai,n,y,n,n,n,n,n,n,n,n,n,n,n,n,n,n,n
a)fri/zw,n,n,n,n,n,n,n,n,n,n,n,n,n,n,n,n,n
tri/zw,n,n,n,n,n,n,n,n,n,n,n,n,n,n,n,n,n
kuli/omai,n,n,n,n,n,n,n,n,n,n,n,n,n,n,n,n,n
e)pisuntre/xw,n,n,n,n,n,n,n,n,n,n,n,n,n,n,n,n,n
e)nagkali/zomai,n,n,n,n,n,n,n,n,n,n,n,n,n,n,n,n,n
a(li/zw,n,n,n,y,n,n,n,n,n,n,n,n,n,n,n,n,n
proskolla/omai,n,n,n,n,n,n,n,n,n,n,n,n,n,n,n,n,n
suzeu/gnumi,n,n,n,n,n,n,n,n,n,n,n,n,n,n,n,n,n
moixa/omai,n,n,n,n,n,n,n,n,n,n,n,n,n,n,n,n,n
kateuloge/w,n,n,n,n,n,n,n,n,n,n,n,n,n,n,n,n,n
stugna/zw,n,n,n,n,n,n,n,n,n,n,n,n,n,n,n,n,n
prosporeu/omai,n,n,n,n,n,n,n,n,n,n,n,n,n,n,n,n,n
katecousia/zw,n,n,n,n,n,n,n,n,n,n,n,n,n,n,n,n,n
a)naphda/w,n,n,n,n,n,n,n,n,n,n,n,n,n,n,n,n,n
katastre/fw,n,n,n,n,n,n,n,n,n,n,n,n,n,n,n,n,n
o)ru/ssw,n,n,n,n,n,n,n,n,n,n,n,n,n,n,n,n,n
kefalio/w,n,n,y,n,n,n,n,n,n,n,n,n,n,n,n,n,n
a)greu/w,n,n,n,n,n,n,n,n,n,n,n,n,n,n,n,n,n
e)kqauma/zw,n,y,n,n,n,n,n,n,n,n,n,n,n,n,n,n,n
promerimna/w,n,n,n,n,n,n,n,n,n,n,n,n,n,n,n,n,n
e)pani/stamai,n,n,n,n,n,n,n,n,n,n,n,n,n,n,n,n,n
kolobo/w,n,n,n,n,n,n,n,n,n,n,n,n,n,n,n,n,n
a)poplana/w,n,n,n,n,n,n,n,n,n,n,n,n,n,n,n,n,n
e)kfu/w,n,n,n,n,n,n,n,n,n,n,n,n,n,n,n,n,n
kataxe/w,n,n,n,n,n,n,n,n,n,n,n,n,n,n,n,n,n
muri/zw,n,n,n,n,n,n,n,n,n,n,n,n,n,n,n,n,n
e)mba/ptw,n,n,n,n,n,n,n,n,n,n,n,n,n,n,n,n,n
sunapoqnh/|skw,n,n,n,n,n,n,n,n,n,n,n,n,n,n,n,n,n
katabaru/nomai,n,n,n,n,n,n,n,n,n,n,n,n,n,n,n,n,n
katamarture/w,n,n,n,n,n,n,n,n,n,n,n,n,y,n,n,n,n
o(moia/zw,n,n,n,n,n,n,n,n,n,n,n,n,n,n,n,n,n
fragello/w,n,n,n,n,n,n,n,n,n,n,n,n,n,n,n,n,n
a)ggareu/w,n,n,n,n,n,n,n,n,n,n,n,n,n,n,n,n,n
smurni/zw,n,n,n,n,n,n,n,n,n,n,n,n,n,n,n,n,n
sabaxqa/ni,n,n,n,n,n,n,n,n,n,n,n,n,n,n,n,n,n
dwre/omai,n,n,n,n,n,n,n,n,n,n,n,n,n,n,n,n,n
e)neile/w,n,n,n,n,n,n,n,n,n,n,n,n,n,n,n,n,n
latome/w,n,n,n,n,n,n,n,n,n,n,n,n,n,n,n,n,n
proskuli/w,n,n,n,n,n,n,n,n,n,n,n,n,n,n,n,n,n
e)cagge/llw,n,n,n,n,n,n,n,n,n,n,n,n,n,n,n,n,n
e)pakolouqe/w,n,n,n,n,n,n,n,n,n,n,n,n,n,n,n,n,n
prosanati/qhmi,n,n,n,n,n,n,n,n,n,n,n,n,n,n,n,n,n
i(store/w,n,n,n,n,n,n,n,n,n,n,n,n,n,n,n,n,n
kataskope/w,n,n,n,n,n,n,n,n,n,n,n,n,n,n,n,n,n
katadoulo/w,n,n,n,n,n,n,n,n,n,n,n,n,n,n,n,n,n
ei)/kw,n,n,n,n,n,n,n,n,n,n,n,n,n,n,n,n,n
kataginw/skw,n,n,n,n,n,n,n,n,n,n,n,n,n,n,n,n,n
sunupokri/nomai,n,n,n,n,n,n,n,n,n,n,n,n,n,n,n,n,n
sunapa/gw,n,n,n,n,n,n,n,n,n,n,n,n,n,n,n,n,n
o)rqopode/w,n,n,n,n,n,n,n,n,n,n,n,n,n,n,n,n,n
i)oudai/+zw,n,n,n,n,n,n,n,n,n,n,n,n,n,n,n,n,n
sunista/nw,n,n,n,n,n,n,n,n,n,n,n,n,n,n,n,n,n
baskai/nw,n,n,n,n,n,n,n,n,n,n,n,n,n,n,n,n,n
e)pixorhge/w,n,n,n,n,n,n,n,n,n,n,n,n,n,n,n,n,n
proeuaggeli/zomai,n,n,n,n,n,n,n,n,n,n,n,n,n,n,n,n,n
e)cagora/zw,n,n,n,n,n,n,n,n,n,n,n,n,n,n,n,n,n
kuro/w,n,n,n,n,n,n,n,n,n,n,n,n,n,n,n,n,n
e)pidiata/ssomai,n,n,n,n,n,n,n,n,n,n,n,n,n,n,n,n,n
prokuro/w,n,n,n,n,n,n,n,n,n,n,n,n,n,n,n,n,n
e)kptu/w,n,n,n,n,n,n,n,n,n,n,n,n,n,n,n,n,n
a)lhqeu/w,n,n,n,n,n,n,n,n,n,n,n,n,n,n,n,n,n
morfo/w,n,n,n,n,n,n,n,n,n,n,n,n,n,n,n,n,n
a)llhgore/w,n,y,n,n,n,n,n,n,n,n,n,n,n,n,n,n,n
sustoixe/w,n,n,n,n,n,n,n,n,n,n,n,n,n,n,n,n,n
da/knw,n,n,n,n,n,n,n,n,n,n,n,n,n,n,n,n,n
prokale/omai,n,n,n,n,n,n,n,n,n,n,n,n,n,n,n,n,n
fqone/w,n,n,n,n,n,n,n,n,n,n,n,n,n,n,n,n,n
frenapata/w,n,n,n,n,n,n,n,n,n,n,n,n,n,n,n,n,n
mukthri/zw,n,n,n,n,n,n,n,n,n,n,n,n,n,n,n,n,n
eu)proswpe/w,n,n,n,n,n,n,n,n,n,n,n,n,n,n,n,n,n
klhro/w,n,n,n,n,n,n,n,n,n,n,n,n,n,n,n,n,n
proelpi/zw,n,n,n,n,n,n,n,n,n,n,n,n,n,n,n,n,n
u(perba/llw,n,n,n,n,n,n,n,n,n,n,n,n,n,n,n,n,n
suzwopoie/w,n,n,n,n,n,n,n,n,n,n,n,n,n,n,n,n,n
sunegei/rw,n,n,n,n,n,n,n,n,n,n,n,n,n,n,n,n,n
a)pallotrio/omai,n,n,n,n,n,n,n,n,n,n,n,n,n,n,n,n,n
a)pokatalla/ssw,n,n,n,n,n,n,n,n,n,n,n,n,n,n,n,n,n
sunarmologe/omai,n,n,n,n,n,n,n,n,n,n,n,n,n,n,n,n,n
au)/cw,n,n,n,n,n,n,n,n,n,n,n,n,n,n,n,n,n
sunoikodome/w,n,n,n,n,n,n,n,n,n,n,n,n,n,n,n,n,n
r(izo/omai,n,n,n,n,n,n,n,n,n,n,n,n,n,n,n,n,n
qemelio/w,n,n,n,n,n,n,n,n,n,n,n,n,n,n,n,n,n
e)cisxu/w,n,n,n,n,n,n,n,n,n,n,n,n,n,n,n,n,n
ai)xmalwteu/w,n,n,n,n,n,n,n,n,n,n,n,n,n,n,n,n,n
kludwni/zomai,n,n,n,n,n,n,n,n,n,n,n,n,n,n,n,n,n
a)palge/w,n,n,n,n,n,n,n,n,n,n,n,n,n,n,n,n,n
a)naneo/w,n,n,n,n,n,n,n,n,n,n,n,n,n,n,n,n,n
e)pidu/w,n,n,n,n,n,n,n,n,n,n,n,n,n,n,n,n,n
e)pifau/skw,n,n,n,n,n,n,n,n,n,n,n,n,n,n,n,n,n
e)ktre/fw,n,n,n,n,n,n,n,n,n,n,n,n,n,n,n,n,n
presbeu/w,n,n,n,n,n,n,n,n,n,n,n,n,n,n,n,n,n
a)nagenna/w,n,n,n,n,n,n,n,n,n,n,n,n,n,n,n,n,n
e)cerauna/w,n,n,n,n,n,n,n,n,n,n,n,n,n,n,n,n,n
promartu/romai,n,n,n,n,n,n,n,n,n,n,n,n,n,n,n,n,n
a)nazw/nnumi,n,n,n,n,n,n,n,n,n,n,n,n,n,n,n,n,n
e)popteu/w,n,n,n,n,n,n,n,n,n,n,n,n,n,n,n,n,n
u(polimpa/nw,n,n,n,n,n,n,n,n,n,n,n,n,n,n,n,n,n
a)ntiloidore/w,n,n,n,n,n,n,n,n,n,n,n,n,n,n,n,n,n
a)pogi/nomai,n,n,n,n,n,n,n,n,n,n,n,n,n,n,n,n,n
sunoike/w,n,n,n,n,n,n,n,n,n,n,n,n,n,n,n,n,n
a)pone/mw,n,n,n,n,n,n,n,n,n,n,n,n,n,n,n,n,n
o(pli/zomai,n,n,n,n,n,n,n,n,n,n,n,n,n,n,n,n,n
bio/w,n,n,n,n,n,n,n,n,n,n,n,n,n,n,n,n,n
xorhge/w,n,n,n,n,n,n,n,n,n,n,n,n,n,n,n,n,n
e)piskope/w,n,n,n,n,n,n,n,n,n,n,n,n,n,n,n,n,n
e)gkombo/omai,n,n,n,n,n,n,n,n,n,n,n,n,n,n,n,n,n
w)ru/omai,n,n,n,n,n,n,n,n,n,n,n,n,n,n,n,n,n
sqeno/w,n,n,n,n,n,n,n,n,n,n,n,n,n,n,n,n,n
e)pimarture/w,n,n,n,n,n,n,n,n,n,n,n,n,n,n,n,n,n
a)nazwpure/w,n,n,n,n,n,n,n,n,n,n,n,n,n,n,n,n,n
sugkakopaqe/w,n,n,n,n,n,n,n,n,n,n,n,n,n,n,n,n,n
a)nayu/xw,n,n,n,n,n,n,n,n,n,n,n,n,n,n,n,n,n
e)mple/komai,n,n,n,n,n,n,n,n,n,n,n,n,n,n,n,n,n
stratologe/w,n,n,n,n,n,n,n,n,n,n,n,n,n,n,n,n,n
a)qle/w,n,n,n,n,n,n,n,n,n,n,n,n,n,n,n,n,n
stefano/w,n,n,n,n,n,n,n,n,n,n,n,n,n,n,n,n,n
logomaxe/w,n,n,n,n,n,n,n,n,n,n,n,n,n,n,n,n,n
o)rqotome/w,n,n,n,n,n,n,n,n,n,n,n,n,n,n,n,n,n
a)stoxe/w,n,n,n,n,n,n,n,n,n,n,n,n,n,n,n,n,n
a)natre/pw,n,n,n,n,n,n,n,n,n,n,n,n,n,n,n,n,n
a)ntidiati/qemai,n,n,n,n,n,n,n,n,n,n,n,n,n,n,n,n,n
a)nanh/fw,n,n,n,n,n,n,n,n,n,n,n,n,n,n,n,n,n
tufo/omai,n,n,n,n,n,n,n,n,n,n,n,n,n,n,n,n,n
a)potre/pomai,n,n,y,n,n,n,n,n,n,n,n,n,n,n,n,n,n
e)ndu/nw,n,n,n,n,n,n,n,n,n,n,n,n,n,n,n,n,n
katafqei/rw,n,n,n,n,n,n,n,n,n,n,n,n,n,n,n,n,n
pisto/omai,n,n,n,n,n,n,n,n,n,n,n,n,n,n,n,n,n
sofi/zw,n,n,n,n,n,n,n,n,n,n,n,n,n,n,n,n,n
e)piswreu/w,n,n,n,n,n,n,n,n,n,n,n,n,n,n,n,n,n
knh/qomai,n,n,n,n,n,n,n,n,n,n,n,n,n,n,n,n,n
e)ktre/pomai,n,n,n,n,n,n,n,n,n,n,n,n,n,n,n,n,n
a)polei/pw,n,n,n,n,n,n,n,n,n,n,n,n,n,n,n,n,n
e)pidiorqo/w,n,n,n,n,n,n,n,n,n,n,n,n,n,n,n,n,n
e)pistomi/zw,n,n,n,n,n,n,n,n,n,n,n,n,n,n,n,n,n
swfroni/zw,n,n,n,n,n,n,n,n,n,n,n,n,n,n,n,n,n
perifrone/w,n,n,n,n,y,n,n,n,n,n,n,n,n,n,n,n,n
dia/gw,n,n,n,n,n,n,n,n,n,n,n,n,n,n,n,n,n
diabebaio/omai,n,n,n,n,n,n,n,n,n,n,n,n,n,n,n,n,n
fronti/zw,n,n,n,n,n,n,n,n,n,n,n,n,n,n,n,n,n
e)kstre/fomai,n,n,n,n,n,n,n,n,n,n,n,n,n,n,n,n,n
e)pagwni/zomai,n,n,n,n,n,n,n,n,n,n,n,n,n,n,n,n,n
pareisdu/w,n,n,n,n,n,n,n,n,n,n,n,n,n,n,n,n,n
e)kporneu/w,n,n,n,n,n,n,n,n,n,n,n,n,n,n,n,n,n
pro/keimai,n,n,n,n,n,n,n,n,n,n,n,n,n,n,n,n,n
u(pe/xw,n,n,n,n,n,n,n,n,n,n,n,n,n,n,n,n,n
suneuwxe/omai,n,n,n,n,n,n,n,n,n,n,n,n,n,n,n,n,n
e)pafri/zw,n,n,n,n,n,n,n,n,n,n,n,n,n,n,n,n,n
a)sebe/w,n,n,n,n,n,n,n,n,n,n,n,n,n,n,n,n,n
a)podiori/zw,n,n,n,n,n,n,n,n,n,n,n,n,n,n,n,n,n
filoprwteu/w,n,n,n,n,n,n,n,n,n,n,n,n,n,n,n,n,n
e)pide/xomai,n,n,n,n,n,n,n,n,n,n,n,n,n,n,n,n,n
fluare/w,n,n,n,n,n,n,n,n,n,n,n,n,n,n,n,n,n
e(terodidaskale/w,n,n,n,n,n,n,n,n,n,n,n,n,n,n,n,n,n
u(perpleona/zw,n,n,n,n,n,n,n,n,n,n,n,n,n,n,n,n,n
nauage/w,n,n,n,n,n,n,n,n,n,n,n,n,n,n,n,n,n
au)qente/w,n,n,n,n,n,n,n,n,n,n,n,n,n,n,n,n,n
o)re/gomai,n,n,n,n,n,n,n,n,n,n,n,n,n,n,n,n,n
bradu/nw,n,n,n,n,n,n,n,n,n,n,n,n,n,n,n,n,n
kausthria/zw,n,n,n,n,n,n,n,n,n,n,n,n,n,n,n,n,n
e)ntre/fomai,n,n,n,n,n,n,n,n,n,n,n,n,n,n,n,n,n
gumna/zw,n,n,y,n,n,n,n,n,n,n,n,n,n,n,n,n,n
a)mele/w,n,n,n,n,n,n,n,n,n,n,n,n,n,n,n,n,n
e)piplh/ssw,n,n,n,n,n,n,n,n,n,n,n,n,n,n,n,n,n
mono/omai,n,n,n,n,n,n,n,n,n,n,n,n,n,n,n,n,n
katale/gw,n,n,n,n,n,n,n,n,n,n,n,n,n,n,n,n,n
teknotrofe/w,n,n,n,n,n,n,n,n,n,n,n,n,n,n,n,n,n
cenodoxe/w,n,n,n,n,n,n,n,n,n,n,n,n,n,n,n,n,n
e)parke/w,n,n,n,n,n,n,n,n,n,n,n,n,n,n,n,n,n
katastrhnia/w,n,n,n,n,n,n,n,n,n,n,n,n,n,n,n,n,n
teknogone/w,n,n,n,n,n,n,n,n,n,n,n,n,n,n,n,n,n
oi)kodespote/w,n,n,n,n,n,n,n,n,n,n,n,n,n,n,n,n,n
u(dropote/w,n,n,n,n,n,n,n,n,n,n,n,n,n,n,n,n,n
nose/w,n,n,n,n,n,n,n,n,n,n,n,n,n,n,n,n,n
peripei/rw,n,n,n,n,n,n,n,n,n,n,n,n,n,n,n,n,n
u(yhlofrone/w,n,n,n,n,n,n,n,n,n,n,n,n,n,n,n,n,n
a)gaqoerge/w,n,n,n,n,n,n,n,n,n,n,n,n,n,n,n,n,n
a)poqhsauri/zw,n,n,n,n,n,n,n,n,n,n,n,n,n,n,n,n,n
deigmati/zw,n,n,n,n,n,n,n,n,n,n,n,n,n,n,n,n,n
e)nqume/omai,n,n,n,n,n,n,n,n,n,n,n,n,n,n,n,n,n
a)kribo/w,n,n,n,n,n,n,n,n,n,n,n,n,n,n,n,n,n
qumo/omai,n,n,n,n,n,n,n,n,n,n,n,n,n,n,n,n,n
diakaqari/zw,n,n,n,n,n,n,n,n,n,n,n,n,n,n,n,n,n
diakwlu/w,n,n,n,n,n,n,n,n,n,n,n,n,n,n,n,n,n
selhnia/zomai,n,n,n,n,n,n,n,n,n,n,n,n,n,n,n,n,n
dialla/ssomai,n,n,n,n,n,n,n,n,n,n,n,n,n,n,n,n,n
eu)noe/w,n,n,n,n,n,n,n,n,n,n,n,n,n,n,n,n,n
e)piorke/w,n,n,n,n,n,n,n,n,n,n,n,n,n,n,n,n,n
r(api/zw,n,n,n,n,n,n,n,n,n,n,n,n,n,n,n,n,n
battaloge/w,n,n,n,n,n,n,n,n,n,n,n,n,n,n,n,n,n
katamanqa/nw,n,n,n,n,n,n,n,n,n,n,n,n,n,n,n,n,n
ai(morroe/w,n,n,n,n,n,n,n,n,n,n,n,n,n,n,n,n,n
dixa/zw,n,n,n,n,n,n,n,n,n,n,n,n,n,n,n,n,n
ai(reti/zw,n,n,n,n,n,n,n,n,n,n,n,n,n,n,n,n,n
e)ri/zw,n,n,n,n,n,n,n,n,n,n,n,n,n,n,n,n,n
tu/fomai,n,n,n,n,n,n,n,n,n,n,n,n,n,n,n,n,n
e)pispei/rw,n,n,n,n,n,n,n,n,n,n,n,n,n,n,n,n,n
sunauca/nomai,n,n,n,n,n,n,n,n,n,n,n,n,n,n,n,n,n
e)gkru/ptw,n,n,n,n,n,n,n,n,n,n,n,n,n,n,n,n,n
e)reu/gomai,n,n,n,n,n,n,n,n,n,n,n,n,n,n,n,n,n
diasafe/w,n,n,n,n,n,n,n,n,n,n,n,n,n,n,n,n,n
e)kla/mpw,n,n,n,n,n,n,n,n,n,n,n,n,n,n,n,n,n
a)nabiba/zw,n,n,n,n,n,n,n,n,n,n,n,n,n,n,n,n,n
metai/rw,n,n,n,n,n,n,n,n,n,n,n,n,n,n,n,n,n
probiba/zw,n,n,n,n,n,n,n,n,n,n,n,n,n,n,n,n,n
kataponti/zomai,n,n,n,n,n,n,n,n,n,n,n,n,n,n,n,n,n
dista/zw,n,y,n,n,n,n,n,n,n,n,n,n,n,n,n,n,n
fra/zw,n,n,n,n,n,n,n,n,n,n,n,y,n,n,n,n,n
purra/zw,n,n,n,n,n,n,n,n,n,n,n,n,n,n,n,n,n
profqa/nw,n,n,n,n,n,n,n,n,n,n,n,n,n,n,n,n,n
sunai/rw,n,n,n,n,n,n,n,n,n,n,n,n,n,n,n,n,n
eu)nouxi/zw,n,n,n,n,n,n,n,n,n,n,n,n,n,n,n,n,n
misqo/omai,n,n,y,n,n,n,n,n,n,n,n,n,n,n,n,n,n
sunta/ssw,n,n,n,n,n,n,n,n,n,n,n,n,n,n,n,n,n
e)pikaqi/zw,n,n,n,n,n,n,n,n,n,n,n,n,n,n,n,n,n
metame/lomai,n,y,n,n,n,n,n,n,n,n,n,n,n,n,n,n,n
e)mpi/mprhmi,n,n,n,n,n,n,n,n,n,n,n,n,n,n,n,n,n
pagideu/w,n,n,n,n,n,n,n,n,n,n,n,n,n,n,n,n,n
e)pigambreu/w,n,n,n,n,n,n,n,n,n,n,n,n,n,n,n,n,n
platu/nw,n,n,n,n,n,n,n,n,n,n,n,n,n,n,n,n,n
diu+li/zw,n,n,n,n,n,n,n,n,n,n,n,n,n,n,n,n,n
paromoia/zw,n,n,n,n,n,n,n,n,n,n,n,n,n,n,n,n,n
yu/xomai,n,n,n,n,n,n,n,n,n,n,n,n,n,n,n,n,n
nusta/zw,n,n,n,n,n,n,n,n,n,n,n,n,n,n,n,n,n
e)corki/zw,n,n,n,n,n,n,n,n,n,n,n,n,n,n,n,n,n
kataqemati/zw,n,n,n,n,n,n,n,n,n,n,n,n,n,n,n,n,n
a)pa/gxomai,n,n,n,n,n,n,n,n,n,n,n,n,n,n,n,n,n
a)poni/ptw,n,n,n,n,n,n,n,n,n,n,n,n,n,n,n,n,n
a)naboa/w,n,n,n,n,n,n,n,n,n,n,n,n,n,n,n,n,n
a)pofeu/gw,n,n,n,n,n,n,n,n,n,n,n,n,n,n,n,n,n
pareisfe/rw,n,n,n,n,n,n,n,n,n,n,n,n,n,n,n,n,n
muwpa/zw,n,n,n,n,n,n,n,n,n,n,n,n,n,n,n,n,n
e)cakolouqe/w,n,n,n,n,n,n,n,n,n,n,n,n,n,n,n,n,n
diauga/zw,n,n,n,n,n,n,n,n,n,n,n,n,n,n,n,n,n
pareisa/gw,n,n,n,n,n,n,n,n,n,n,n,n,n,n,n,n,n
a)rge/w,n,n,n,n,n,n,n,n,n,n,n,n,n,n,n,n,n
tartaro/w,n,n,n,n,n,n,n,n,n,n,n,n,n,n,n,n,n
tefro/w,n,n,n,n,n,n,n,n,n,n,n,n,n,n,n,n,n
e)gkatoike/w,n,n,n,n,n,n,n,n,n,n,n,n,n,n,n,n,n
e)ntrufa/w,n,n,n,n,n,n,n,n,n,n,n,n,n,n,n,n,n
h(tta/omai,n,n,n,n,n,n,n,n,n,n,n,n,n,n,n,n,n
kataklu/zw,n,n,n,n,n,n,n,n,n,n,n,n,n,n,n,n,n
kauso/omai,n,n,n,n,n,n,n,n,n,n,n,n,n,n,n,n,n
th/komai,n,n,n,n,n,n,n,n,n,n,n,n,n,n,n,n,n
streblo/w,n,n,n,n,n,n,n,n,n,n,n,n,n,n,n,n,n
pararre/w,n,n,n,n,n,n,n,n,n,n,n,n,n,n,n,n,n
sunepimarture/w,n,n,n,n,n,n,n,n,n,n,n,n,n,n,n,n,n
prosoxqi/zw,n,n,n,y,n,n,n,n,n,n,n,n,n,n,n,n,n
parapikrai/nw,n,y,n,n,n,n,n,n,n,n,n,n,n,n,n,n,n
dii+kne/omai,n,n,n,n,n,n,n,n,n,n,n,n,n,n,n,n,n
traxhli/zomai,n,n,n,n,n,n,n,n,n,n,n,n,n,n,n,n,n
sumpaqe/w,n,n,n,n,n,n,n,n,n,n,n,n,n,n,n,n,n
metriopaqe/w,n,n,n,n,n,n,n,n,n,n,n,n,n,n,n,n,n
prosagoreu/w,n,n,n,n,n,n,n,n,n,n,n,n,n,n,n,n,n
kataba/llw,n,n,n,n,n,n,n,n,n,n,n,n,n,n,n,n,n
parapi/ptw,n,n,n,n,n,n,n,n,n,n,n,n,n,n,n,n,n
a)nakaini/zw,n,n,n,n,n,n,n,n,n,n,n,n,n,n,n,n,n
a)nastauro/w,n,n,n,n,n,n,n,n,n,n,n,n,n,n,n,n,n
paradeigmati/zw,n,n,n,n,n,n,n,n,n,n,n,n,n,n,n,n,n
gewrge/w,n,n,n,n,n,n,n,n,n,n,n,n,n,n,n,n,n
mesiteu/w,n,n,n,n,n,n,n,n,n,n,n,n,n,n,n,n,n
a)fomoio/w,n,n,n,n,n,n,n,n,n,n,n,n,n,n,n,n,n
genealoge/omai,n,n,n,n,n,n,n,n,n,n,n,n,n,n,n,n,n
dekato/w,n,n,n,n,n,n,n,n,n,n,n,n,n,n,n,n,n
nomoqete/omai,n,n,n,n,n,n,n,n,n,n,n,n,n,n,n,n,n
ph/gnumi,n,n,n,n,n,n,n,n,n,n,n,n,n,n,n,n,n
kataskia/zw,n,n,n,n,n,n,n,n,n,n,n,n,n,n,n,n,n
r(anti/zw,n,n,n,n,n,n,n,n,n,n,n,n,n,n,n,n,n
e)gkaini/zw,n,n,n,n,n,n,n,n,n,n,n,n,n,n,n,n,n
e)nubri/zw,n,n,n,n,n,n,n,n,n,n,n,n,n,n,n,n,n
qeatri/zw,n,n,n,n,n,n,n,n,n,n,n,n,n,n,n,n,n
eu)areste/w,n,n,n,n,n,n,n,n,n,n,n,n,n,n,n,n,n
eu)labe/omai,n,n,n,n,n,n,n,n,n,n,n,n,n,n,n,n,n
e)kbai/nw,n,n,n,n,n,n,n,n,n,n,n,n,n,n,n,n,n
sugkakouxe/omai,n,n,n,n,n,n,n,n,n,n,n,n,n,n,n,n,n
a)poble/pw,n,n,n,n,n,n,n,n,n,n,n,n,n,n,n,n,n
kartere/w,n,n,n,n,n,n,n,n,n,n,n,n,n,n,n,n,n
o)loqreu/w,n,n,n,n,n,n,n,n,n,n,n,n,n,n,n,n,n
qigga/nw,n,n,n,n,n,n,n,n,n,n,n,n,n,n,n,n,n
sunapo/llumai,n,n,n,n,n,n,n,n,n,n,n,n,n,n,n,n,n
e)pilei/pw,n,n,n,n,n,n,n,n,n,n,n,n,n,n,n,n,n
katagwni/zomai,n,n,n,n,n,n,n,n,n,n,n,n,n,n,n,n,n
dunamo/w,n,n,n,n,n,n,n,n,n,n,n,n,n,n,n,n,n
tumpani/zw,n,n,n,n,n,n,n,n,n,n,n,n,n,n,n,n,n
pri/zw,n,n,n,n,n,n,n,n,n,n,n,n,n,n,n,n,n
kakouxe/omai,n,n,n,n,n,n,n,n,n,n,n,n,n,n,n,n,n
proble/pomai,n,n,n,n,n,n,n,n,n,n,n,n,n,n,n,n,n
a)nalogi/zomai,n,n,n,n,n,n,n,n,n,n,n,n,n,n,n,n,n
a)ntikaqi/sthmi,n,n,n,n,n,n,n,n,n,n,n,n,n,n,n,n,n
a)ntagwni/zomai,n,n,n,n,n,n,n,n,n,n,n,n,n,n,n,n,n
e)klanqa/nw,n,n,n,n,n,n,n,n,n,n,n,n,n,n,n,n,n
o)ligwre/w,n,n,n,n,n,n,n,n,n,n,n,n,n,n,n,n,n
pari/hmi,n,n,n,n,n,n,n,n,n,n,n,n,n,n,n,n,n
fanta/zomai,n,n,n,n,n,n,n,n,n,n,n,n,n,n,n,n,n
katanali/skw,n,n,n,n,n,n,n,n,n,n,n,n,n,n,n,n,n
sunde/omai,n,n,n,n,n,n,n,n,n,n,n,n,n,n,n,n,n
qarre/w,n,n,n,n,n,n,n,n,n,n,n,n,n,n,n,n,n
u(pei/kw,n,n,n,n,n,n,n,n,n,n,n,n,n,n,n,n,n
proakou/w,n,n,n,n,n,n,n,n,n,n,n,n,n,n,n,n,n
i(kano/w,n,n,n,n,n,n,n,n,n,n,n,n,n,n,n,n,n
prwteu/w,n,n,n,n,n,n,n,n,n,n,n,n,n,n,n,n,n
ei)rhnopoie/w,n,n,n,n,n,n,n,n,n,n,n,n,n,n,n,n,n
metakine/w,n,n,n,n,n,n,n,n,n,n,n,n,n,n,n,n,n
a)ntanaplhro/w,n,n,n,n,n,n,n,n,n,n,n,n,n,n,n,n,n
sulagwge/w,n,n,n,n,n,n,n,n,n,n,n,n,n,n,n,n,n
proshlo/w,n,n,n,n,n,n,n,n,n,n,n,n,n,n,n,n,n
a)pekdu/omai,n,n,n,n,n,n,n,n,n,n,n,n,n,n,n,n,n
qriambeu/w,n,n,n,n,n,n,n,n,n,n,n,n,n,n,n,n,n
katabrabeu/w,n,n,n,n,n,n,n,n,n,n,n,n,n,n,n,n,n
e)mbateu/w,n,n,n,n,n,n,n,n,n,n,n,n,n,n,n,n,n
dogmati/zomai,n,n,n,n,n,n,n,n,n,n,n,n,n,n,n,n,n
a)nakaino/w,n,n,n,n,n,n,n,n,n,n,n,n,n,n,n,n,n
brabeu/w,n,n,n,n,n,n,n,n,n,n,n,n,n,n,n,n,n
e)reqi/zw,n,n,n,n,n,n,n,n,n,n,n,n,n,n,n,n,n
a)qume/w,n,n,n,n,n,n,n,n,n,n,n,n,n,n,n,n,n
e)capore/omai,n,n,n,n,n,n,n,n,n,n,n,n,n,n,n,n,n
sunupourge/w,n,n,n,n,n,n,n,n,n,n,n,n,n,n,n,n,n
kaphleu/w,n,n,n,n,n,n,n,n,n,n,n,n,n,n,n,n,n
e)ntupo/w,n,n,n,n,n,n,n,n,n,n,n,n,n,n,n,n,n
a)nakalu/ptw,n,n,n,n,n,n,n,n,n,n,n,n,n,n,n,n,n
katoptri/zomai,n,n,n,n,n,n,n,n,n,n,n,n,n,n,n,n,n
a)pei=pon,n,n,n,n,n,n,n,n,n,n,n,n,n,n,n,n,n
dolo/w,n,n,n,n,n,n,n,n,n,n,n,n,n,n,n,n,n
au)ga/zw,n,n,n,n,n,n,n,n,n,n,n,n,n,n,n,n,n
stenoxwre/omai,n,n,n,n,n,n,n,n,n,n,n,n,n,n,n,n,n
e)pendu/omai,n,n,n,n,n,n,n,n,n,n,n,n,n,n,n,n,n
e)ndhme/w,n,n,n,n,n,n,n,n,n,n,n,n,n,n,n,n,n
e)kdhme/w,n,n,n,n,n,n,n,n,n,n,n,n,n,n,n,n,n
e)pakou/w,n,n,n,n,n,n,n,n,n,n,n,n,n,n,n,n,n
mwma/omai,n,n,n,n,n,n,n,n,n,n,n,n,n,n,n,n,n
e(terozuge/w,n,n,n,y,n,n,n,n,n,n,n,n,n,n,n,n,n
e)mperipate/w,n,n,n,n,n,n,n,n,n,n,n,n,n,n,n,n,n
ei)sde/xomai,n,n,y,n,n,n,n,n,n,n,n,n,n,n,n,n,n
proena/rxomai,n,n,n,n,n,n,n,n,n,n,n,n,n,n,n,n,n
ptwxeu/w,n,n,n,n,n,n,n,n,n,n,n,n,n,n,n,n,n
e)lattone/w,n,n,n,n,n,n,n,n,n,n,n,n,n,n,n,n,n
sumpe/mpw,n,n,n,n,n,n,n,n,n,n,n,n,n,n,n,n,n
prokatarti/zw,n,n,n,n,n,n,n,n,n,n,n,n,n,n,n,n,n
proaire/omai,n,n,n,n,n,n,n,n,n,n,n,n,n,n,n,n,n
prosanaplhro/w,n,n,n,n,n,n,n,n,n,n,n,n,n,n,n,n,n
e)kfobe/w,n,n,n,n,n,n,n,n,n,n,n,n,n,n,n,n,n
e)gkri/nw,n,n,n,n,n,n,n,n,n,n,n,n,n,n,n,n,n
e)fikne/omai,n,n,n,n,n,n,n,n,n,n,n,n,n,n,n,n,n
u(perektei/nw,n,n,n,n,n,n,n,n,n,n,n,n,n,n,n,n,n
a(rmo/zomai,n,n,n,n,n,n,n,n,n,n,n,n,n,n,n,n,n
sula/w,n,n,n,n,n,n,n,n,n,n,n,n,n,n,n,n,n
katanarka/w,n,n,n,n,n,n,n,n,n,n,n,n,n,n,n,n,n
parafrone/w,n,y,n,n,n,n,n,n,n,n,n,n,n,n,n,n,n
e)piskhno/w,n,n,n,n,n,n,n,n,n,n,n,n,n,n,n,n,n
e)kdapana/omai,n,n,n,n,n,n,n,n,n,n,n,n,n,n,n,n,n
katabare/w,n,n,n,n,n,n,n,n,n,n,n,n,n,n,n,n,n
sunaposte/llw,n,n,n,n,n,n,n,n,n,n,n,n,n,n,n,n,n
proamarta/nw,n,n,n,n,n,n,n,n,n,n,n,n,n,n,n,n,n
deu=ro,n,y,n,n,n,n,n,n,n,n,n,n,n,n,n,n,n
deu=te,n,y,n,n,n,n,n,n,n,n,n,n,n,n,n,n,n
